
IOUFirmware.elf:     file format elf32-avr

Sections:
Idx Name          Size      VMA       LMA       File off  Algn
  0 .data         00000a04  00800100  000064e6  0000657a  2**0
                  CONTENTS, ALLOC, LOAD, DATA
  1 .text         000064e6  00000000  00000000  00000094  2**1
                  CONTENTS, ALLOC, LOAD, READONLY, CODE
  2 .bss          00000350  00800b04  00800b04  00006f7e  2**0
                  ALLOC
  3 .comment      0000005c  00000000  00000000  00006f7e  2**0
                  CONTENTS, READONLY
  4 .note.gnu.avr.deviceinfo 0000003c  00000000  00000000  00006fdc  2**2
                  CONTENTS, READONLY
  5 .debug_aranges 000009c0  00000000  00000000  00007018  2**0
                  CONTENTS, READONLY, DEBUGGING
  6 .debug_info   00009bcb  00000000  00000000  000079d8  2**0
                  CONTENTS, READONLY, DEBUGGING
  7 .debug_abbrev 00002b52  00000000  00000000  000115a3  2**0
                  CONTENTS, READONLY, DEBUGGING
  8 .debug_line   00009082  00000000  00000000  000140f5  2**0
                  CONTENTS, READONLY, DEBUGGING
  9 .debug_frame  00001a98  00000000  00000000  0001d178  2**2
                  CONTENTS, READONLY, DEBUGGING
 10 .debug_str    0000e2fa  00000000  00000000  0001ec10  2**0
                  CONTENTS, READONLY, DEBUGGING
 11 .debug_loc    00006b35  00000000  00000000  0002cf0a  2**0
                  CONTENTS, READONLY, DEBUGGING
 12 .debug_ranges 00000840  00000000  00000000  00033a3f  2**0
                  CONTENTS, READONLY, DEBUGGING
 13 .debug_macro  000061f1  00000000  00000000  0003427f  2**0
                  CONTENTS, READONLY, DEBUGGING

Disassembly of section .text:

00000000 <__vectors>:
       0:	0c 94 85 09 	jmp	0x130a	; 0x130a <__ctors_end>
       4:	0c 94 a2 09 	jmp	0x1344	; 0x1344 <__bad_interrupt>
       8:	0c 94 a2 09 	jmp	0x1344	; 0x1344 <__bad_interrupt>
       c:	0c 94 a2 09 	jmp	0x1344	; 0x1344 <__bad_interrupt>
      10:	0c 94 a2 09 	jmp	0x1344	; 0x1344 <__bad_interrupt>
      14:	0c 94 a2 09 	jmp	0x1344	; 0x1344 <__bad_interrupt>
      18:	0c 94 a2 09 	jmp	0x1344	; 0x1344 <__bad_interrupt>
      1c:	0c 94 a2 09 	jmp	0x1344	; 0x1344 <__bad_interrupt>
      20:	0c 94 a2 09 	jmp	0x1344	; 0x1344 <__bad_interrupt>
      24:	0c 94 a2 09 	jmp	0x1344	; 0x1344 <__bad_interrupt>
      28:	0c 94 a2 09 	jmp	0x1344	; 0x1344 <__bad_interrupt>
      2c:	0c 94 a2 09 	jmp	0x1344	; 0x1344 <__bad_interrupt>
      30:	0c 94 a2 09 	jmp	0x1344	; 0x1344 <__bad_interrupt>
      34:	0c 94 a2 09 	jmp	0x1344	; 0x1344 <__bad_interrupt>
      38:	0c 94 a2 09 	jmp	0x1344	; 0x1344 <__bad_interrupt>
      3c:	0c 94 67 28 	jmp	0x50ce	; 0x50ce <__vector_15>
      40:	0c 94 a2 09 	jmp	0x1344	; 0x1344 <__bad_interrupt>
      44:	0c 94 a2 09 	jmp	0x1344	; 0x1344 <__bad_interrupt>
      48:	0c 94 f0 1b 	jmp	0x37e0	; 0x37e0 <__vector_18>
      4c:	0c 94 34 1c 	jmp	0x3868	; 0x3868 <__vector_19>
      50:	0c 94 a2 09 	jmp	0x1344	; 0x1344 <__bad_interrupt>
      54:	0c 94 a2 09 	jmp	0x1344	; 0x1344 <__bad_interrupt>
      58:	0c 94 a2 09 	jmp	0x1344	; 0x1344 <__bad_interrupt>
      5c:	0c 94 a2 09 	jmp	0x1344	; 0x1344 <__bad_interrupt>
      60:	0c 94 a2 09 	jmp	0x1344	; 0x1344 <__bad_interrupt>
      64:	0c 94 a2 09 	jmp	0x1344	; 0x1344 <__bad_interrupt>
      68:	0c 94 a2 09 	jmp	0x1344	; 0x1344 <__bad_interrupt>
      6c:	0c 94 a2 09 	jmp	0x1344	; 0x1344 <__bad_interrupt>
      70:	0c 94 a2 09 	jmp	0x1344	; 0x1344 <__bad_interrupt>
      74:	0c 94 a2 09 	jmp	0x1344	; 0x1344 <__bad_interrupt>
      78:	0c 94 67 1c 	jmp	0x38ce	; 0x38ce <__vector_30>
      7c:	0c 94 ae 1c 	jmp	0x395c	; 0x395c <__vector_31>
      80:	0c 94 a2 09 	jmp	0x1344	; 0x1344 <__bad_interrupt>
      84:	0c 94 d2 19 	jmp	0x33a4	; 0x33a4 <__vector_33>
      88:	0c 94 a2 09 	jmp	0x1344	; 0x1344 <__bad_interrupt>
      8c:	1c 13       	cpse	r17, r28
      8e:	1f 13       	cpse	r17, r31
      90:	22 13       	cpse	r18, r18
      92:	25 13       	cpse	r18, r21
      94:	28 13       	cpse	r18, r24
      96:	2b 13       	cpse	r18, r27
      98:	2e 13       	cpse	r18, r30
      9a:	31 13       	cpse	r19, r17
      9c:	34 13       	cpse	r19, r20
      9e:	4b 13       	cpse	r20, r27
      a0:	4b 13       	cpse	r20, r27
      a2:	4b 13       	cpse	r20, r27
      a4:	37 13       	cpse	r19, r23
      a6:	3a 13       	cpse	r19, r26
      a8:	3d 13       	cpse	r19, r29
      aa:	40 13       	cpse	r20, r16
      ac:	43 13       	cpse	r20, r19
      ae:	46 13       	cpse	r20, r22
      b0:	49 13       	cpse	r20, r25
      b2:	de 1a       	sub	r13, r30
      b4:	e2 1a       	sub	r14, r18
      b6:	e2 1a       	sub	r14, r18
      b8:	e2 1a       	sub	r14, r18
      ba:	e2 1a       	sub	r14, r18
      bc:	e2 1a       	sub	r14, r18
      be:	e2 1a       	sub	r14, r18
      c0:	e2 1a       	sub	r14, r18
      c2:	f2 19       	sub	r31, r2
      c4:	e2 1a       	sub	r14, r18
      c6:	e2 1a       	sub	r14, r18
      c8:	e2 1a       	sub	r14, r18
      ca:	e2 1a       	sub	r14, r18
      cc:	e2 1a       	sub	r14, r18
      ce:	e2 1a       	sub	r14, r18
      d0:	e2 1a       	sub	r14, r18
      d2:	f2 19       	sub	r31, r2
      d4:	e2 1a       	sub	r14, r18
      d6:	e2 1a       	sub	r14, r18
      d8:	e2 1a       	sub	r14, r18
      da:	e2 1a       	sub	r14, r18
      dc:	e2 1a       	sub	r14, r18
      de:	e2 1a       	sub	r14, r18
      e0:	e2 1a       	sub	r14, r18
      e2:	fa 19       	sub	r31, r10
      e4:	e2 1a       	sub	r14, r18
      e6:	e2 1a       	sub	r14, r18
      e8:	e2 1a       	sub	r14, r18
      ea:	e2 1a       	sub	r14, r18
      ec:	e2 1a       	sub	r14, r18
      ee:	e2 1a       	sub	r14, r18
      f0:	e2 1a       	sub	r14, r18
      f2:	20 1a       	sub	r2, r16
      f4:	e2 1a       	sub	r14, r18
      f6:	e2 1a       	sub	r14, r18
      f8:	e2 1a       	sub	r14, r18
      fa:	e2 1a       	sub	r14, r18
      fc:	e2 1a       	sub	r14, r18
      fe:	e2 1a       	sub	r14, r18
     100:	e2 1a       	sub	r14, r18
     102:	fa 19       	sub	r31, r10
     104:	e2 1a       	sub	r14, r18
     106:	e2 1a       	sub	r14, r18
     108:	e2 1a       	sub	r14, r18
     10a:	e2 1a       	sub	r14, r18
     10c:	e2 1a       	sub	r14, r18
     10e:	e2 1a       	sub	r14, r18
     110:	e2 1a       	sub	r14, r18
     112:	26 1a       	sub	r2, r22
     114:	e2 1a       	sub	r14, r18
     116:	e2 1a       	sub	r14, r18
     118:	e2 1a       	sub	r14, r18
     11a:	e2 1a       	sub	r14, r18
     11c:	e2 1a       	sub	r14, r18
     11e:	e2 1a       	sub	r14, r18
     120:	e2 1a       	sub	r14, r18
     122:	2c 1a       	sub	r2, r28
     124:	e2 1a       	sub	r14, r18
     126:	e2 1a       	sub	r14, r18
     128:	e2 1a       	sub	r14, r18
     12a:	e2 1a       	sub	r14, r18
     12c:	e2 1a       	sub	r14, r18
     12e:	e2 1a       	sub	r14, r18
     130:	e2 1a       	sub	r14, r18
     132:	3e 1a       	sub	r3, r30
     134:	e2 1a       	sub	r14, r18
     136:	e2 1a       	sub	r14, r18
     138:	e2 1a       	sub	r14, r18
     13a:	e2 1a       	sub	r14, r18
     13c:	e2 1a       	sub	r14, r18
     13e:	e2 1a       	sub	r14, r18
     140:	e2 1a       	sub	r14, r18
     142:	68 1a       	sub	r6, r24
     144:	e2 1a       	sub	r14, r18
     146:	e2 1a       	sub	r14, r18
     148:	e2 1a       	sub	r14, r18
     14a:	e2 1a       	sub	r14, r18
     14c:	e2 1a       	sub	r14, r18
     14e:	e2 1a       	sub	r14, r18
     150:	e2 1a       	sub	r14, r18
     152:	32 1a       	sub	r3, r18
     154:	e2 1a       	sub	r14, r18
     156:	e2 1a       	sub	r14, r18
     158:	e2 1a       	sub	r14, r18
     15a:	e2 1a       	sub	r14, r18
     15c:	e2 1a       	sub	r14, r18
     15e:	e2 1a       	sub	r14, r18
     160:	e2 1a       	sub	r14, r18
     162:	4c 1a       	sub	r4, r28
     164:	e2 1a       	sub	r14, r18
     166:	e2 1a       	sub	r14, r18
     168:	e2 1a       	sub	r14, r18
     16a:	e2 1a       	sub	r14, r18
     16c:	e2 1a       	sub	r14, r18
     16e:	e2 1a       	sub	r14, r18
     170:	e2 1a       	sub	r14, r18
     172:	6b 1a       	sub	r6, r27
     174:	e2 1a       	sub	r14, r18
     176:	e2 1a       	sub	r14, r18
     178:	e2 1a       	sub	r14, r18
     17a:	e2 1a       	sub	r14, r18
     17c:	e2 1a       	sub	r14, r18
     17e:	e2 1a       	sub	r14, r18
     180:	e2 1a       	sub	r14, r18
     182:	6b 1a       	sub	r6, r27
     184:	e2 1a       	sub	r14, r18
     186:	e2 1a       	sub	r14, r18
     188:	e2 1a       	sub	r14, r18
     18a:	e2 1a       	sub	r14, r18
     18c:	e2 1a       	sub	r14, r18
     18e:	e2 1a       	sub	r14, r18
     190:	e2 1a       	sub	r14, r18
     192:	6b 1a       	sub	r6, r27
     194:	e2 1a       	sub	r14, r18
     196:	e2 1a       	sub	r14, r18
     198:	e2 1a       	sub	r14, r18
     19a:	e2 1a       	sub	r14, r18
     19c:	e2 1a       	sub	r14, r18
     19e:	e2 1a       	sub	r14, r18
     1a0:	e2 1a       	sub	r14, r18
     1a2:	6b 1a       	sub	r6, r27
     1a4:	e2 1a       	sub	r14, r18
     1a6:	e2 1a       	sub	r14, r18
     1a8:	e2 1a       	sub	r14, r18
     1aa:	e2 1a       	sub	r14, r18
     1ac:	e2 1a       	sub	r14, r18
     1ae:	e2 1a       	sub	r14, r18
     1b0:	e2 1a       	sub	r14, r18
     1b2:	74 1a       	sub	r7, r20
     1b4:	e2 1a       	sub	r14, r18
     1b6:	e2 1a       	sub	r14, r18
     1b8:	e2 1a       	sub	r14, r18
     1ba:	e2 1a       	sub	r14, r18
     1bc:	e2 1a       	sub	r14, r18
     1be:	e2 1a       	sub	r14, r18
     1c0:	e2 1a       	sub	r14, r18
     1c2:	a5 1a       	sub	r10, r21
     1c4:	e2 1a       	sub	r14, r18
     1c6:	e2 1a       	sub	r14, r18
     1c8:	e2 1a       	sub	r14, r18
     1ca:	e2 1a       	sub	r14, r18
     1cc:	e2 1a       	sub	r14, r18
     1ce:	e2 1a       	sub	r14, r18
     1d0:	e2 1a       	sub	r14, r18
     1d2:	74 1a       	sub	r7, r20
     1d4:	e2 1a       	sub	r14, r18
     1d6:	e2 1a       	sub	r14, r18
     1d8:	e2 1a       	sub	r14, r18
     1da:	e2 1a       	sub	r14, r18
     1dc:	e2 1a       	sub	r14, r18
     1de:	e2 1a       	sub	r14, r18
     1e0:	e2 1a       	sub	r14, r18
     1e2:	a5 1a       	sub	r10, r21
     1e4:	e2 1a       	sub	r14, r18
     1e6:	e2 1a       	sub	r14, r18
     1e8:	e2 1a       	sub	r14, r18
     1ea:	e2 1a       	sub	r14, r18
     1ec:	e2 1a       	sub	r14, r18
     1ee:	e2 1a       	sub	r14, r18
     1f0:	e2 1a       	sub	r14, r18
     1f2:	8c 1a       	sub	r8, r28
     1f4:	e2 1a       	sub	r14, r18
     1f6:	e2 1a       	sub	r14, r18
     1f8:	e2 1a       	sub	r14, r18
     1fa:	e2 1a       	sub	r14, r18
     1fc:	e2 1a       	sub	r14, r18
     1fe:	e2 1a       	sub	r14, r18
     200:	e2 1a       	sub	r14, r18
     202:	a9 1a       	sub	r10, r25
     204:	e2 1a       	sub	r14, r18
     206:	e2 1a       	sub	r14, r18
     208:	e2 1a       	sub	r14, r18
     20a:	e2 1a       	sub	r14, r18
     20c:	e2 1a       	sub	r14, r18
     20e:	e2 1a       	sub	r14, r18
     210:	e2 1a       	sub	r14, r18
     212:	a9 1a       	sub	r10, r25
     214:	e2 1a       	sub	r14, r18
     216:	e2 1a       	sub	r14, r18
     218:	e2 1a       	sub	r14, r18
     21a:	e2 1a       	sub	r14, r18
     21c:	e2 1a       	sub	r14, r18
     21e:	e2 1a       	sub	r14, r18
     220:	e2 1a       	sub	r14, r18
     222:	be 1a       	sub	r11, r30
     224:	e2 1a       	sub	r14, r18
     226:	e2 1a       	sub	r14, r18
     228:	e2 1a       	sub	r14, r18
     22a:	e2 1a       	sub	r14, r18
     22c:	e2 1a       	sub	r14, r18
     22e:	e2 1a       	sub	r14, r18
     230:	e2 1a       	sub	r14, r18
     232:	d8 1a       	sub	r13, r24
     234:	e2 1a       	sub	r14, r18
     236:	e2 1a       	sub	r14, r18
     238:	e2 1a       	sub	r14, r18
     23a:	e2 1a       	sub	r14, r18
     23c:	e2 1a       	sub	r14, r18
     23e:	e2 1a       	sub	r14, r18
     240:	e2 1a       	sub	r14, r18
     242:	d8 1a       	sub	r13, r24
     244:	11 20       	and	r1, r1
     246:	16 20       	and	r1, r6
     248:	16 20       	and	r1, r6
     24a:	16 20       	and	r1, r6
     24c:	16 20       	and	r1, r6
     24e:	16 20       	and	r1, r6
     250:	16 20       	and	r1, r6
     252:	16 20       	and	r1, r6
     254:	16 20       	and	r1, r6
     256:	16 20       	and	r1, r6
     258:	16 20       	and	r1, r6
     25a:	6f 1d       	adc	r22, r15
     25c:	6f 1d       	adc	r22, r15
     25e:	6f 1d       	adc	r22, r15
     260:	6f 1d       	adc	r22, r15
     262:	6f 1d       	adc	r22, r15
     264:	6f 1d       	adc	r22, r15
     266:	6f 1d       	adc	r22, r15
     268:	6f 1d       	adc	r22, r15
     26a:	6f 1d       	adc	r22, r15
     26c:	6f 1d       	adc	r22, r15
     26e:	16 20       	and	r1, r6
     270:	16 20       	and	r1, r6
     272:	16 20       	and	r1, r6
     274:	16 20       	and	r1, r6
     276:	16 20       	and	r1, r6
     278:	16 20       	and	r1, r6
     27a:	16 20       	and	r1, r6
     27c:	16 20       	and	r1, r6
     27e:	16 20       	and	r1, r6
     280:	16 20       	and	r1, r6
     282:	16 20       	and	r1, r6
     284:	16 20       	and	r1, r6
     286:	16 20       	and	r1, r6
     288:	16 20       	and	r1, r6
     28a:	16 20       	and	r1, r6
     28c:	16 20       	and	r1, r6
     28e:	16 20       	and	r1, r6
     290:	16 20       	and	r1, r6
     292:	16 20       	and	r1, r6
     294:	16 20       	and	r1, r6
     296:	16 20       	and	r1, r6
     298:	16 20       	and	r1, r6
     29a:	16 20       	and	r1, r6
     29c:	16 20       	and	r1, r6
     29e:	16 20       	and	r1, r6
     2a0:	16 20       	and	r1, r6
     2a2:	16 20       	and	r1, r6
     2a4:	16 20       	and	r1, r6
     2a6:	16 20       	and	r1, r6
     2a8:	16 20       	and	r1, r6
     2aa:	a1 1e       	adc	r10, r17
     2ac:	16 20       	and	r1, r6
     2ae:	16 20       	and	r1, r6
     2b0:	16 20       	and	r1, r6
     2b2:	16 20       	and	r1, r6
     2b4:	16 20       	and	r1, r6
     2b6:	16 20       	and	r1, r6
     2b8:	16 20       	and	r1, r6
     2ba:	16 20       	and	r1, r6
     2bc:	16 20       	and	r1, r6
     2be:	16 20       	and	r1, r6
     2c0:	ae 1d       	adc	r26, r14
     2c2:	c5 1d       	adc	r28, r5
     2c4:	16 20       	and	r1, r6
     2c6:	16 20       	and	r1, r6
     2c8:	16 20       	and	r1, r6
     2ca:	16 20       	and	r1, r6
     2cc:	c5 1d       	adc	r28, r5
     2ce:	16 20       	and	r1, r6
     2d0:	16 20       	and	r1, r6
     2d2:	16 20       	and	r1, r6
     2d4:	16 20       	and	r1, r6
     2d6:	16 20       	and	r1, r6
     2d8:	16 20       	and	r1, r6
     2da:	a1 1e       	adc	r10, r17
     2dc:	16 20       	and	r1, r6
     2de:	16 20       	and	r1, r6
     2e0:	04 1e       	adc	r0, r20
     2e2:	16 20       	and	r1, r6
     2e4:	83 1e       	adc	r8, r19
     2e6:	16 20       	and	r1, r6
     2e8:	16 20       	and	r1, r6
     2ea:	a1 1e       	adc	r10, r17

000002ec <__trampolines_end>:
     2ec:	6e 61       	ori	r22, 0x1E	; 30
     2ee:	6e 00       	.word	0x006e	; ????

000002f0 <__c.2332>:
     2f0:	69 6e 66 00 00 40 7a 10 f3 5a 00 a0 72 4e 18 09     inf..@z..Z..rN..
     300:	00 10 a5 d4 e8 00 00 e8 76 48 17 00 00 e4 0b 54     ........vH.....T
     310:	02 00 00 ca 9a 3b 00 00 00 e1 f5 05 00 00 80 96     .....;..........
     320:	98 00 00 00 40 42 0f 00 00 00 a0 86 01 00 00 00     ....@B..........
     330:	10 27 00 00 00 00 e8 03 00 00 00 00 64 00 00 00     .'..........d...
     340:	00 00 0a 00 00 00 00 00 01 00 00 00 00 00 2c 76     ..............,v
     350:	d8 88 dc 67 4f 08 23 df c1 df ae 59 e1 b1 b7 96     ...gO.#....Y....
     360:	e5 e3 e4 53 c6 3a e6 51 99 76 96 e8 e6 c2 84 26     ...S.:.Q.v.....&
     370:	eb 89 8c 9b 62 ed 40 7c 6f fc ef bc 9c 9f 40 f2     ....b.@|o.....@.
     380:	ba a5 6f a5 f4 90 05 5a 2a f7 5c 93 6b 6c f9 67     ..o....Z*.\.kl.g
     390:	6d c1 1b fc e0 e4 0d 47 fe f5 20 e6 b5 00 d0 ed     m......G.. .....
     3a0:	90 2e 03 00 94 35 77 05 00 80 84 1e 08 00 00 20     .....5w........ 
     3b0:	4e 0a 00 00 00 c8 0c 33 33 33 33 0f 98 6e 12 83     N......3333..n..
     3c0:	11 41 ef 8d 21 14 89 3b e6 55 16 cf fe e6 db 18     .A..!..;.U......
     3d0:	d1 84 4b 38 1b f7 7c 1d 90 1d a4 bb e4 24 20 32     ..K8..|......$ 2
     3e0:	84 72 5e 22 81 00 c9 f1 24 ec a1 e5 3d 27           .r^"....$...='

000003ee <SPLASH>:
     3ee:	2e 2e 2e 2e 2e 2e 2e 2e 2e 2e 2e 2e 2e 2e 2e 2e     ................
     3fe:	2e 2e 2e 2e 2e 2e 2e 2e 2e 2e 2e 2e 2e 2e 2e 2e     ................
     40e:	2e 2e 2e 2e 2e 2e 2e 2e 2e 2e 2e 2e 2e 2e 2e 2e     ................
     41e:	2e 2e 2e 2e 2e 2e 2e 0d 0a 00 00 00 00 00 00 00     ................
     42e:	00 2e 2e 2e 2e 2e 2e 2e 2e 2e 2e 2e 2e 2e 2e 2e     ................
     43e:	2e 2e 2e 2e 2e 2e 2e 2e 2e 2e 2e 2e 2e 2e 2e 2e     ................
     44e:	2e 2e 2e 2e 2e 2e 2e 2e 2e 2e 2e 2e 2e 2e 2e 2e     ................
     45e:	2e 2e 2e 2e 2e 2e 2e 2e 0d 0a 00 00 00 00 00 00     ................
     46e:	00 00 2e 2e 20 20 20 20 20 20 20 20 20 20 20 20     ....            
     47e:	20 20 20 20 20 20 20 20 20 20 20 20 20 20 20 20                     
     48e:	20 20 20 20 20 20 20 20 20 20 20 20 20 20 20 20                     
     49e:	20 20 20 20 20 20 20 2e 2e 0d 0a 00 00 00 00 00            .........
     4ae:	00 00 00 2e 2e 20 20 20 20 20 20 20 20 20 20 20     .....           
     4be:	20 20 20 20 20 20 20 20 20 20 20 20 20 20 20 20                     
     4ce:	20 20 20 20 20 20 20 20 20 20 20 20 20 20 20 20                     
     4de:	20 20 20 20 20 20 20 20 2e 2e 0d 0a 00 00 00 00             ........
     4ee:	00 00 00 00 2e 2e 20 20 20 20 20 20 20 20 20 20     ......          
     4fe:	20 20 20 20 5f 5f 5f 5f 5f 20 20 20 20 20 20 20         _____       
     50e:	20 20 20 20 20 20 20 20 20 20 20 20 20 20 20 20                     
     51e:	20 20 20 20 20 20 20 20 20 2e 2e 0d 0a 00 00 00              .......
     52e:	00 00 00 00 00 2e 2e 20 20 20 20 20 20 20 20 20     .......         
     53e:	20 20 20 20 2f 20 5f 5f 5f 5f 7c 20 20 20 20 20         / ____|     
     54e:	20 20 20 20 20 20 20 20 20 20 20 20 20 20 20 20                     
     55e:	20 20 20 20 20 20 20 20 20 20 2e 2e 0d 0a 00 00               ......
     56e:	00 00 00 00 00 00 2e 2e 20 20 20 20 20 20 20 20     ........        
     57e:	20 20 20 20 7c 20 28 5f 5f 5f 20 20 5f 20 5f 5f         | (___  _ __
     58e:	20 20 20 5f 5f 20 5f 20 20 5f 5f 5f 20 5f 5f 5f        __ _  ___ ___
     59e:	20 20 20 20 20 20 20 20 20 20 20 2e 2e 0d 0a 00                .....
     5ae:	00 00 00 00 00 00 00 2e 2e 20 20 20 20 20 20 20     .........       
     5be:	20 20 20 20 20 20 5c 5f 5f 5f 20 5c 7c 20 27 5f           \___ \| '_
     5ce:	20 5c 20 2f 20 5f 60 20 7c 2f 20 5f 5f 2f 20 5f      \ / _` |/ __/ _
     5de:	20 5c 20 20 20 20 20 20 20 20 20 20 2e 2e 0d 0a      \          ....
	...
     5f6:	2e 2e 20 20 20 20 20 20 20 20 20 20 20 20 20 5f     ..             _
     606:	5f 5f 5f 29 20 7c 20 7c 5f 29 20 7c 20 28 5f 7c     ___) | |_) | (_|
     616:	20 7c 20 28 5f 7c 20 20 5f 5f 2f 20 20 20 20 20      | (_|  __/     
     626:	20 20 20 20 20 2e 2e 0d 0a 00 00 00 00 00 00 00          ...........
     636:	00 2e 2e 20 20 20 20 20 20 20 20 20 20 20 20 7c     ...            |
     646:	5f 5f 5f 5f 5f 2f 7c 20 2e 5f 5f 2f 20 5c 5f 5f     _____/| .__/ \__
     656:	2c 5f 7c 5c 5f 5f 5f 5c 5f 5f 5f 7c 20 20 20 20     ,_|\___\___|    
     666:	20 20 20 20 20 20 2e 2e 0d 0a 00 00 00 00 00 00           ..........
     676:	00 00 2e 2e 20 20 20 20 20 20 20 20 20 5f 20 20     ....         _  
     686:	20 20 20 20 5f 20 5f 7c 20 7c 20 5f 5f 5f 5f 5f         _ _| | _____
     696:	5f 5f 20 20 20 20 20 20 20 20 5f 20 20 20 20 20     __        _     
     6a6:	20 20 20 20 20 20 20 2e 2e 0d 0a 00 00 00 00 00            .........
     6b6:	00 00 00 2e 2e 20 20 20 20 20 20 20 20 7c 20 7c     .....        | |
     6c6:	20 20 20 20 28 5f 7c 5f 29 5f 7c 7c 5f 5f 20 20         (_|_)_||__  
     6d6:	20 5f 5f 7c 20 20 20 20 20 20 7c 20 7c 20 20 20      __|      | |   
     6e6:	20 20 20 20 20 20 20 20 2e 2e 0d 0a 00 00 00 00             ........
     6f6:	00 00 00 00 2e 2e 20 20 20 20 20 20 20 20 7c 20     ......        | 
     706:	7c 20 20 20 20 20 5f 20 5f 20 5f 20 5f 5f 20 7c     |     _ _ _ __ |
     716:	20 7c 20 5f 5f 5f 20 20 5f 5f 5f 7c 20 7c 5f 5f      | ___  ___| |__
     726:	20 20 20 20 20 20 20 20 20 2e 2e 0d 0a 00 00 00              .......
     736:	00 00 00 00 00 2e 2e 20 20 20 20 20 20 20 20 7c     .......        |
     746:	20 7c 20 20 20 20 7c 20 7c 20 7c 20 27 5f 20 5c      |    | | | '_ \
     756:	7c 20 7c 2f 20 5f 20 5c 2f 20 5f 5f 7c 20 27 5f     | |/ _ \/ __| '_
     766:	20 5c 20 20 20 20 20 20 20 20 2e 2e 0d 0a 00 00      \        ......
     776:	00 00 00 00 00 00 2e 2e 20 20 20 20 20 20 20 20     ........        
     786:	7c 20 7c 5f 5f 5f 5f 7c 20 7c 20 7c 20 7c 20 7c     | |____| | | | |
     796:	20 7c 20 7c 20 20 5f 5f 2f 20 28 5f 5f 7c 20 7c      | |  __/ (__| |
     7a6:	20 7c 20 7c 20 20 20 20 20 20 20 2e 2e 0d 0a 00      | |       .....
     7b6:	00 00 00 00 00 00 00 2e 2e 20 20 20 20 20 20 20     .........       
     7c6:	20 7c 5f 5f 5f 5f 5f 5f 7c 5f 7c 5f 7c 5f 7c 20      |______|_|_|_| 
     7d6:	7c 5f 7c 5f 7c 5c 5f 5f 5f 7c 5c 5f 5f 5f 7c 5f     |_|_|\___|\___|_
     7e6:	7c 20 7c 5f 7c 20 20 20 20 20 20 20 2e 2e 0d 0a     | |_|       ....
	...
     7fe:	2e 2e 20 20 20 20 20 20 20 20 20 20 20 20 20 20     ..              
     80e:	20 20 20 20 20 20 20 20 20 20 20 20 20 20 20 20                     
     81e:	20 20 20 20 20 20 20 20 20 20 20 20 20 20 20 20                     
     82e:	20 20 20 20 20 2e 2e 0d 0a 00 00 00 00 00 00 00          ...........
     83e:	00 2e 2e 20 20 20 20 20 20 20 20 20 20 20 20 20     ...             
     84e:	20 20 20 20 20 20 20 20 20 20 20 20 20 20 20 20                     
     85e:	20 20 20 20 20 20 20 20 20 20 20 20 20 20 20 20                     
     86e:	20 20 20 20 20 20 2e 2e 0d 0a 00 00 00 00 00 00           ..........
     87e:	00 00 2e 2e 20 20 20 20 5f 5f 5f 5f 5f 20 5f 5f     ....    _____ __
     88e:	5f 5f 20 20 5f 20 20 20 20 5f 20 20 5f 5f 20 20     __  _    _  __  
     89e:	20 20 5f 5f 5f 5f 20 20 20 5f 5f 5f 20 20 20 5f       ____   ___   _
     8ae:	5f 5f 20 20 20 20 20 2e 2e 0d 0a 00 00 00 00 00     __     .........
     8be:	00 00 00 2e 2e 20 20 20 7c 5f 20 20 20 5f 2f 20     .....   |_   _/ 
     8ce:	5f 5f 20 5c 7c 20 7c 20 20 7c 20 7c 20 5c 20 5c     __ \| |  | | \ \
     8de:	20 20 2f 20 2f 5f 20 7c 20 2f 20 5f 20 5c 20 2f       / /_ | / _ \ /
     8ee:	20 5f 20 5c 20 20 20 20 2e 2e 0d 0a 00 00 00 00      _ \    ........
     8fe:	00 00 00 00 2e 2e 20 20 20 20 20 7c 20 7c 7c 20     ......     | || 
     90e:	7c 20 20 7c 20 7c 20 7c 20 20 7c 20 7c 20 20 5c     |  | | |  | |  \
     91e:	20 5c 2f 20 2f 20 7c 20 7c 7c 20 7c 20 7c 20 7c      \/ / | || | | |
     92e:	20 7c 20 7c 20 7c 20 20 20 2e 2e 0d 0a 00 00 00      | | |   .......
     93e:	00 00 00 00 00 2e 2e 20 20 20 20 5f 7c 20 7c 7c     .......    _| ||
     94e:	20 7c 5f 5f 7c 20 7c 20 7c 5f 5f 7c 20 7c 20 20      |__| | |__| |  
     95e:	20 5c 20 20 2f 20 20 7c 20 7c 7c 20 7c 5f 7c 20      \  /  | || |_| 
     96e:	7c 20 7c 5f 7c 20 7c 20 20 20 2e 2e 0d 0a 00 00     | |_| |   ......
     97e:	00 00 00 00 00 00 2e 2e 20 20 20 7c 5f 5f 5f 5f     ........   |____
     98e:	5f 5c 5f 5f 5f 5f 2f 20 5c 5f 5f 5f 5f 2f 20 20     _\____/ \____/  
     99e:	20 20 20 5c 2f 20 20 20 7c 5f 28 5f 29 5f 5f 5f        \/   |_(_)___
     9ae:	28 5f 29 5f 5f 5f 2f 20 20 20 20 2e 2e 0d 0a 00     (_)___/    .....
     9be:	00 00 00 00 00 00 00 2e 2e 20 20 20 20 20 20 20     .........       
     9ce:	20 20 20 20 20 20 20 20 20 20 20 20 20 20 20 20                     
     9de:	20 20 20 20 20 20 20 20 20 20 20 20 20 20 20 20                     
     9ee:	20 20 20 20 20 20 20 20 20 20 20 20 2e 2e 0d 0a                 ....
	...
     a06:	2e 2e 20 20 20 20 20 20 20 20 20 20 20 20 20 20     ..              
     a16:	20 20 20 20 20 20 20 20 20 20 20 20 20 20 20 20                     
     a26:	20 20 20 20 20 20 20 20 20 20 20 20 20 20 20 20                     
     a36:	20 20 20 20 20 2e 2e 0d 0a 00 00 00 00 00 00 00          ...........
     a46:	00 2e 2e 2e 2e 2e 2e 2e 2e 2e 2e 2e 2e 2e 2e 2e     ................
     a56:	2e 2e 2e 2e 2e 2e 2e 2e 2e 2e 2e 2e 2e 2e 2e 2e     ................
     a66:	2e 2e 2e 2e 2e 2e 2e 2e 2e 2e 2e 2e 2e 2e 2e 2e     ................
     a76:	2e 2e 2e 2e 2e 2e 2e 2e 0d 0a 00 00 00 00 00 00     ................
     a86:	00 00 2e 2e 2e 2e 2e 2e 2e 2e 2e 2e 2e 2e 2e 2e     ................
     a96:	2e 2e 2e 2e 2e 2e 2e 2e 2e 2e 2e 2e 2e 2e 2e 2e     ................
     aa6:	2e 2e 2e 2e 2e 2e 2e 2e 2e 2e 2e 2e 2e 2e 2e 2e     ................
     ab6:	2e 2e 2e 2e 2e 2e 2e 2e 2e 0d 0a 00 00 00 00 00     ................
     ac6:	00 00 00 0d 0a 00 00 00 00 00 00 00 00 00 00 00     ................
	...

00000b0a <NTC_table>:
     b0a:	15 fd 40 fd 6b fd 8b fd a4 fd b9 fd cc fd dc fd     ..@.k...........
     b1a:	ea fd f7 fd 03 fe 0e fe 19 fe 22 fe 2b fe 34 fe     ..........".+.4.
     b2a:	3c fe 43 fe 4b fe 52 fe 58 fe 5f fe 65 fe 6b fe     <.C.K.R.X._.e.k.
     b3a:	71 fe 76 fe 7c fe 81 fe 86 fe 8b fe 90 fe 94 fe     q.v.|...........
     b4a:	99 fe 9d fe a1 fe a6 fe aa fe ae fe b2 fe b6 fe     ................
     b5a:	b9 fe bd fe c1 fe c4 fe c8 fe cb fe ce fe d2 fe     ................
     b6a:	d5 fe d8 fe db fe de fe e1 fe e4 fe e7 fe ea fe     ................
     b7a:	ed fe f0 fe f3 fe f5 fe f8 fe fb fe fd fe 00 ff     ................
     b8a:	03 ff 05 ff 08 ff 0a ff 0d ff 0f ff 11 ff 14 ff     ................
     b9a:	16 ff 18 ff 1b ff 1d ff 1f ff 21 ff 24 ff 26 ff     ..........!.$.&.
     baa:	28 ff 2a ff 2c ff 2e ff 30 ff 32 ff 34 ff 37 ff     (.*.,...0.2.4.7.
     bba:	39 ff 3a ff 3c ff 3e ff 40 ff 42 ff 44 ff 46 ff     9.:.<.>.@.B.D.F.
     bca:	48 ff 4a ff 4c ff 4e ff 4f ff 51 ff 53 ff 55 ff     H.J.L.N.O.Q.S.U.
     bda:	56 ff 58 ff 5a ff 5c ff 5d ff 5f ff 61 ff 63 ff     V.X.Z.\.]._.a.c.
     bea:	64 ff 66 ff 68 ff 69 ff 6b ff 6c ff 6e ff 70 ff     d.f.h.i.k.l.n.p.
     bfa:	71 ff 73 ff 74 ff 76 ff 78 ff 79 ff 7b ff 7c ff     q.s.t.v.x.y.{.|.
     c0a:	7e ff 7f ff 81 ff 82 ff 84 ff 85 ff 87 ff 88 ff     ~...............
     c1a:	8a ff 8b ff 8c ff 8e ff 8f ff 91 ff 92 ff 94 ff     ................
     c2a:	95 ff 96 ff 98 ff 99 ff 9b ff 9c ff 9d ff 9f ff     ................
     c3a:	a0 ff a1 ff a3 ff a4 ff a5 ff a7 ff a8 ff a9 ff     ................
     c4a:	ab ff ac ff ad ff af ff b0 ff b1 ff b2 ff b4 ff     ................
     c5a:	b5 ff b6 ff b7 ff b9 ff ba ff bb ff bc ff be ff     ................
     c6a:	bf ff c0 ff c1 ff c3 ff c4 ff c5 ff c6 ff c7 ff     ................
     c7a:	c9 ff ca ff cb ff cc ff cd ff cf ff d0 ff d1 ff     ................
     c8a:	d2 ff d3 ff d4 ff d6 ff d7 ff d8 ff d9 ff da ff     ................
     c9a:	db ff dc ff de ff df ff e0 ff e1 ff e2 ff e3 ff     ................
     caa:	e4 ff e5 ff e6 ff e8 ff e9 ff ea ff eb ff ec ff     ................
     cba:	ed ff ee ff ef ff f0 ff f1 ff f2 ff f4 ff f5 ff     ................
     cca:	f6 ff f7 ff f8 ff f9 ff fa ff fb ff fc ff fd ff     ................
     cda:	fe ff ff ff 00 00 01 00 02 00 03 00 04 00 05 00     ................
     cea:	06 00 08 00 09 00 0a 00 0b 00 0c 00 0d 00 0e 00     ................
     cfa:	0f 00 10 00 11 00 12 00 13 00 14 00 15 00 16 00     ................
     d0a:	17 00 18 00 19 00 1a 00 1b 00 1c 00 1d 00 1e 00     ................
     d1a:	1f 00 20 00 21 00 22 00 23 00 24 00 24 00 25 00     .. .!.".#.$.$.%.
     d2a:	26 00 27 00 28 00 29 00 2a 00 2b 00 2c 00 2d 00     &.'.(.).*.+.,.-.
     d3a:	2e 00 2f 00 30 00 31 00 32 00 33 00 34 00 35 00     ../.0.1.2.3.4.5.
     d4a:	36 00 37 00 38 00 39 00 3a 00 3a 00 3b 00 3c 00     6.7.8.9.:.:.;.<.
     d5a:	3d 00 3e 00 3f 00 40 00 41 00 42 00 43 00 44 00     =.>.?.@.A.B.C.D.
     d6a:	45 00 46 00 47 00 48 00 48 00 49 00 4a 00 4b 00     E.F.G.H.H.I.J.K.
     d7a:	4c 00 4d 00 4e 00 4f 00 50 00 51 00 52 00 53 00     L.M.N.O.P.Q.R.S.
     d8a:	53 00 54 00 55 00 56 00 57 00 58 00 59 00 5a 00     S.T.U.V.W.X.Y.Z.
     d9a:	5b 00 5c 00 5c 00 5d 00 5e 00 5f 00 60 00 61 00     [.\.\.].^._.`.a.
     daa:	62 00 63 00 64 00 65 00 65 00 66 00 67 00 68 00     b.c.d.e.e.f.g.h.
     dba:	69 00 6a 00 6b 00 6c 00 6d 00 6d 00 6e 00 6f 00     i.j.k.l.m.m.n.o.
     dca:	70 00 71 00 72 00 73 00 74 00 75 00 75 00 76 00     p.q.r.s.t.u.u.v.
     dda:	77 00 78 00 79 00 7a 00 7b 00 7c 00 7c 00 7d 00     w.x.y.z.{.|.|.}.
     dea:	7e 00 7f 00 80 00 81 00 82 00 83 00 83 00 84 00     ~...............
     dfa:	85 00 86 00 87 00 88 00 89 00 8a 00 8a 00 8b 00     ................
     e0a:	8c 00 8d 00 8e 00 8f 00 90 00 91 00 91 00 92 00     ................
     e1a:	93 00 94 00 95 00 96 00 97 00 97 00 98 00 99 00     ................
     e2a:	9a 00 9b 00 9c 00 9d 00 9d 00 9e 00 9f 00 a0 00     ................
     e3a:	a1 00 a2 00 a3 00 a4 00 a4 00 a5 00 a6 00 a7 00     ................
     e4a:	a8 00 a9 00 aa 00 aa 00 ab 00 ac 00 ad 00 ae 00     ................
     e5a:	af 00 b0 00 b0 00 b1 00 b2 00 b3 00 b4 00 b5 00     ................
     e6a:	b6 00 b6 00 b7 00 b8 00 b9 00 ba 00 bb 00 bc 00     ................
     e7a:	bc 00 bd 00 be 00 bf 00 c0 00 c1 00 c2 00 c2 00     ................
     e8a:	c3 00 c4 00 c5 00 c6 00 c7 00 c8 00 c9 00 c9 00     ................
     e9a:	ca 00 cb 00 cc 00 cd 00 ce 00 cf 00 cf 00 d0 00     ................
     eaa:	d1 00 d2 00 d3 00 d4 00 d5 00 d5 00 d6 00 d7 00     ................
     eba:	d8 00 d9 00 da 00 db 00 db 00 dc 00 dd 00 de 00     ................
     eca:	df 00 e0 00 e1 00 e2 00 e2 00 e3 00 e4 00 e5 00     ................
     eda:	e6 00 e7 00 e8 00 e9 00 e9 00 ea 00 eb 00 ec 00     ................
     eea:	ed 00 ee 00 ef 00 ef 00 f0 00 f1 00 f2 00 f3 00     ................
     efa:	f4 00 f5 00 f6 00 f6 00 f7 00 f8 00 f9 00 fa 00     ................
     f0a:	fb 00 fc 00 fd 00 fe 00 fe 00 ff 00 00 01 01 01     ................
     f1a:	02 01 03 01 04 01 05 01 05 01 06 01 07 01 08 01     ................
     f2a:	09 01 0a 01 0b 01 0c 01 0d 01 0d 01 0e 01 0f 01     ................
     f3a:	10 01 11 01 12 01 13 01 14 01 15 01 16 01 16 01     ................
     f4a:	17 01 18 01 19 01 1a 01 1b 01 1c 01 1d 01 1e 01     ................
     f5a:	1f 01 1f 01 20 01 21 01 22 01 23 01 24 01 25 01     .... .!.".#.$.%.
     f6a:	26 01 27 01 28 01 29 01 2a 01 2a 01 2b 01 2c 01     &.'.(.).*.*.+.,.
     f7a:	2d 01 2e 01 2f 01 30 01 31 01 32 01 33 01 34 01     -.../.0.1.2.3.4.
     f8a:	35 01 36 01 36 01 37 01 38 01 39 01 3a 01 3b 01     5.6.6.7.8.9.:.;.
     f9a:	3c 01 3d 01 3e 01 3f 01 40 01 41 01 42 01 43 01     <.=.>.?.@.A.B.C.
     faa:	44 01 45 01 45 01 46 01 47 01 48 01 49 01 4a 01     D.E.E.F.G.H.I.J.
     fba:	4b 01 4c 01 4d 01 4e 01 4f 01 50 01 51 01 52 01     K.L.M.N.O.P.Q.R.
     fca:	53 01 54 01 55 01 56 01 57 01 58 01 59 01 5a 01     S.T.U.V.W.X.Y.Z.
     fda:	5b 01 5c 01 5d 01 5e 01 5f 01 60 01 61 01 62 01     [.\.].^._.`.a.b.
     fea:	63 01 64 01 65 01 66 01 67 01 68 01 69 01 6a 01     c.d.e.f.g.h.i.j.
     ffa:	6b 01 6c 01 6d 01 6e 01 6f 01 70 01 71 01 72 01     k.l.m.n.o.p.q.r.
    100a:	73 01 74 01 75 01 76 01 77 01 78 01 79 01 7a 01     s.t.u.v.w.x.y.z.
    101a:	7b 01 7c 01 7d 01 7e 01 7f 01 80 01 81 01 82 01     {.|.}.~.........
    102a:	83 01 84 01 85 01 86 01 87 01 88 01 89 01 8a 01     ................
    103a:	8c 01 8d 01 8e 01 8f 01 90 01 91 01 92 01 93 01     ................
    104a:	94 01 95 01 96 01 97 01 98 01 99 01 9b 01 9c 01     ................
    105a:	9d 01 9e 01 9f 01 a0 01 a1 01 a2 01 a3 01 a5 01     ................
    106a:	a6 01 a7 01 a8 01 a9 01 aa 01 ab 01 ac 01 ae 01     ................
    107a:	af 01 b0 01 b1 01 b2 01 b3 01 b4 01 b6 01 b7 01     ................
    108a:	b8 01 b9 01 ba 01 bb 01 bc 01 be 01 bf 01 c0 01     ................
    109a:	c1 01 c2 01 c4 01 c5 01 c6 01 c7 01 c8 01 ca 01     ................
    10aa:	cb 01 cc 01 cd 01 ce 01 d0 01 d1 01 d2 01 d3 01     ................
    10ba:	d5 01 d6 01 d7 01 d8 01 d9 01 db 01 dc 01 dd 01     ................
    10ca:	df 01 e0 01 e1 01 e2 01 e4 01 e5 01 e6 01 e7 01     ................
    10da:	e9 01 ea 01 eb 01 ed 01 ee 01 ef 01 f1 01 f2 01     ................
    10ea:	f3 01 f5 01 f6 01 f7 01 f9 01 fa 01 fb 01 fd 01     ................
    10fa:	fe 01 ff 01 01 02 02 02 03 02 05 02 06 02 08 02     ................
    110a:	09 02 0a 02 0c 02 0d 02 0f 02 10 02 11 02 13 02     ................
    111a:	14 02 16 02 17 02 19 02 1a 02 1c 02 1d 02 1f 02     ................
    112a:	20 02 22 02 23 02 24 02 26 02 28 02 29 02 2b 02      .".#.$.&.(.).+.
    113a:	2c 02 2e 02 2f 02 31 02 32 02 34 02 35 02 37 02     ,.../.1.2.4.5.7.
    114a:	39 02 3a 02 3c 02 3d 02 3f 02 40 02 42 02 44 02     9.:.<.=.?.@.B.D.
    115a:	45 02 47 02 49 02 4a 02 4c 02 4e 02 4f 02 51 02     E.G.I.J.L.N.O.Q.
    116a:	53 02 54 02 56 02 58 02 5a 02 5b 02 5d 02 5f 02     S.T.V.X.Z.[.]._.
    117a:	61 02 62 02 64 02 66 02 68 02 69 02 6b 02 6d 02     a.b.d.f.h.i.k.m.
    118a:	6f 02 71 02 73 02 74 02 76 02 78 02 7a 02 7c 02     o.q.s.t.v.x.z.|.
    119a:	7e 02 80 02 82 02 84 02 86 02 88 02 8a 02 8c 02     ~...............
    11aa:	8e 02 90 02 92 02 94 02 96 02 98 02 9a 02 9c 02     ................
    11ba:	9e 02 a0 02 a2 02 a4 02 a6 02 a9 02 ab 02 ad 02     ................
    11ca:	af 02 b1 02 b4 02 b6 02 b8 02 ba 02 bd 02 bf 02     ................
    11da:	c1 02 c3 02 c6 02 c8 02 cb 02 cd 02 cf 02 d2 02     ................
    11ea:	d4 02 d7 02 d9 02 dc 02 de 02 e1 02 e3 02 e6 02     ................
    11fa:	e9 02 eb 02 ee 02 f0 02 f3 02 f6 02 f9 02 fb 02     ................
    120a:	fe 02 01 03 04 03 07 03 09 03 0c 03 0f 03 12 03     ................
    121a:	15 03 18 03 1b 03 1e 03 21 03 24 03 28 03 2b 03     ........!.$.(.+.
    122a:	2e 03 31 03 34 03 38 03 3b 03 3e 03 42 03 45 03     ..1.4.8.;.>.B.E.
    123a:	49 03 4c 03 50 03 53 03 57 03 5b 03 5e 03 62 03     I.L.P.S.W.[.^.b.
    124a:	66 03 6a 03 6e 03 71 03 75 03 79 03 7e 03 82 03     f.j.n.q.u.y.~...
    125a:	86 03 8a 03 8e 03 93 03 97 03 9c 03 a0 03 a5 03     ................
    126a:	a9 03 ae 03 b3 03 b8 03 bc 03 c1 03 c7 03 cc 03     ................
    127a:	d1 03 d6 03 dc 03 e1 03 e7 03 ec 03 f2 03 f8 03     ................
    128a:	fe 03 04 04 0a 04 11 04 17 04 1e 04 24 04 2b 04     ............$.+.
    129a:	32 04 39 04 40 04 48 04 50 04 57 04 5f 04 67 04     2.9.@.H.P.W._.g.
    12aa:	70 04 78 04 81 04 8a 04 93 04 9d 04 a7 04 b1 04     p.x.............
    12ba:	bb 04 c6 04 d1 04 dc 04 e8 04 f4 04 00 05 0d 05     ................
    12ca:	1b 05 29 05 37 05 46 05 56 05 67 05 78 05 8a 05     ..).7.F.V.g.x...
    12da:	9d 05 b1 05 c7 05 dd 05 f5 05 0e 06 2a 06 47 06     ............*.G.
    12ea:	66 06 88 06 ad 06 d6 06 03 07 36 07 6f 07 b1 07     f.........6.o...
    12fa:	fd 07 58 08 c9 08 5a 09 21 0a 56 0b c1 0d 2c 10     ..X...Z.!.V...,.

0000130a <__ctors_end>:
    130a:	11 24       	eor	r1, r1
    130c:	1f be       	out	0x3f, r1	; 63
    130e:	cf ef       	ldi	r28, 0xFF	; 255
    1310:	d0 e1       	ldi	r29, 0x10	; 16
    1312:	de bf       	out	0x3e, r29	; 62
    1314:	cd bf       	out	0x3d, r28	; 61

00001316 <__do_copy_data>:
    1316:	1b e0       	ldi	r17, 0x0B	; 11
    1318:	a0 e0       	ldi	r26, 0x00	; 0
    131a:	b1 e0       	ldi	r27, 0x01	; 1
    131c:	e6 ee       	ldi	r30, 0xE6	; 230
    131e:	f4 e6       	ldi	r31, 0x64	; 100
    1320:	02 c0       	rjmp	.+4      	; 0x1326 <__do_copy_data+0x10>
    1322:	05 90       	lpm	r0, Z+
    1324:	0d 92       	st	X+, r0
    1326:	a4 30       	cpi	r26, 0x04	; 4
    1328:	b1 07       	cpc	r27, r17
    132a:	d9 f7       	brne	.-10     	; 0x1322 <__do_copy_data+0xc>

0000132c <__do_clear_bss>:
    132c:	2e e0       	ldi	r18, 0x0E	; 14
    132e:	a4 e0       	ldi	r26, 0x04	; 4
    1330:	bb e0       	ldi	r27, 0x0B	; 11
    1332:	01 c0       	rjmp	.+2      	; 0x1336 <.do_clear_bss_start>

00001334 <.do_clear_bss_loop>:
    1334:	1d 92       	st	X+, r1

00001336 <.do_clear_bss_start>:
    1336:	a4 35       	cpi	r26, 0x54	; 84
    1338:	b2 07       	cpc	r27, r18
    133a:	e1 f7       	brne	.-8      	; 0x1334 <.do_clear_bss_loop>
    133c:	0e 94 21 14 	call	0x2842	; 0x2842 <main>
    1340:	0c 94 71 32 	jmp	0x64e2	; 0x64e2 <_exit>

00001344 <__bad_interrupt>:
    1344:	0c 94 00 00 	jmp	0	; 0x0 <__vectors>

00001348 <accel_gyro_update>:
Accel_Gyro_DataTypedef Accel_Status;
Accel_Gyro_DataTypedef Gyro_Status;

void accel_gyro_update(void)
{
	read_accel(&Accel_Status);
    1348:	8e e6       	ldi	r24, 0x6E	; 110
    134a:	9c e0       	ldi	r25, 0x0C	; 12
    134c:	0e 94 6a 24 	call	0x48d4	; 0x48d4 <read_accel>
	read_gyro(&Gyro_Status);
    1350:	88 e6       	ldi	r24, 0x68	; 104
    1352:	9c e0       	ldi	r25, 0x0C	; 12
    1354:	0e 94 cd 24 	call	0x499a	; 0x499a <read_gyro>
    1358:	08 95       	ret

0000135a <Accel_and_Gyro_init>:
}

bool Accel_and_Gyro_init(void)
{
    135a:	cf 93       	push	r28
	if (!lsm6dsox_init())
    135c:	0e 94 59 24 	call	0x48b2	; 0x48b2 <lsm6dsox_init>
    1360:	c8 2f       	mov	r28, r24
    1362:	81 11       	cpse	r24, r1
    1364:	04 c0       	rjmp	.+8      	; 0x136e <Accel_and_Gyro_init+0x14>
	{
		usart0_send_string("LSM6DSOX is unavailble \r\n> ");
    1366:	87 ef       	ldi	r24, 0xF7	; 247
    1368:	91 e0       	ldi	r25, 0x01	; 1
    136a:	0e 94 5c 1b 	call	0x36b8	; 0x36b8 <usart0_send_string>
		return false;
	}
	return true;
}
    136e:	8c 2f       	mov	r24, r28
    1370:	cf 91       	pop	r28
    1372:	08 95       	ret

00001374 <Accel_and_Gyro_create_task>:

void Accel_and_Gyro_create_task(void)
{
	SCH_TASK_CreateTask(&s_accel_gyro_task_context.taskHandle, &s_accel_gyro_task_context.taskProperty);
    1374:	61 e0       	ldi	r22, 0x01	; 1
    1376:	71 e0       	ldi	r23, 0x01	; 1
    1378:	80 e0       	ldi	r24, 0x00	; 0
    137a:	91 e0       	ldi	r25, 0x01	; 1
    137c:	0e 94 f6 26 	call	0x4dec	; 0x4dec <SCH_TASK_CreateTask>
    1380:	08 95       	ret

00001382 <get_acceleration>:
}

Accel_Gyro_DataTypedef get_acceleration(void)
{
    1382:	cf 93       	push	r28
    1384:	df 93       	push	r29
    1386:	00 d0       	rcall	.+0      	; 0x1388 <get_acceleration+0x6>
    1388:	00 d0       	rcall	.+0      	; 0x138a <get_acceleration+0x8>
    138a:	00 d0       	rcall	.+0      	; 0x138c <get_acceleration+0xa>
    138c:	cd b7       	in	r28, 0x3d	; 61
    138e:	de b7       	in	r29, 0x3e	; 62
	return (Accel_Gyro_DataTypedef)Accel_Status;
    1390:	86 e0       	ldi	r24, 0x06	; 6
    1392:	ee e6       	ldi	r30, 0x6E	; 110
    1394:	fc e0       	ldi	r31, 0x0C	; 12
    1396:	de 01       	movw	r26, r28
    1398:	11 96       	adiw	r26, 0x01	; 1
    139a:	01 90       	ld	r0, Z+
    139c:	0d 92       	st	X+, r0
    139e:	8a 95       	dec	r24
    13a0:	e1 f7       	brne	.-8      	; 0x139a <get_acceleration+0x18>
    13a2:	29 81       	ldd	r18, Y+1	; 0x01
    13a4:	3a 81       	ldd	r19, Y+2	; 0x02
    13a6:	4b 81       	ldd	r20, Y+3	; 0x03
    13a8:	5c 81       	ldd	r21, Y+4	; 0x04
    13aa:	6d 81       	ldd	r22, Y+5	; 0x05
    13ac:	7e 81       	ldd	r23, Y+6	; 0x06
}
    13ae:	80 e0       	ldi	r24, 0x00	; 0
    13b0:	90 e0       	ldi	r25, 0x00	; 0
    13b2:	26 96       	adiw	r28, 0x06	; 6
    13b4:	0f b6       	in	r0, 0x3f	; 63
    13b6:	f8 94       	cli
    13b8:	de bf       	out	0x3e, r29	; 62
    13ba:	0f be       	out	0x3f, r0	; 63
    13bc:	cd bf       	out	0x3d, r28	; 61
    13be:	df 91       	pop	r29
    13c0:	cf 91       	pop	r28
    13c2:	08 95       	ret

000013c4 <get_gyroscope>:

Accel_Gyro_DataTypedef get_gyroscope(void)
{
    13c4:	cf 93       	push	r28
    13c6:	df 93       	push	r29
    13c8:	00 d0       	rcall	.+0      	; 0x13ca <get_gyroscope+0x6>
    13ca:	00 d0       	rcall	.+0      	; 0x13cc <get_gyroscope+0x8>
    13cc:	00 d0       	rcall	.+0      	; 0x13ce <get_gyroscope+0xa>
    13ce:	cd b7       	in	r28, 0x3d	; 61
    13d0:	de b7       	in	r29, 0x3e	; 62
	return (Accel_Gyro_DataTypedef)Gyro_Status;
    13d2:	86 e0       	ldi	r24, 0x06	; 6
    13d4:	e8 e6       	ldi	r30, 0x68	; 104
    13d6:	fc e0       	ldi	r31, 0x0C	; 12
    13d8:	de 01       	movw	r26, r28
    13da:	11 96       	adiw	r26, 0x01	; 1
    13dc:	01 90       	ld	r0, Z+
    13de:	0d 92       	st	X+, r0
    13e0:	8a 95       	dec	r24
    13e2:	e1 f7       	brne	.-8      	; 0x13dc <get_gyroscope+0x18>
    13e4:	29 81       	ldd	r18, Y+1	; 0x01
    13e6:	3a 81       	ldd	r19, Y+2	; 0x02
    13e8:	4b 81       	ldd	r20, Y+3	; 0x03
    13ea:	5c 81       	ldd	r21, Y+4	; 0x04
    13ec:	6d 81       	ldd	r22, Y+5	; 0x05
    13ee:	7e 81       	ldd	r23, Y+6	; 0x06
    13f0:	80 e0       	ldi	r24, 0x00	; 0
    13f2:	90 e0       	ldi	r25, 0x00	; 0
    13f4:	26 96       	adiw	r28, 0x06	; 6
    13f6:	0f b6       	in	r0, 0x3f	; 63
    13f8:	f8 94       	cli
    13fa:	de bf       	out	0x3e, r29	; 62
    13fc:	0f be       	out	0x3f, r0	; 63
    13fe:	cd bf       	out	0x3d, r28	; 61
    1400:	df 91       	pop	r29
    1402:	cf 91       	pop	r28
    1404:	08 95       	ret

00001406 <CmdLineProcess>:
//! Otherwise it returns the code that was returned by the command function.
//
//*****************************************************************************
uint8_t
CmdLineProcess(char *pcCmdLine)
{
    1406:	ef 92       	push	r14
    1408:	ff 92       	push	r15
    140a:	0f 93       	push	r16
    140c:	1f 93       	push	r17
    140e:	cf 93       	push	r28
    1410:	fc 01       	movw	r30, r24
    pcChar = pcCmdLine;

    //
    // Advance through the command line until a zero character is found.
    //
    while(*pcChar)
    1412:	80 81       	ld	r24, Z
    1414:	88 23       	and	r24, r24
    1416:	09 f4       	brne	.+2      	; 0x141a <CmdLineProcess+0x14>
    1418:	44 c0       	rjmp	.+136    	; 0x14a2 <CmdLineProcess+0x9c>
    141a:	91 e0       	ldi	r25, 0x01	; 1
    141c:	c0 e0       	ldi	r28, 0x00	; 0
                //
                if(ui8Argc < CMDLINE_MAX_ARGS)
                {
                    g_ppcArgv[ui8Argc] = pcChar;
                    ui8Argc++;
                    bFindArg = false;
    141e:	20 e0       	ldi	r18, 0x00	; 0
        // to search for the next argument.
        //
        if(*pcChar == ' ')
        {
            *pcChar = 0;
            bFindArg = true;
    1420:	31 e0       	ldi	r19, 0x01	; 1
    {
        //
        // If there is a space, then replace it with a zero, and set the flag
        // to search for the next argument.
        //
        if(*pcChar == ' ')
    1422:	80 32       	cpi	r24, 0x20	; 32
    1424:	19 f4       	brne	.+6      	; 0x142c <CmdLineProcess+0x26>
        {
            *pcChar = 0;
    1426:	10 82       	st	Z, r1
            bFindArg = true;
    1428:	93 2f       	mov	r25, r19
    142a:	0e c0       	rjmp	.+28     	; 0x1448 <CmdLineProcess+0x42>
        {
            //
            // If bFindArg is set, then that means we are looking for the start
            // of the next argument.
            //
            if(bFindArg)
    142c:	99 23       	and	r25, r25
    142e:	61 f0       	breq	.+24     	; 0x1448 <CmdLineProcess+0x42>
                //
                // As long as the maximum number of arguments has not been
                // reached, then save the pointer to the start of this new arg
                // in the argv array, and increment the count of args, argc.
                //
                if(ui8Argc < CMDLINE_MAX_ARGS)
    1430:	c8 30       	cpi	r28, 0x08	; 8
    1432:	c8 f5       	brcc	.+114    	; 0x14a6 <CmdLineProcess+0xa0>
                {
                    g_ppcArgv[ui8Argc] = pcChar;
    1434:	ac 2f       	mov	r26, r28
    1436:	b0 e0       	ldi	r27, 0x00	; 0
    1438:	aa 0f       	add	r26, r26
    143a:	bb 1f       	adc	r27, r27
    143c:	ac 5f       	subi	r26, 0xFC	; 252
    143e:	b4 4f       	sbci	r27, 0xF4	; 244
    1440:	ed 93       	st	X+, r30
    1442:	fc 93       	st	X, r31
                    ui8Argc++;
    1444:	cf 5f       	subi	r28, 0xFF	; 255
                    bFindArg = false;
    1446:	92 2f       	mov	r25, r18
        }

        //
        // Advance to the next character in the command line.
        //
        pcChar++;
    1448:	31 96       	adiw	r30, 0x01	; 1
    pcChar = pcCmdLine;

    //
    // Advance through the command line until a zero character is found.
    //
    while(*pcChar)
    144a:	80 81       	ld	r24, Z
    144c:	81 11       	cpse	r24, r1
    144e:	e9 cf       	rjmp	.-46     	; 0x1422 <CmdLineProcess+0x1c>
    }

    //
    // If one or more arguments was found, then process the command.
    //
    if(ui8Argc)
    1450:	cc 23       	and	r28, r28
    1452:	59 f1       	breq	.+86     	; 0x14aa <CmdLineProcess+0xa4>

        //
        // Search through the command table until a null command string is
        // found, which marks the end of the table.
        //
        while(psCmdEntry->pcCmd)
    1454:	60 91 0e 01 	lds	r22, 0x010E	; 0x80010e <g_psCmdTable>
    1458:	70 91 0f 01 	lds	r23, 0x010F	; 0x80010f <g_psCmdTable+0x1>
    145c:	61 15       	cp	r22, r1
    145e:	71 05       	cpc	r23, r1
    1460:	31 f1       	breq	.+76     	; 0x14ae <CmdLineProcess+0xa8>
            //
            // If this command entry command string matches argv[0], then call
            // the function for this command, passing the command line
            // arguments.
            //
            if(!strcmp(g_ppcArgv[0], psCmdEntry->pcCmd))
    1462:	e0 90 04 0b 	lds	r14, 0x0B04	; 0x800b04 <__data_end>
    1466:	f0 90 05 0b 	lds	r15, 0x0B05	; 0x800b05 <__data_end+0x1>
    146a:	0e e0       	ldi	r16, 0x0E	; 14
    146c:	11 e0       	ldi	r17, 0x01	; 1
    146e:	c7 01       	movw	r24, r14
    1470:	0e 94 99 31 	call	0x6332	; 0x6332 <strcmp>
    1474:	89 2b       	or	r24, r25
    1476:	59 f4       	brne	.+22     	; 0x148e <CmdLineProcess+0x88>
            {

                return(psCmdEntry->pfnCmd(ui8Argc, g_ppcArgv));
    1478:	d8 01       	movw	r26, r16
    147a:	12 96       	adiw	r26, 0x02	; 2
    147c:	ed 91       	ld	r30, X+
    147e:	fc 91       	ld	r31, X
    1480:	13 97       	sbiw	r26, 0x03	; 3
    1482:	64 e0       	ldi	r22, 0x04	; 4
    1484:	7b e0       	ldi	r23, 0x0B	; 11
    1486:	8c 2f       	mov	r24, r28
    1488:	90 e0       	ldi	r25, 0x00	; 0
    148a:	09 95       	icall
    148c:	11 c0       	rjmp	.+34     	; 0x14b0 <CmdLineProcess+0xaa>
            }

            //
            // Not found, so advance to the next entry.
            //
            psCmdEntry++;
    148e:	0a 5f       	subi	r16, 0xFA	; 250
    1490:	1f 4f       	sbci	r17, 0xFF	; 255

        //
        // Search through the command table until a null command string is
        // found, which marks the end of the table.
        //
        while(psCmdEntry->pcCmd)
    1492:	f8 01       	movw	r30, r16
    1494:	60 81       	ld	r22, Z
    1496:	71 81       	ldd	r23, Z+1	; 0x01
    1498:	61 15       	cp	r22, r1
    149a:	71 05       	cpc	r23, r1
    149c:	41 f7       	brne	.-48     	; 0x146e <CmdLineProcess+0x68>

    //
    // Fall through to here means that no matching command was found, so return
    // an error.
    //
    return(CMDLINE_BAD_CMD);
    149e:	81 e0       	ldi	r24, 0x01	; 1
    14a0:	07 c0       	rjmp	.+14     	; 0x14b0 <CmdLineProcess+0xaa>
    14a2:	81 e0       	ldi	r24, 0x01	; 1
    14a4:	05 c0       	rjmp	.+10     	; 0x14b0 <CmdLineProcess+0xaa>
                // The maximum number of arguments has been reached so return
                // the error.
                //
                else
                {
                    return(CMDLINE_TOO_MANY_ARGS);
    14a6:	82 e0       	ldi	r24, 0x02	; 2
    14a8:	03 c0       	rjmp	.+6      	; 0x14b0 <CmdLineProcess+0xaa>

    //
    // Fall through to here means that no matching command was found, so return
    // an error.
    //
    return(CMDLINE_BAD_CMD);
    14aa:	81 e0       	ldi	r24, 0x01	; 1
    14ac:	01 c0       	rjmp	.+2      	; 0x14b0 <CmdLineProcess+0xaa>
    14ae:	81 e0       	ldi	r24, 0x01	; 1
}
    14b0:	cf 91       	pop	r28
    14b2:	1f 91       	pop	r17
    14b4:	0f 91       	pop	r16
    14b6:	ff 90       	pop	r15
    14b8:	ef 90       	pop	r14
    14ba:	08 95       	ret

000014bc <Cmd_help>:
void	command_create_task(void)
{
	SCH_TASK_CreateTask(&s_CommandTaskContext.taskHandle, &s_CommandTaskContext.taskProperty);
}

int Cmd_help(int argc, char *argv[]) {
    14bc:	cf 93       	push	r28
    14be:	df 93       	push	r29
	tCmdLineEntry *pEntry;

	usart0_send_string("\nAvailable commands\r\n");
    14c0:	83 e1       	ldi	r24, 0x13	; 19
    14c2:	92 e0       	ldi	r25, 0x02	; 2
    14c4:	0e 94 5c 1b 	call	0x36b8	; 0x36b8 <usart0_send_string>
	usart0_send_string("------------------\r\n");
    14c8:	89 e2       	ldi	r24, 0x29	; 41
    14ca:	92 e0       	ldi	r25, 0x02	; 2
    14cc:	0e 94 5c 1b 	call	0x36b8	; 0x36b8 <usart0_send_string>
	// Point at the beginning of the command table.
	pEntry = &g_psCmdTable[0];

	// Enter a loop to read each entry from the command table.  The
	// end of the table has been reached when the command name is NULL.
	while (pEntry->pcCmd) {
    14d0:	80 91 0e 01 	lds	r24, 0x010E	; 0x80010e <g_psCmdTable>
    14d4:	90 91 0f 01 	lds	r25, 0x010F	; 0x80010f <g_psCmdTable+0x1>
    14d8:	00 97       	sbiw	r24, 0x00	; 0
    14da:	89 f0       	breq	.+34     	; 0x14fe <Cmd_help+0x42>
    14dc:	ce e0       	ldi	r28, 0x0E	; 14
    14de:	d1 e0       	ldi	r29, 0x01	; 1
		// Print the command name and the brief description.
		usart0_send_string(pEntry->pcCmd);
    14e0:	0e 94 5c 1b 	call	0x36b8	; 0x36b8 <usart0_send_string>
		usart0_send_string(pEntry->pcHelp);
    14e4:	8c 81       	ldd	r24, Y+4	; 0x04
    14e6:	9d 81       	ldd	r25, Y+5	; 0x05
    14e8:	0e 94 5c 1b 	call	0x36b8	; 0x36b8 <usart0_send_string>
		usart0_send_string("\r\n");
    14ec:	84 e6       	ldi	r24, 0x64	; 100
    14ee:	93 e0       	ldi	r25, 0x03	; 3
    14f0:	0e 94 5c 1b 	call	0x36b8	; 0x36b8 <usart0_send_string>

		// Advance to the next entry in the table.
		pEntry++;
    14f4:	26 96       	adiw	r28, 0x06	; 6
	// Point at the beginning of the command table.
	pEntry = &g_psCmdTable[0];

	// Enter a loop to read each entry from the command table.  The
	// end of the table has been reached when the command name is NULL.
	while (pEntry->pcCmd) {
    14f6:	88 81       	ld	r24, Y
    14f8:	99 81       	ldd	r25, Y+1	; 0x01
    14fa:	00 97       	sbiw	r24, 0x00	; 0
    14fc:	89 f7       	brne	.-30     	; 0x14e0 <Cmd_help+0x24>
		pEntry++;

	}
	// Return success.
	return (CMDLINE_OK);
}
    14fe:	80 e0       	ldi	r24, 0x00	; 0
    1500:	90 e0       	ldi	r25, 0x00	; 0
    1502:	df 91       	pop	r29
    1504:	cf 91       	pop	r28
    1506:	08 95       	ret

00001508 <command_task_update>:
		command_task_update                // taskFunction;
	}
};

static	void	command_task_update(void)
{
    1508:	cf 93       	push	r28
	char rxData;
	int8_t	ret_val;
	while (! rbuffer_empty(p_CommandRingBuffer))
    150a:	4d c0       	rjmp	.+154    	; 0x15a6 <command_task_update+0x9e>
	{
		rxData = rbuffer_remove(p_CommandRingBuffer);
    150c:	80 91 57 0b 	lds	r24, 0x0B57	; 0x800b57 <p_CommandRingBuffer>
    1510:	90 91 58 0b 	lds	r25, 0x0B58	; 0x800b58 <p_CommandRingBuffer+0x1>
    1514:	0e 94 1b 1b 	call	0x3636	; 0x3636 <rbuffer_remove>
    1518:	c8 2f       	mov	r28, r24
		usart0_send_char(rxData);
    151a:	0e 94 4c 1b 	call	0x3698	; 0x3698 <usart0_send_char>
		if ((rxData == '\r') || (rxData == '\n'))		//got a return or new line
    151e:	cd 30       	cpi	r28, 0x0D	; 13
    1520:	11 f0       	breq	.+4      	; 0x1526 <command_task_update+0x1e>
    1522:	ca 30       	cpi	r28, 0x0A	; 10
    1524:	29 f5       	brne	.+74     	; 0x1570 <command_task_update+0x68>
		{
			if (s_commandBufferIndex > 0)		//if we got the CR or LF at the begining, discard	
    1526:	80 91 16 0b 	lds	r24, 0x0B16	; 0x800b16 <s_commandBufferIndex>
    152a:	88 23       	and	r24, r24
    152c:	e1 f0       	breq	.+56     	; 0x1566 <command_task_update+0x5e>
			{
				s_commandBuffer[s_commandBufferIndex] = 0;
    152e:	e8 2f       	mov	r30, r24
    1530:	f0 e0       	ldi	r31, 0x00	; 0
    1532:	e9 5e       	subi	r30, 0xE9	; 233
    1534:	f4 4f       	sbci	r31, 0xF4	; 244
    1536:	10 82       	st	Z, r1
				s_commandBufferIndex++;
    1538:	8f 5f       	subi	r24, 0xFF	; 255
    153a:	80 93 16 0b 	sts	0x0B16, r24	; 0x800b16 <s_commandBufferIndex>
				ret_val = CmdLineProcess(s_commandBuffer);		
    153e:	87 e1       	ldi	r24, 0x17	; 23
    1540:	9b e0       	ldi	r25, 0x0B	; 11
    1542:	0e 94 03 0a 	call	0x1406	; 0x1406 <CmdLineProcess>
				s_commandBufferIndex = 0;		
    1546:	10 92 16 0b 	sts	0x0B16, r1	; 0x800b16 <s_commandBufferIndex>
				usart0_send_string(ErrorCode[ret_val]);
    154a:	88 0f       	add	r24, r24
    154c:	99 0b       	sbc	r25, r25
    154e:	fc 01       	movw	r30, r24
    1550:	e4 57       	subi	r30, 0x74	; 116
    1552:	fe 4f       	sbci	r31, 0xFE	; 254
    1554:	80 81       	ld	r24, Z
    1556:	91 81       	ldd	r25, Z+1	; 0x01
    1558:	0e 94 5c 1b 	call	0x36b8	; 0x36b8 <usart0_send_string>
				usart0_send_string("> ");
    155c:	87 e3       	ldi	r24, 0x37	; 55
    155e:	9a e0       	ldi	r25, 0x0A	; 10
    1560:	0e 94 5c 1b 	call	0x36b8	; 0x36b8 <usart0_send_string>
    1564:	20 c0       	rjmp	.+64     	; 0x15a6 <command_task_update+0x9e>
			}	
			else usart0_send_string("\r\n> ");
    1566:	85 e3       	ldi	r24, 0x35	; 53
    1568:	9a e0       	ldi	r25, 0x0A	; 10
    156a:	0e 94 5c 1b 	call	0x36b8	; 0x36b8 <usart0_send_string>
    156e:	1b c0       	rjmp	.+54     	; 0x15a6 <command_task_update+0x9e>
		}
		else if ((rxData == 8) || (rxData == 127))	
    1570:	c8 30       	cpi	r28, 0x08	; 8
    1572:	11 f0       	breq	.+4      	; 0x1578 <command_task_update+0x70>
    1574:	cf 37       	cpi	r28, 0x7F	; 127
    1576:	41 f4       	brne	.+16     	; 0x1588 <command_task_update+0x80>
		{
			if (s_commandBufferIndex > 0) s_commandBufferIndex--;
    1578:	80 91 16 0b 	lds	r24, 0x0B16	; 0x800b16 <s_commandBufferIndex>
    157c:	88 23       	and	r24, r24
    157e:	99 f0       	breq	.+38     	; 0x15a6 <command_task_update+0x9e>
    1580:	81 50       	subi	r24, 0x01	; 1
    1582:	80 93 16 0b 	sts	0x0B16, r24	; 0x800b16 <s_commandBufferIndex>
    1586:	0f c0       	rjmp	.+30     	; 0x15a6 <command_task_update+0x9e>
		}
		else
		{
			s_commandBuffer[s_commandBufferIndex] = rxData;
    1588:	80 91 16 0b 	lds	r24, 0x0B16	; 0x800b16 <s_commandBufferIndex>
    158c:	e8 2f       	mov	r30, r24
    158e:	f0 e0       	ldi	r31, 0x00	; 0
    1590:	e9 5e       	subi	r30, 0xE9	; 233
    1592:	f4 4f       	sbci	r31, 0xF4	; 244
    1594:	c0 83       	st	Z, r28
			s_commandBufferIndex ++;
    1596:	8f 5f       	subi	r24, 0xFF	; 255
			if (s_commandBufferIndex > COMMAND_MAX_LENGTH) s_commandBufferIndex= 0;
    1598:	81 34       	cpi	r24, 0x41	; 65
    159a:	18 f4       	brcc	.+6      	; 0x15a2 <command_task_update+0x9a>
			if (s_commandBufferIndex > 0) s_commandBufferIndex--;
		}
		else
		{
			s_commandBuffer[s_commandBufferIndex] = rxData;
			s_commandBufferIndex ++;
    159c:	80 93 16 0b 	sts	0x0B16, r24	; 0x800b16 <s_commandBufferIndex>
    15a0:	02 c0       	rjmp	.+4      	; 0x15a6 <command_task_update+0x9e>
			if (s_commandBufferIndex > COMMAND_MAX_LENGTH) s_commandBufferIndex= 0;
    15a2:	10 92 16 0b 	sts	0x0B16, r1	; 0x800b16 <s_commandBufferIndex>

static	void	command_task_update(void)
{
	char rxData;
	int8_t	ret_val;
	while (! rbuffer_empty(p_CommandRingBuffer))
    15a6:	80 91 57 0b 	lds	r24, 0x0B57	; 0x800b57 <p_CommandRingBuffer>
    15aa:	90 91 58 0b 	lds	r25, 0x0B58	; 0x800b58 <p_CommandRingBuffer+0x1>
    15ae:	0e 94 ff 1a 	call	0x35fe	; 0x35fe <rbuffer_empty>
    15b2:	88 23       	and	r24, r24
    15b4:	09 f4       	brne	.+2      	; 0x15b8 <command_task_update+0xb0>
    15b6:	aa cf       	rjmp	.-172    	; 0x150c <command_task_update+0x4>
			s_commandBuffer[s_commandBufferIndex] = rxData;
			s_commandBufferIndex ++;
			if (s_commandBufferIndex > COMMAND_MAX_LENGTH) s_commandBufferIndex= 0;
		}
	}	
}
    15b8:	cf 91       	pop	r28
    15ba:	08 95       	ret

000015bc <Cmd_set_temp>:
// Format: set_temp channel value
//
//*****************************************************************************
int
Cmd_set_temp(int argc, char *argv[]) 
{
    15bc:	0f 93       	push	r16
    15be:	1f 93       	push	r17
    15c0:	cf 93       	push	r28
    15c2:	df 93       	push	r29
	if (argc < 3) return CMDLINE_TOO_FEW_ARGS;
    15c4:	83 30       	cpi	r24, 0x03	; 3
    15c6:	91 05       	cpc	r25, r1
    15c8:	3c f1       	brlt	.+78     	; 0x1618 <Cmd_set_temp+0x5c>
	if (argc >3) return CMDLINE_TOO_MANY_ARGS;
    15ca:	04 97       	sbiw	r24, 0x04	; 4
    15cc:	44 f5       	brge	.+80     	; 0x161e <Cmd_set_temp+0x62>
    15ce:	eb 01       	movw	r28, r22
	//if (argv[1] > "3" || argv[1] < "0") return CMDLINE_INVALID_ARG;
	uint8_t channel = atoi(argv[1]);
    15d0:	8a 81       	ldd	r24, Y+2	; 0x02
    15d2:	9b 81       	ldd	r25, Y+3	; 0x03
    15d4:	0e 94 98 30 	call	0x6130	; 0x6130 <atoi>
    15d8:	8c 01       	movw	r16, r24
	if (channel > 3 || channel < 0) return CMDLINE_INVALID_ARG;
    15da:	84 30       	cpi	r24, 0x04	; 4
    15dc:	18 f5       	brcc	.+70     	; 0x1624 <Cmd_set_temp+0x68>
	uint16_t setpoint = atoi(argv[2]);
    15de:	8c 81       	ldd	r24, Y+4	; 0x04
    15e0:	9d 81       	ldd	r25, Y+5	; 0x05
    15e2:	0e 94 98 30 	call	0x6130	; 0x6130 <atoi>
    15e6:	c8 2f       	mov	r28, r24
    15e8:	d9 2f       	mov	r29, r25
	temperature_set_point(setpoint, channel);
    15ea:	60 2f       	mov	r22, r16
    15ec:	0e 94 6d 14 	call	0x28da	; 0x28da <temperature_set_point>
	UARTprintf("Channel %d set point: %d \r\n",channel, setpoint);
    15f0:	df 93       	push	r29
    15f2:	cf 93       	push	r28
    15f4:	11 27       	eor	r17, r17
    15f6:	1f 93       	push	r17
    15f8:	0f 93       	push	r16
    15fa:	8e e3       	ldi	r24, 0x3E	; 62
    15fc:	92 e0       	ldi	r25, 0x02	; 2
    15fe:	9f 93       	push	r25
    1600:	8f 93       	push	r24
    1602:	0e 94 3e 20 	call	0x407c	; 0x407c <UARTprintf>
	return CMDLINE_OK;
    1606:	0f 90       	pop	r0
    1608:	0f 90       	pop	r0
    160a:	0f 90       	pop	r0
    160c:	0f 90       	pop	r0
    160e:	0f 90       	pop	r0
    1610:	0f 90       	pop	r0
    1612:	80 e0       	ldi	r24, 0x00	; 0
    1614:	90 e0       	ldi	r25, 0x00	; 0
    1616:	08 c0       	rjmp	.+16     	; 0x1628 <Cmd_set_temp+0x6c>
//
//*****************************************************************************
int
Cmd_set_temp(int argc, char *argv[]) 
{
	if (argc < 3) return CMDLINE_TOO_FEW_ARGS;
    1618:	83 e0       	ldi	r24, 0x03	; 3
    161a:	90 e0       	ldi	r25, 0x00	; 0
    161c:	05 c0       	rjmp	.+10     	; 0x1628 <Cmd_set_temp+0x6c>
	if (argc >3) return CMDLINE_TOO_MANY_ARGS;
    161e:	82 e0       	ldi	r24, 0x02	; 2
    1620:	90 e0       	ldi	r25, 0x00	; 0
    1622:	02 c0       	rjmp	.+4      	; 0x1628 <Cmd_set_temp+0x6c>
	//if (argv[1] > "3" || argv[1] < "0") return CMDLINE_INVALID_ARG;
	uint8_t channel = atoi(argv[1]);
	if (channel > 3 || channel < 0) return CMDLINE_INVALID_ARG;
    1624:	84 e0       	ldi	r24, 0x04	; 4
    1626:	90 e0       	ldi	r25, 0x00	; 0
	uint16_t setpoint = atoi(argv[2]);
	temperature_set_point(setpoint, channel);
	UARTprintf("Channel %d set point: %d \r\n",channel, setpoint);
	return CMDLINE_OK;
}
    1628:	df 91       	pop	r29
    162a:	cf 91       	pop	r28
    162c:	1f 91       	pop	r17
    162e:	0f 91       	pop	r16
    1630:	08 95       	ret

00001632 <Cmd_get_temp>:
// Get the temperature from NTC / onewire / bmp390
//
//*****************************************************************************
int
Cmd_get_temp(int argc, char *argv[])
{
    1632:	cf 92       	push	r12
    1634:	df 92       	push	r13
    1636:	ef 92       	push	r14
    1638:	ff 92       	push	r15
    163a:	0f 93       	push	r16
    163c:	1f 93       	push	r17
    163e:	cf 93       	push	r28
    1640:	df 93       	push	r29
    1642:	cd b7       	in	r28, 0x3d	; 61
    1644:	de b7       	in	r29, 0x3e	; 62
    1646:	64 97       	sbiw	r28, 0x14	; 20
    1648:	0f b6       	in	r0, 0x3f	; 63
    164a:	f8 94       	cli
    164c:	de bf       	out	0x3e, r29	; 62
    164e:	0f be       	out	0x3f, r0	; 63
    1650:	cd bf       	out	0x3d, r28	; 61
    1652:	8c 01       	movw	r16, r24
    1654:	7b 01       	movw	r14, r22
	if (!strcmp(argv[1], "bmp390"))
    1656:	fb 01       	movw	r30, r22
    1658:	c2 80       	ldd	r12, Z+2	; 0x02
    165a:	d3 80       	ldd	r13, Z+3	; 0x03
    165c:	6a e5       	ldi	r22, 0x5A	; 90
    165e:	72 e0       	ldi	r23, 0x02	; 2
    1660:	c6 01       	movw	r24, r12
    1662:	0e 94 99 31 	call	0x6332	; 0x6332 <strcmp>
    1666:	89 2b       	or	r24, r25
    1668:	f9 f4       	brne	.+62     	; 0x16a8 <Cmd_get_temp+0x76>
	{
		if (argc >2) return CMDLINE_TOO_MANY_ARGS;
    166a:	03 30       	cpi	r16, 0x03	; 3
    166c:	11 05       	cpc	r17, r1
    166e:	1c f0       	brlt	.+6      	; 0x1676 <Cmd_get_temp+0x44>
    1670:	02 e0       	ldi	r16, 0x02	; 2
    1672:	10 e0       	ldi	r17, 0x00	; 0
    1674:	8e c0       	rjmp	.+284    	; 0x1792 <Cmd_get_temp+0x160>
		char buffer[5];
		sprintf(buffer, "Temp of BMP490: %i", temperature_get_bmp390());
    1676:	0e 94 88 14 	call	0x2910	; 0x2910 <temperature_get_bmp390>
    167a:	9f 93       	push	r25
    167c:	8f 93       	push	r24
    167e:	81 e6       	ldi	r24, 0x61	; 97
    1680:	92 e0       	ldi	r25, 0x02	; 2
    1682:	9f 93       	push	r25
    1684:	8f 93       	push	r24
    1686:	8e 01       	movw	r16, r28
    1688:	0f 5f       	subi	r16, 0xFF	; 255
    168a:	1f 4f       	sbci	r17, 0xFF	; 255
    168c:	1f 93       	push	r17
    168e:	0f 93       	push	r16
    1690:	0e 94 f1 31 	call	0x63e2	; 0x63e2 <sprintf>
		usart0_send_string(buffer);
    1694:	c8 01       	movw	r24, r16
    1696:	0e 94 5c 1b 	call	0x36b8	; 0x36b8 <usart0_send_string>
			usart0_send_array(buffer, strlen(buffer));
		}
		else return CMDLINE_INVALID_ARG;
		return CMDLINE_OK;
	}
}
    169a:	0f 90       	pop	r0
    169c:	0f 90       	pop	r0
    169e:	0f 90       	pop	r0
    16a0:	0f 90       	pop	r0
    16a2:	0f 90       	pop	r0
    16a4:	0f 90       	pop	r0
    16a6:	77 c0       	rjmp	.+238    	; 0x1796 <Cmd_get_temp+0x164>
		usart0_send_string(buffer);
		//UARTprintf("Temp of BMP490: %s \r\n", buffer);
	}
	else
	{
		if (argc < 3) return CMDLINE_TOO_FEW_ARGS;
    16a8:	03 30       	cpi	r16, 0x03	; 3
    16aa:	11 05       	cpc	r17, r1
    16ac:	0c f4       	brge	.+2      	; 0x16b0 <Cmd_get_temp+0x7e>
    16ae:	66 c0       	rjmp	.+204    	; 0x177c <Cmd_get_temp+0x14a>
		if (argc >3) return CMDLINE_TOO_MANY_ARGS;
    16b0:	04 30       	cpi	r16, 0x04	; 4
    16b2:	11 05       	cpc	r17, r1
    16b4:	0c f0       	brlt	.+2      	; 0x16b8 <Cmd_get_temp+0x86>
    16b6:	65 c0       	rjmp	.+202    	; 0x1782 <Cmd_get_temp+0x150>
		uint8_t channel = atoi(argv[2]);
    16b8:	f7 01       	movw	r30, r14
    16ba:	84 81       	ldd	r24, Z+4	; 0x04
    16bc:	95 81       	ldd	r25, Z+5	; 0x05
    16be:	0e 94 98 30 	call	0x6130	; 0x6130 <atoi>
    16c2:	7c 01       	movw	r14, r24
		if (channel > (MAX_CHANNEL -1)) return CMDLINE_INVALID_ARG;
    16c4:	f1 e0       	ldi	r31, 0x01	; 1
    16c6:	f8 17       	cp	r31, r24
    16c8:	08 f4       	brcc	.+2      	; 0x16cc <Cmd_get_temp+0x9a>
    16ca:	5e c0       	rjmp	.+188    	; 0x1788 <Cmd_get_temp+0x156>
		if (!strcmp(argv[1], "NTC"))
    16cc:	64 e7       	ldi	r22, 0x74	; 116
    16ce:	72 e0       	ldi	r23, 0x02	; 2
    16d0:	c6 01       	movw	r24, r12
    16d2:	0e 94 99 31 	call	0x6332	; 0x6332 <strcmp>
    16d6:	8c 01       	movw	r16, r24
    16d8:	89 2b       	or	r24, r25
    16da:	21 f5       	brne	.+72     	; 0x1724 <Cmd_get_temp+0xf2>
		{
			char buffer[20];
			sprintf(buffer, "NTC[%d]: %i", channel, temperature_get_NTC(channel));
    16dc:	8e 2d       	mov	r24, r14
    16de:	0e 94 76 14 	call	0x28ec	; 0x28ec <temperature_get_NTC>
    16e2:	9f 93       	push	r25
    16e4:	8f 93       	push	r24
    16e6:	ff 24       	eor	r15, r15
    16e8:	ff 92       	push	r15
    16ea:	ef 92       	push	r14
    16ec:	88 e7       	ldi	r24, 0x78	; 120
    16ee:	92 e0       	ldi	r25, 0x02	; 2
    16f0:	9f 93       	push	r25
    16f2:	8f 93       	push	r24
    16f4:	ce 01       	movw	r24, r28
    16f6:	01 96       	adiw	r24, 0x01	; 1
    16f8:	7c 01       	movw	r14, r24
    16fa:	9f 93       	push	r25
    16fc:	8f 93       	push	r24
    16fe:	0e 94 f1 31 	call	0x63e2	; 0x63e2 <sprintf>
//			UARTprintf("NTC[%d]: %s \r\n", channel, buffer);
			usart0_send_array(buffer, strlen(buffer));
    1702:	f7 01       	movw	r30, r14
    1704:	01 90       	ld	r0, Z+
    1706:	00 20       	and	r0, r0
    1708:	e9 f7       	brne	.-6      	; 0x1704 <Cmd_get_temp+0xd2>
    170a:	31 97       	sbiw	r30, 0x01	; 1
    170c:	bf 01       	movw	r22, r30
    170e:	6e 19       	sub	r22, r14
    1710:	7f 09       	sbc	r23, r15
    1712:	c7 01       	movw	r24, r14
    1714:	0e 94 6b 1b 	call	0x36d6	; 0x36d6 <usart0_send_array>
    1718:	0f b6       	in	r0, 0x3f	; 63
    171a:	f8 94       	cli
    171c:	de bf       	out	0x3e, r29	; 62
    171e:	0f be       	out	0x3f, r0	; 63
    1720:	cd bf       	out	0x3d, r28	; 61
    1722:	37 c0       	rjmp	.+110    	; 0x1792 <Cmd_get_temp+0x160>

		
		}
		else if (!strcmp(argv[1], "onewire"))
    1724:	64 e8       	ldi	r22, 0x84	; 132
    1726:	72 e0       	ldi	r23, 0x02	; 2
    1728:	c6 01       	movw	r24, r12
    172a:	0e 94 99 31 	call	0x6332	; 0x6332 <strcmp>
    172e:	8c 01       	movw	r16, r24
    1730:	89 2b       	or	r24, r25
    1732:	69 f5       	brne	.+90     	; 0x178e <Cmd_get_temp+0x15c>
		{
			char buffer[20];
			sprintf(buffer, "1-Wire[%d]: %i", channel, temperature_get_onewire(channel));
    1734:	8e 2d       	mov	r24, r14
    1736:	0e 94 7f 14 	call	0x28fe	; 0x28fe <temperature_get_onewire>
    173a:	9f 93       	push	r25
    173c:	8f 93       	push	r24
    173e:	ff 24       	eor	r15, r15
    1740:	ff 92       	push	r15
    1742:	ef 92       	push	r14
    1744:	8c e8       	ldi	r24, 0x8C	; 140
    1746:	92 e0       	ldi	r25, 0x02	; 2
    1748:	9f 93       	push	r25
    174a:	8f 93       	push	r24
    174c:	ce 01       	movw	r24, r28
    174e:	01 96       	adiw	r24, 0x01	; 1
    1750:	7c 01       	movw	r14, r24
    1752:	9f 93       	push	r25
    1754:	8f 93       	push	r24
    1756:	0e 94 f1 31 	call	0x63e2	; 0x63e2 <sprintf>
//			UARTprintf("1-Wire[%d]: %s \r\n", channel, buffer);
			usart0_send_array(buffer, strlen(buffer));
    175a:	f7 01       	movw	r30, r14
    175c:	01 90       	ld	r0, Z+
    175e:	00 20       	and	r0, r0
    1760:	e9 f7       	brne	.-6      	; 0x175c <Cmd_get_temp+0x12a>
    1762:	31 97       	sbiw	r30, 0x01	; 1
    1764:	bf 01       	movw	r22, r30
    1766:	6e 19       	sub	r22, r14
    1768:	7f 09       	sbc	r23, r15
    176a:	c7 01       	movw	r24, r14
    176c:	0e 94 6b 1b 	call	0x36d6	; 0x36d6 <usart0_send_array>
    1770:	0f b6       	in	r0, 0x3f	; 63
    1772:	f8 94       	cli
    1774:	de bf       	out	0x3e, r29	; 62
    1776:	0f be       	out	0x3f, r0	; 63
    1778:	cd bf       	out	0x3d, r28	; 61
    177a:	0b c0       	rjmp	.+22     	; 0x1792 <Cmd_get_temp+0x160>
		usart0_send_string(buffer);
		//UARTprintf("Temp of BMP490: %s \r\n", buffer);
	}
	else
	{
		if (argc < 3) return CMDLINE_TOO_FEW_ARGS;
    177c:	03 e0       	ldi	r16, 0x03	; 3
    177e:	10 e0       	ldi	r17, 0x00	; 0
    1780:	08 c0       	rjmp	.+16     	; 0x1792 <Cmd_get_temp+0x160>
		if (argc >3) return CMDLINE_TOO_MANY_ARGS;
    1782:	02 e0       	ldi	r16, 0x02	; 2
    1784:	10 e0       	ldi	r17, 0x00	; 0
    1786:	05 c0       	rjmp	.+10     	; 0x1792 <Cmd_get_temp+0x160>
		uint8_t channel = atoi(argv[2]);
		if (channel > (MAX_CHANNEL -1)) return CMDLINE_INVALID_ARG;
    1788:	04 e0       	ldi	r16, 0x04	; 4
    178a:	10 e0       	ldi	r17, 0x00	; 0
    178c:	02 c0       	rjmp	.+4      	; 0x1792 <Cmd_get_temp+0x160>
			char buffer[20];
			sprintf(buffer, "1-Wire[%d]: %i", channel, temperature_get_onewire(channel));
//			UARTprintf("1-Wire[%d]: %s \r\n", channel, buffer);
			usart0_send_array(buffer, strlen(buffer));
		}
		else return CMDLINE_INVALID_ARG;
    178e:	04 e0       	ldi	r16, 0x04	; 4
    1790:	10 e0       	ldi	r17, 0x00	; 0
    1792:	80 2f       	mov	r24, r16
    1794:	91 2f       	mov	r25, r17
		return CMDLINE_OK;
	}
}
    1796:	64 96       	adiw	r28, 0x14	; 20
    1798:	0f b6       	in	r0, 0x3f	; 63
    179a:	f8 94       	cli
    179c:	de bf       	out	0x3e, r29	; 62
    179e:	0f be       	out	0x3f, r0	; 63
    17a0:	cd bf       	out	0x3d, r28	; 61
    17a2:	df 91       	pop	r29
    17a4:	cf 91       	pop	r28
    17a6:	1f 91       	pop	r17
    17a8:	0f 91       	pop	r16
    17aa:	ff 90       	pop	r15
    17ac:	ef 90       	pop	r14
    17ae:	df 90       	pop	r13
    17b0:	cf 90       	pop	r12
    17b2:	08 95       	ret

000017b4 <Cmd_tec_set_auto_voltage>:
// Format: tec_set_auto_voltage channel auto_voltage
//
//*****************************************************************************
int
Cmd_tec_set_auto_voltage(int argc, char *argv[]) 
{
    17b4:	0f 93       	push	r16
    17b6:	1f 93       	push	r17
    17b8:	cf 93       	push	r28
    17ba:	df 93       	push	r29
	  if (argc < 3) return CMDLINE_TOO_FEW_ARGS;
    17bc:	83 30       	cpi	r24, 0x03	; 3
    17be:	91 05       	cpc	r25, r1
    17c0:	4c f1       	brlt	.+82     	; 0x1814 <Cmd_tec_set_auto_voltage+0x60>
	  if (argc >3) return CMDLINE_TOO_MANY_ARGS;
    17c2:	04 97       	sbiw	r24, 0x04	; 4
    17c4:	54 f5       	brge	.+84     	; 0x181a <Cmd_tec_set_auto_voltage+0x66>
    17c6:	eb 01       	movw	r28, r22
	  uint8_t channel = atoi(argv[1]);
    17c8:	8a 81       	ldd	r24, Y+2	; 0x02
    17ca:	9b 81       	ldd	r25, Y+3	; 0x03
    17cc:	0e 94 98 30 	call	0x6130	; 0x6130 <atoi>
    17d0:	8c 01       	movw	r16, r24
	  if (channel > 3)	return CMDLINE_INVALID_ARG;
    17d2:	84 30       	cpi	r24, 0x04	; 4
    17d4:	28 f5       	brcc	.+74     	; 0x1820 <Cmd_tec_set_auto_voltage+0x6c>
	  
	uint16_t voltage = atoi(argv[2]);
    17d6:	8c 81       	ldd	r24, Y+4	; 0x04
    17d8:	9d 81       	ldd	r25, Y+5	; 0x05
    17da:	0e 94 98 30 	call	0x6130	; 0x6130 <atoi>
    17de:	c8 2f       	mov	r28, r24
    17e0:	d9 2f       	mov	r29, r25
	temperature_set_auto_voltage( channel, voltage);
    17e2:	68 2f       	mov	r22, r24
    17e4:	79 2f       	mov	r23, r25
    17e6:	80 2f       	mov	r24, r16
    17e8:	0e 94 d5 17 	call	0x2faa	; 0x2faa <temperature_set_auto_voltage>
	UARTprintf("Channel %d auto voltage: %d \r\n",channel, voltage);
    17ec:	df 93       	push	r29
    17ee:	cf 93       	push	r28
    17f0:	11 27       	eor	r17, r17
    17f2:	1f 93       	push	r17
    17f4:	0f 93       	push	r16
    17f6:	8b e9       	ldi	r24, 0x9B	; 155
    17f8:	92 e0       	ldi	r25, 0x02	; 2
    17fa:	9f 93       	push	r25
    17fc:	8f 93       	push	r24
    17fe:	0e 94 3e 20 	call	0x407c	; 0x407c <UARTprintf>
	return CMDLINE_OK;
    1802:	0f 90       	pop	r0
    1804:	0f 90       	pop	r0
    1806:	0f 90       	pop	r0
    1808:	0f 90       	pop	r0
    180a:	0f 90       	pop	r0
    180c:	0f 90       	pop	r0
    180e:	80 e0       	ldi	r24, 0x00	; 0
    1810:	90 e0       	ldi	r25, 0x00	; 0
    1812:	08 c0       	rjmp	.+16     	; 0x1824 <Cmd_tec_set_auto_voltage+0x70>
//
//*****************************************************************************
int
Cmd_tec_set_auto_voltage(int argc, char *argv[]) 
{
	  if (argc < 3) return CMDLINE_TOO_FEW_ARGS;
    1814:	83 e0       	ldi	r24, 0x03	; 3
    1816:	90 e0       	ldi	r25, 0x00	; 0
    1818:	05 c0       	rjmp	.+10     	; 0x1824 <Cmd_tec_set_auto_voltage+0x70>
	  if (argc >3) return CMDLINE_TOO_MANY_ARGS;
    181a:	82 e0       	ldi	r24, 0x02	; 2
    181c:	90 e0       	ldi	r25, 0x00	; 0
    181e:	02 c0       	rjmp	.+4      	; 0x1824 <Cmd_tec_set_auto_voltage+0x70>
	  uint8_t channel = atoi(argv[1]);
	  if (channel > 3)	return CMDLINE_INVALID_ARG;
    1820:	84 e0       	ldi	r24, 0x04	; 4
    1822:	90 e0       	ldi	r25, 0x00	; 0
	  
	uint16_t voltage = atoi(argv[2]);
	temperature_set_auto_voltage( channel, voltage);
	UARTprintf("Channel %d auto voltage: %d \r\n",channel, voltage);
	return CMDLINE_OK;
}
    1824:	df 91       	pop	r29
    1826:	cf 91       	pop	r28
    1828:	1f 91       	pop	r17
    182a:	0f 91       	pop	r16
    182c:	08 95       	ret

0000182e <Cmd_TEC_enable>:
//
//*****************************************************************************
int
Cmd_TEC_enable(int argc, char *argv[])
{
		  if (argc < 2) return CMDLINE_TOO_FEW_ARGS;
    182e:	82 30       	cpi	r24, 0x02	; 2
    1830:	91 05       	cpc	r25, r1
    1832:	74 f0       	brlt	.+28     	; 0x1850 <Cmd_TEC_enable+0x22>
		  if (argc >2) return CMDLINE_TOO_MANY_ARGS;
    1834:	03 97       	sbiw	r24, 0x03	; 3
    1836:	7c f4       	brge	.+30     	; 0x1856 <Cmd_TEC_enable+0x28>
    1838:	fb 01       	movw	r30, r22
		  uint8_t channel = atoi(argv[1]);
    183a:	82 81       	ldd	r24, Z+2	; 0x02
    183c:	93 81       	ldd	r25, Z+3	; 0x03
    183e:	0e 94 98 30 	call	0x6130	; 0x6130 <atoi>
		  if (channel > 3)	return CMDLINE_INVALID_ARG;
    1842:	84 30       	cpi	r24, 0x04	; 4
    1844:	58 f4       	brcc	.+22     	; 0x185c <Cmd_TEC_enable+0x2e>
		  temperature_enable_TEC(channel);
    1846:	0e 94 8d 14 	call	0x291a	; 0x291a <temperature_enable_TEC>
		  return CMDLINE_OK;
    184a:	80 e0       	ldi	r24, 0x00	; 0
    184c:	90 e0       	ldi	r25, 0x00	; 0
    184e:	08 95       	ret
//
//*****************************************************************************
int
Cmd_TEC_enable(int argc, char *argv[])
{
		  if (argc < 2) return CMDLINE_TOO_FEW_ARGS;
    1850:	83 e0       	ldi	r24, 0x03	; 3
    1852:	90 e0       	ldi	r25, 0x00	; 0
    1854:	08 95       	ret
		  if (argc >2) return CMDLINE_TOO_MANY_ARGS;
    1856:	82 e0       	ldi	r24, 0x02	; 2
    1858:	90 e0       	ldi	r25, 0x00	; 0
    185a:	08 95       	ret
		  uint8_t channel = atoi(argv[1]);
		  if (channel > 3)	return CMDLINE_INVALID_ARG;
    185c:	84 e0       	ldi	r24, 0x04	; 4
    185e:	90 e0       	ldi	r25, 0x00	; 0
		  temperature_enable_TEC(channel);
		  return CMDLINE_OK;
}
    1860:	08 95       	ret

00001862 <Cmd_TEC_disable>:
// Format: TEC_dis channel 
//
//*****************************************************************************
int
Cmd_TEC_disable(int argc, char *argv[])
{
    1862:	0f 93       	push	r16
    1864:	1f 93       	push	r17
    1866:	cf 93       	push	r28
    1868:	df 93       	push	r29
	if (argc < 2) return CMDLINE_TOO_FEW_ARGS;
    186a:	82 30       	cpi	r24, 0x02	; 2
    186c:	91 05       	cpc	r25, r1
    186e:	4c f1       	brlt	.+82     	; 0x18c2 <Cmd_TEC_disable+0x60>
	if (argc >2) return CMDLINE_TOO_MANY_ARGS;
    1870:	03 97       	sbiw	r24, 0x03	; 3
    1872:	54 f5       	brge	.+84     	; 0x18c8 <Cmd_TEC_disable+0x66>
    1874:	fb 01       	movw	r30, r22
	if (!strcmp(argv[1], "a"))
    1876:	02 81       	ldd	r16, Z+2	; 0x02
    1878:	13 81       	ldd	r17, Z+3	; 0x03
    187a:	68 e3       	ldi	r22, 0x38	; 56
    187c:	75 e0       	ldi	r23, 0x05	; 5
    187e:	c8 01       	movw	r24, r16
    1880:	0e 94 99 31 	call	0x6332	; 0x6332 <strcmp>
    1884:	ec 01       	movw	r28, r24
    1886:	89 2b       	or	r24, r25
    1888:	91 f4       	brne	.+36     	; 0x18ae <Cmd_TEC_disable+0x4c>
	{
		for (uint8_t udx=0; udx < 3; udx++)	 temperature_disable_TEC(udx);
    188a:	80 e0       	ldi	r24, 0x00	; 0
    188c:	0e 94 a0 14 	call	0x2940	; 0x2940 <temperature_disable_TEC>
    1890:	81 e0       	ldi	r24, 0x01	; 1
    1892:	0e 94 a0 14 	call	0x2940	; 0x2940 <temperature_disable_TEC>
    1896:	82 e0       	ldi	r24, 0x02	; 2
    1898:	0e 94 a0 14 	call	0x2940	; 0x2940 <temperature_disable_TEC>
		UARTprintf("disabled all channel\r\n");
    189c:	8a eb       	ldi	r24, 0xBA	; 186
    189e:	92 e0       	ldi	r25, 0x02	; 2
    18a0:	9f 93       	push	r25
    18a2:	8f 93       	push	r24
    18a4:	0e 94 3e 20 	call	0x407c	; 0x407c <UARTprintf>
		return CMDLINE_OK;
    18a8:	0f 90       	pop	r0
    18aa:	0f 90       	pop	r0
    18ac:	12 c0       	rjmp	.+36     	; 0x18d2 <Cmd_TEC_disable+0x70>
	}
	uint8_t channel = atoi(argv[1]);
    18ae:	c8 01       	movw	r24, r16
    18b0:	0e 94 98 30 	call	0x6130	; 0x6130 <atoi>
	if (channel > 3)	return CMDLINE_INVALID_ARG;
    18b4:	84 30       	cpi	r24, 0x04	; 4
    18b6:	58 f4       	brcc	.+22     	; 0x18ce <Cmd_TEC_disable+0x6c>
	temperature_disable_TEC(channel);
    18b8:	0e 94 a0 14 	call	0x2940	; 0x2940 <temperature_disable_TEC>
	return CMDLINE_OK;
    18bc:	c0 e0       	ldi	r28, 0x00	; 0
    18be:	d0 e0       	ldi	r29, 0x00	; 0
    18c0:	08 c0       	rjmp	.+16     	; 0x18d2 <Cmd_TEC_disable+0x70>
//
//*****************************************************************************
int
Cmd_TEC_disable(int argc, char *argv[])
{
	if (argc < 2) return CMDLINE_TOO_FEW_ARGS;
    18c2:	c3 e0       	ldi	r28, 0x03	; 3
    18c4:	d0 e0       	ldi	r29, 0x00	; 0
    18c6:	05 c0       	rjmp	.+10     	; 0x18d2 <Cmd_TEC_disable+0x70>
	if (argc >2) return CMDLINE_TOO_MANY_ARGS;
    18c8:	c2 e0       	ldi	r28, 0x02	; 2
    18ca:	d0 e0       	ldi	r29, 0x00	; 0
    18cc:	02 c0       	rjmp	.+4      	; 0x18d2 <Cmd_TEC_disable+0x70>
		for (uint8_t udx=0; udx < 3; udx++)	 temperature_disable_TEC(udx);
		UARTprintf("disabled all channel\r\n");
		return CMDLINE_OK;
	}
	uint8_t channel = atoi(argv[1]);
	if (channel > 3)	return CMDLINE_INVALID_ARG;
    18ce:	c4 e0       	ldi	r28, 0x04	; 4
    18d0:	d0 e0       	ldi	r29, 0x00	; 0
	temperature_disable_TEC(channel);
	return CMDLINE_OK;
}
    18d2:	ce 01       	movw	r24, r28
    18d4:	df 91       	pop	r29
    18d6:	cf 91       	pop	r28
    18d8:	1f 91       	pop	r17
    18da:	0f 91       	pop	r16
    18dc:	08 95       	ret

000018de <Cmd_TEC_enable_auto_control>:
// Format: TEC_ena_control channel 
//
//*****************************************************************************
int
Cmd_TEC_enable_auto_control(int argc, char *argv[])
{
    18de:	cf 93       	push	r28
		  if (argc < 2) return CMDLINE_TOO_FEW_ARGS;
    18e0:	82 30       	cpi	r24, 0x02	; 2
    18e2:	91 05       	cpc	r25, r1
    18e4:	c4 f0       	brlt	.+48     	; 0x1916 <Cmd_TEC_enable_auto_control+0x38>
		  if (argc >2) return CMDLINE_TOO_MANY_ARGS;
    18e6:	03 97       	sbiw	r24, 0x03	; 3
    18e8:	cc f4       	brge	.+50     	; 0x191c <Cmd_TEC_enable_auto_control+0x3e>
    18ea:	fb 01       	movw	r30, r22
		  uint8_t channel = atoi(argv[1]);
    18ec:	82 81       	ldd	r24, Z+2	; 0x02
    18ee:	93 81       	ldd	r25, Z+3	; 0x03
    18f0:	0e 94 98 30 	call	0x6130	; 0x6130 <atoi>
		  if (channel > 3)	return CMDLINE_INVALID_ARG;
    18f4:	84 30       	cpi	r24, 0x04	; 4
    18f6:	a8 f4       	brcc	.+42     	; 0x1922 <Cmd_TEC_enable_auto_control+0x44>
		  temperature_enable_auto_control_TEC(channel << 1);
    18f8:	c8 2f       	mov	r28, r24
    18fa:	cc 0f       	add	r28, r28
    18fc:	8c 2f       	mov	r24, r28
    18fe:	0e 94 a0 17 	call	0x2f40	; 0x2f40 <temperature_enable_auto_control_TEC>
		  temperature_disable_TEC(channel*2);
    1902:	8c 2f       	mov	r24, r28
    1904:	0e 94 a0 14 	call	0x2940	; 0x2940 <temperature_disable_TEC>
		  temperature_disable_TEC(channel*2 + 1);
    1908:	81 e0       	ldi	r24, 0x01	; 1
    190a:	8c 0f       	add	r24, r28
    190c:	0e 94 a0 14 	call	0x2940	; 0x2940 <temperature_disable_TEC>
		  return CMDLINE_OK;
    1910:	80 e0       	ldi	r24, 0x00	; 0
    1912:	90 e0       	ldi	r25, 0x00	; 0
    1914:	08 c0       	rjmp	.+16     	; 0x1926 <Cmd_TEC_enable_auto_control+0x48>
//
//*****************************************************************************
int
Cmd_TEC_enable_auto_control(int argc, char *argv[])
{
		  if (argc < 2) return CMDLINE_TOO_FEW_ARGS;
    1916:	83 e0       	ldi	r24, 0x03	; 3
    1918:	90 e0       	ldi	r25, 0x00	; 0
    191a:	05 c0       	rjmp	.+10     	; 0x1926 <Cmd_TEC_enable_auto_control+0x48>
		  if (argc >2) return CMDLINE_TOO_MANY_ARGS;
    191c:	82 e0       	ldi	r24, 0x02	; 2
    191e:	90 e0       	ldi	r25, 0x00	; 0
    1920:	02 c0       	rjmp	.+4      	; 0x1926 <Cmd_TEC_enable_auto_control+0x48>
		  uint8_t channel = atoi(argv[1]);
		  if (channel > 3)	return CMDLINE_INVALID_ARG;
    1922:	84 e0       	ldi	r24, 0x04	; 4
    1924:	90 e0       	ldi	r25, 0x00	; 0
		  temperature_enable_auto_control_TEC(channel << 1);
		  temperature_disable_TEC(channel*2);
		  temperature_disable_TEC(channel*2 + 1);
		  return CMDLINE_OK;
}
    1926:	cf 91       	pop	r28
    1928:	08 95       	ret

0000192a <Cmd_TEC_disable_auto_control>:
//
//*****************************************************************************
int
Cmd_TEC_disable_auto_control(int argc, char *argv[])
{
		  if (argc < 2) return CMDLINE_TOO_FEW_ARGS;
    192a:	82 30       	cpi	r24, 0x02	; 2
    192c:	91 05       	cpc	r25, r1
    192e:	7c f0       	brlt	.+30     	; 0x194e <Cmd_TEC_disable_auto_control+0x24>
		  if (argc >2) return CMDLINE_TOO_MANY_ARGS;
    1930:	03 97       	sbiw	r24, 0x03	; 3
    1932:	84 f4       	brge	.+32     	; 0x1954 <Cmd_TEC_disable_auto_control+0x2a>
    1934:	fb 01       	movw	r30, r22
		  uint8_t channel = atoi(argv[1]);
    1936:	82 81       	ldd	r24, Z+2	; 0x02
    1938:	93 81       	ldd	r25, Z+3	; 0x03
    193a:	0e 94 98 30 	call	0x6130	; 0x6130 <atoi>
		  if (channel > 3)	return CMDLINE_INVALID_ARG;
    193e:	84 30       	cpi	r24, 0x04	; 4
    1940:	60 f4       	brcc	.+24     	; 0x195a <Cmd_TEC_disable_auto_control+0x30>
		  temperature_disable_auto_control_TEC(channel << 1);
    1942:	88 0f       	add	r24, r24
    1944:	0e 94 b4 14 	call	0x2968	; 0x2968 <temperature_disable_auto_control_TEC>
		  
		  return CMDLINE_OK;
    1948:	80 e0       	ldi	r24, 0x00	; 0
    194a:	90 e0       	ldi	r25, 0x00	; 0
    194c:	08 95       	ret
//
//*****************************************************************************
int
Cmd_TEC_disable_auto_control(int argc, char *argv[])
{
		  if (argc < 2) return CMDLINE_TOO_FEW_ARGS;
    194e:	83 e0       	ldi	r24, 0x03	; 3
    1950:	90 e0       	ldi	r25, 0x00	; 0
    1952:	08 95       	ret
		  if (argc >2) return CMDLINE_TOO_MANY_ARGS;
    1954:	82 e0       	ldi	r24, 0x02	; 2
    1956:	90 e0       	ldi	r25, 0x00	; 0
    1958:	08 95       	ret
		  uint8_t channel = atoi(argv[1]);
		  if (channel > 3)	return CMDLINE_INVALID_ARG;
    195a:	84 e0       	ldi	r24, 0x04	; 4
    195c:	90 e0       	ldi	r25, 0x00	; 0
		  temperature_disable_auto_control_TEC(channel << 1);
		  
		  return CMDLINE_OK;
}
    195e:	08 95       	ret

00001960 <Cmd_tec_get_status>:

int
Cmd_tec_get_status(int argc, char *argv[])
{

	if (argc >1) return CMDLINE_TOO_MANY_ARGS;
    1960:	02 97       	sbiw	r24, 0x02	; 2
    1962:	2c f4       	brge	.+10     	; 0x196e <Cmd_tec_get_status+0xe>
	temperature_get_status();
    1964:	0e 94 de 17 	call	0x2fbc	; 0x2fbc <temperature_get_status>
	return CMDLINE_OK;
    1968:	80 e0       	ldi	r24, 0x00	; 0
    196a:	90 e0       	ldi	r25, 0x00	; 0
    196c:	08 95       	ret

int
Cmd_tec_get_status(int argc, char *argv[])
{

	if (argc >1) return CMDLINE_TOO_MANY_ARGS;
    196e:	82 e0       	ldi	r24, 0x02	; 2
    1970:	90 e0       	ldi	r25, 0x00	; 0
	temperature_get_status();
	return CMDLINE_OK;
	
}
    1972:	08 95       	ret

00001974 <Cmd_TEC_log_enable>:

int
Cmd_TEC_log_enable(int argc, char *argv[])
{

	if (argc >1) return CMDLINE_TOO_MANY_ARGS;
    1974:	02 97       	sbiw	r24, 0x02	; 2
    1976:	2c f4       	brge	.+10     	; 0x1982 <Cmd_TEC_log_enable+0xe>
	temperature_enable_log();
    1978:	0e 94 de 18 	call	0x31bc	; 0x31bc <temperature_enable_log>
	return CMDLINE_OK;
    197c:	80 e0       	ldi	r24, 0x00	; 0
    197e:	90 e0       	ldi	r25, 0x00	; 0
    1980:	08 95       	ret

int
Cmd_TEC_log_enable(int argc, char *argv[])
{

	if (argc >1) return CMDLINE_TOO_MANY_ARGS;
    1982:	82 e0       	ldi	r24, 0x02	; 2
    1984:	90 e0       	ldi	r25, 0x00	; 0
	temperature_enable_log();
	return CMDLINE_OK;
	
}
    1986:	08 95       	ret

00001988 <Cmd_TEC_log_disable>:

int
Cmd_TEC_log_disable(int argc, char *argv[])
{

	if (argc >1) return CMDLINE_TOO_MANY_ARGS;
    1988:	02 97       	sbiw	r24, 0x02	; 2
    198a:	2c f4       	brge	.+10     	; 0x1996 <Cmd_TEC_log_disable+0xe>
	temperature_disable_log();
    198c:	0e 94 e2 18 	call	0x31c4	; 0x31c4 <temperature_disable_log>
	return CMDLINE_OK;
    1990:	80 e0       	ldi	r24, 0x00	; 0
    1992:	90 e0       	ldi	r25, 0x00	; 0
    1994:	08 95       	ret

int
Cmd_TEC_log_disable(int argc, char *argv[])
{

	if (argc >1) return CMDLINE_TOO_MANY_ARGS;
    1996:	82 e0       	ldi	r24, 0x02	; 2
    1998:	90 e0       	ldi	r25, 0x00	; 0
	temperature_disable_log();
	return CMDLINE_OK;
	
}
    199a:	08 95       	ret

0000199c <Cmd_TEC_set_output>:
//
//*****************************************************************************

int
Cmd_TEC_set_output(int argc, char *argv[])
{
    199c:	0f 93       	push	r16
    199e:	1f 93       	push	r17
    19a0:	cf 93       	push	r28
    19a2:	df 93       	push	r29

	if (argc < 4) return CMDLINE_TOO_FEW_ARGS;
    19a4:	84 30       	cpi	r24, 0x04	; 4
    19a6:	91 05       	cpc	r25, r1
    19a8:	dc f0       	brlt	.+54     	; 0x19e0 <Cmd_TEC_set_output+0x44>
	if (argc >4) return CMDLINE_TOO_MANY_ARGS;
    19aa:	05 97       	sbiw	r24, 0x05	; 5
    19ac:	e4 f4       	brge	.+56     	; 0x19e6 <Cmd_TEC_set_output+0x4a>
    19ae:	eb 01       	movw	r28, r22
	uint8_t _heatCool = atoi(argv[2]);
    19b0:	8c 81       	ldd	r24, Y+4	; 0x04
    19b2:	9d 81       	ldd	r25, Y+5	; 0x05
    19b4:	0e 94 98 30 	call	0x6130	; 0x6130 <atoi>
    19b8:	08 2f       	mov	r16, r24
	uint8_t _channel = atoi(argv[1]);
    19ba:	8a 81       	ldd	r24, Y+2	; 0x02
    19bc:	9b 81       	ldd	r25, Y+3	; 0x03
    19be:	0e 94 98 30 	call	0x6130	; 0x6130 <atoi>
    19c2:	18 2f       	mov	r17, r24
	uint16_t	_voltage = atoi(argv[3]);
    19c4:	8e 81       	ldd	r24, Y+6	; 0x06
    19c6:	9f 81       	ldd	r25, Y+7	; 0x07
    19c8:	0e 94 98 30 	call	0x6130	; 0x6130 <atoi>
	if (_channel >=4 )	return CMDLINE_INVALID_ARG;
    19cc:	14 30       	cpi	r17, 0x04	; 4
    19ce:	70 f4       	brcc	.+28     	; 0x19ec <Cmd_TEC_set_output+0x50>
	temperature_set_TEC_output(_channel, _heatCool, _voltage);
    19d0:	ac 01       	movw	r20, r24
    19d2:	60 2f       	mov	r22, r16
    19d4:	81 2f       	mov	r24, r17
    19d6:	0e 94 c8 14 	call	0x2990	; 0x2990 <temperature_set_TEC_output>
	return CMDLINE_OK;
    19da:	80 e0       	ldi	r24, 0x00	; 0
    19dc:	90 e0       	ldi	r25, 0x00	; 0
    19de:	08 c0       	rjmp	.+16     	; 0x19f0 <Cmd_TEC_set_output+0x54>

int
Cmd_TEC_set_output(int argc, char *argv[])
{

	if (argc < 4) return CMDLINE_TOO_FEW_ARGS;
    19e0:	83 e0       	ldi	r24, 0x03	; 3
    19e2:	90 e0       	ldi	r25, 0x00	; 0
    19e4:	05 c0       	rjmp	.+10     	; 0x19f0 <Cmd_TEC_set_output+0x54>
	if (argc >4) return CMDLINE_TOO_MANY_ARGS;
    19e6:	82 e0       	ldi	r24, 0x02	; 2
    19e8:	90 e0       	ldi	r25, 0x00	; 0
    19ea:	02 c0       	rjmp	.+4      	; 0x19f0 <Cmd_TEC_set_output+0x54>
	uint8_t _heatCool = atoi(argv[2]);
	uint8_t _channel = atoi(argv[1]);
	uint16_t	_voltage = atoi(argv[3]);
	if (_channel >=4 )	return CMDLINE_INVALID_ARG;
    19ec:	84 e0       	ldi	r24, 0x04	; 4
    19ee:	90 e0       	ldi	r25, 0x00	; 0
	temperature_set_TEC_output(_channel, _heatCool, _voltage);
	return CMDLINE_OK;
	 
}
    19f0:	df 91       	pop	r29
    19f2:	cf 91       	pop	r28
    19f4:	1f 91       	pop	r17
    19f6:	0f 91       	pop	r16
    19f8:	08 95       	ret

000019fa <Cmd_get_temp_setpoint>:

int
Cmd_get_temp_setpoint(int argc, char *argv[])
{
    19fa:	cf 93       	push	r28
    19fc:	df 93       	push	r29
	if (argc < 2) return CMDLINE_TOO_FEW_ARGS;
    19fe:	82 30       	cpi	r24, 0x02	; 2
    1a00:	91 05       	cpc	r25, r1
    1a02:	04 f1       	brlt	.+64     	; 0x1a44 <Cmd_get_temp_setpoint+0x4a>
	if (argc >2) return CMDLINE_TOO_MANY_ARGS;
    1a04:	03 97       	sbiw	r24, 0x03	; 3
    1a06:	0c f5       	brge	.+66     	; 0x1a4a <Cmd_get_temp_setpoint+0x50>
    1a08:	fb 01       	movw	r30, r22
	uint8_t _channel = atoi(argv[1]);
    1a0a:	82 81       	ldd	r24, Z+2	; 0x02
    1a0c:	93 81       	ldd	r25, Z+3	; 0x03
    1a0e:	0e 94 98 30 	call	0x6130	; 0x6130 <atoi>
    1a12:	ec 01       	movw	r28, r24
	uint16_t	_setpoint;
	if (_channel > 2)	return CMDLINE_INVALID_ARG;
    1a14:	83 30       	cpi	r24, 0x03	; 3
    1a16:	e0 f4       	brcc	.+56     	; 0x1a50 <Cmd_get_temp_setpoint+0x56>
	_setpoint = temperature_get_setpoint(_channel);
    1a18:	0e 94 cc 17 	call	0x2f98	; 0x2f98 <temperature_get_setpoint>
	UARTprintf("Setpoint channel[%d]: %d \r\n", _channel, _setpoint);
    1a1c:	9f 93       	push	r25
    1a1e:	8f 93       	push	r24
    1a20:	dd 27       	eor	r29, r29
    1a22:	df 93       	push	r29
    1a24:	cf 93       	push	r28
    1a26:	81 ed       	ldi	r24, 0xD1	; 209
    1a28:	92 e0       	ldi	r25, 0x02	; 2
    1a2a:	9f 93       	push	r25
    1a2c:	8f 93       	push	r24
    1a2e:	0e 94 3e 20 	call	0x407c	; 0x407c <UARTprintf>
	return CMDLINE_OK;
    1a32:	0f 90       	pop	r0
    1a34:	0f 90       	pop	r0
    1a36:	0f 90       	pop	r0
    1a38:	0f 90       	pop	r0
    1a3a:	0f 90       	pop	r0
    1a3c:	0f 90       	pop	r0
    1a3e:	80 e0       	ldi	r24, 0x00	; 0
    1a40:	90 e0       	ldi	r25, 0x00	; 0
    1a42:	08 c0       	rjmp	.+16     	; 0x1a54 <Cmd_get_temp_setpoint+0x5a>
}

int
Cmd_get_temp_setpoint(int argc, char *argv[])
{
	if (argc < 2) return CMDLINE_TOO_FEW_ARGS;
    1a44:	83 e0       	ldi	r24, 0x03	; 3
    1a46:	90 e0       	ldi	r25, 0x00	; 0
    1a48:	05 c0       	rjmp	.+10     	; 0x1a54 <Cmd_get_temp_setpoint+0x5a>
	if (argc >2) return CMDLINE_TOO_MANY_ARGS;
    1a4a:	82 e0       	ldi	r24, 0x02	; 2
    1a4c:	90 e0       	ldi	r25, 0x00	; 0
    1a4e:	02 c0       	rjmp	.+4      	; 0x1a54 <Cmd_get_temp_setpoint+0x5a>
	uint8_t _channel = atoi(argv[1]);
	uint16_t	_setpoint;
	if (_channel > 2)	return CMDLINE_INVALID_ARG;
    1a50:	84 e0       	ldi	r24, 0x04	; 4
    1a52:	90 e0       	ldi	r25, 0x00	; 0
	_setpoint = temperature_get_setpoint(_channel);
	UARTprintf("Setpoint channel[%d]: %d \r\n", _channel, _setpoint);
	return CMDLINE_OK;
}
    1a54:	df 91       	pop	r29
    1a56:	cf 91       	pop	r28
    1a58:	08 95       	ret

00001a5a <Cmd_ringled_set_RGBW>:

int
Cmd_ringled_set_RGBW(int argc, char *argv[])
{
    1a5a:	ff 92       	push	r15
    1a5c:	0f 93       	push	r16
    1a5e:	1f 93       	push	r17
    1a60:	cf 93       	push	r28
    1a62:	df 93       	push	r29
	if (argc < 5) return CMDLINE_TOO_FEW_ARGS;
    1a64:	85 30       	cpi	r24, 0x05	; 5
    1a66:	91 05       	cpc	r25, r1
    1a68:	fc f0       	brlt	.+62     	; 0x1aa8 <Cmd_ringled_set_RGBW+0x4e>
	if (argc > 5) return CMDLINE_TOO_MANY_ARGS;
    1a6a:	06 97       	sbiw	r24, 0x06	; 6
    1a6c:	04 f5       	brge	.+64     	; 0x1aae <Cmd_ringled_set_RGBW+0x54>
    1a6e:	eb 01       	movw	r28, r22
	uint8_t _red = atoi(argv[1]);
    1a70:	8a 81       	ldd	r24, Y+2	; 0x02
    1a72:	9b 81       	ldd	r25, Y+3	; 0x03
    1a74:	0e 94 98 30 	call	0x6130	; 0x6130 <atoi>
    1a78:	18 2f       	mov	r17, r24
	uint8_t _green = atoi(argv[2]);
    1a7a:	8c 81       	ldd	r24, Y+4	; 0x04
    1a7c:	9d 81       	ldd	r25, Y+5	; 0x05
    1a7e:	0e 94 98 30 	call	0x6130	; 0x6130 <atoi>
    1a82:	08 2f       	mov	r16, r24
	uint8_t _blue = atoi(argv[3]);
    1a84:	8e 81       	ldd	r24, Y+6	; 0x06
    1a86:	9f 81       	ldd	r25, Y+7	; 0x07
    1a88:	0e 94 98 30 	call	0x6130	; 0x6130 <atoi>
    1a8c:	f8 2e       	mov	r15, r24
	uint8_t _white = atoi(argv[4]);
    1a8e:	88 85       	ldd	r24, Y+8	; 0x08
    1a90:	99 85       	ldd	r25, Y+9	; 0x09
    1a92:	0e 94 98 30 	call	0x6130	; 0x6130 <atoi>
	ringled_set_RGBW(_red, _green, _blue, _white);
    1a96:	28 2f       	mov	r18, r24
    1a98:	4f 2d       	mov	r20, r15
    1a9a:	60 2f       	mov	r22, r16
    1a9c:	81 2f       	mov	r24, r17
    1a9e:	0e 94 58 26 	call	0x4cb0	; 0x4cb0 <ringled_set_RGBW>
	return CMDLINE_OK;
    1aa2:	80 e0       	ldi	r24, 0x00	; 0
    1aa4:	90 e0       	ldi	r25, 0x00	; 0
    1aa6:	05 c0       	rjmp	.+10     	; 0x1ab2 <Cmd_ringled_set_RGBW+0x58>
}

int
Cmd_ringled_set_RGBW(int argc, char *argv[])
{
	if (argc < 5) return CMDLINE_TOO_FEW_ARGS;
    1aa8:	83 e0       	ldi	r24, 0x03	; 3
    1aaa:	90 e0       	ldi	r25, 0x00	; 0
    1aac:	02 c0       	rjmp	.+4      	; 0x1ab2 <Cmd_ringled_set_RGBW+0x58>
	if (argc > 5) return CMDLINE_TOO_MANY_ARGS;
    1aae:	82 e0       	ldi	r24, 0x02	; 2
    1ab0:	90 e0       	ldi	r25, 0x00	; 0
	uint8_t _green = atoi(argv[2]);
	uint8_t _blue = atoi(argv[3]);
	uint8_t _white = atoi(argv[4]);
	ringled_set_RGBW(_red, _green, _blue, _white);
	return CMDLINE_OK;
}
    1ab2:	df 91       	pop	r29
    1ab4:	cf 91       	pop	r28
    1ab6:	1f 91       	pop	r17
    1ab8:	0f 91       	pop	r16
    1aba:	ff 90       	pop	r15
    1abc:	08 95       	ret

00001abe <Cmd_ringled_get_RGBW>:

int
Cmd_ringled_get_RGBW(int argc, char *argv[])
{
	if (argc > 1) return CMDLINE_TOO_MANY_ARGS;
    1abe:	02 97       	sbiw	r24, 0x02	; 2
    1ac0:	dc f4       	brge	.+54     	; 0x1af8 <Cmd_ringled_get_RGBW+0x3a>
	rgbw_color RGB = ringled_get_RGBW();
    1ac2:	0e 94 70 26 	call	0x4ce0	; 0x4ce0 <ringled_get_RGBW>
	UARTprintf("Ringled: RED = %d, GREEN = %d, BLUE = %d, WHITE = %d \r\n", RGB.red, RGB.green, RGB.blue, RGB.white);
    1ac6:	1f 92       	push	r1
    1ac8:	9f 93       	push	r25
    1aca:	1f 92       	push	r1
    1acc:	8f 93       	push	r24
    1ace:	1f 92       	push	r1
    1ad0:	7f 93       	push	r23
    1ad2:	1f 92       	push	r1
    1ad4:	6f 93       	push	r22
    1ad6:	8d ee       	ldi	r24, 0xED	; 237
    1ad8:	92 e0       	ldi	r25, 0x02	; 2
    1ada:	9f 93       	push	r25
    1adc:	8f 93       	push	r24
    1ade:	0e 94 3e 20 	call	0x407c	; 0x407c <UARTprintf>
	return CMDLINE_OK;
    1ae2:	8d b7       	in	r24, 0x3d	; 61
    1ae4:	9e b7       	in	r25, 0x3e	; 62
    1ae6:	0a 96       	adiw	r24, 0x0a	; 10
    1ae8:	0f b6       	in	r0, 0x3f	; 63
    1aea:	f8 94       	cli
    1aec:	9e bf       	out	0x3e, r25	; 62
    1aee:	0f be       	out	0x3f, r0	; 63
    1af0:	8d bf       	out	0x3d, r24	; 61
    1af2:	80 e0       	ldi	r24, 0x00	; 0
    1af4:	90 e0       	ldi	r25, 0x00	; 0
    1af6:	08 95       	ret
}

int
Cmd_ringled_get_RGBW(int argc, char *argv[])
{
	if (argc > 1) return CMDLINE_TOO_MANY_ARGS;
    1af8:	82 e0       	ldi	r24, 0x02	; 2
    1afa:	90 e0       	ldi	r25, 0x00	; 0
	rgbw_color RGB = ringled_get_RGBW();
	UARTprintf("Ringled: RED = %d, GREEN = %d, BLUE = %d, WHITE = %d \r\n", RGB.red, RGB.green, RGB.blue, RGB.white);
	return CMDLINE_OK;
}
    1afc:	08 95       	ret

00001afe <Cmd_IRled_set_bright>:

int
Cmd_IRled_set_bright(int argc, char *argv[])
{
    1afe:	cf 93       	push	r28
    1b00:	df 93       	push	r29
	if (argc < 2) return CMDLINE_TOO_FEW_ARGS;
    1b02:	82 30       	cpi	r24, 0x02	; 2
    1b04:	91 05       	cpc	r25, r1
    1b06:	ec f0       	brlt	.+58     	; 0x1b42 <Cmd_IRled_set_bright+0x44>
	if (argc > 2) return CMDLINE_TOO_MANY_ARGS;
    1b08:	03 97       	sbiw	r24, 0x03	; 3
    1b0a:	f4 f4       	brge	.+60     	; 0x1b48 <Cmd_IRled_set_bright+0x4a>
    1b0c:	eb 01       	movw	r28, r22
	
	uint8_t _DutyCyclePercent = atoi(argv[1]);
    1b0e:	8a 81       	ldd	r24, Y+2	; 0x02
    1b10:	9b 81       	ldd	r25, Y+3	; 0x03
    1b12:	0e 94 98 30 	call	0x6130	; 0x6130 <atoi>
	if (_DutyCyclePercent > 100)
	{
		//UARTprintf("WARNING: Duty cycle ranges from 0 to 100 percent");
		_DutyCyclePercent = 100;
	}
	IR_led_set_DutyCyclesPercent(_DutyCyclePercent);
    1b16:	85 36       	cpi	r24, 0x65	; 101
    1b18:	08 f0       	brcs	.+2      	; 0x1b1c <Cmd_IRled_set_bright+0x1e>
    1b1a:	84 e6       	ldi	r24, 0x64	; 100
    1b1c:	0e 94 7a 13 	call	0x26f4	; 0x26f4 <IR_led_set_DutyCyclesPercent>
	UARTprintf("Led IR set brightness is %s %% \r\n",argv[1]);
    1b20:	8b 81       	ldd	r24, Y+3	; 0x03
    1b22:	8f 93       	push	r24
    1b24:	8a 81       	ldd	r24, Y+2	; 0x02
    1b26:	8f 93       	push	r24
    1b28:	85 e2       	ldi	r24, 0x25	; 37
    1b2a:	93 e0       	ldi	r25, 0x03	; 3
    1b2c:	9f 93       	push	r25
    1b2e:	8f 93       	push	r24
    1b30:	0e 94 3e 20 	call	0x407c	; 0x407c <UARTprintf>
	return CMDLINE_OK;
    1b34:	0f 90       	pop	r0
    1b36:	0f 90       	pop	r0
    1b38:	0f 90       	pop	r0
    1b3a:	0f 90       	pop	r0
    1b3c:	80 e0       	ldi	r24, 0x00	; 0
    1b3e:	90 e0       	ldi	r25, 0x00	; 0
    1b40:	05 c0       	rjmp	.+10     	; 0x1b4c <Cmd_IRled_set_bright+0x4e>
}

int
Cmd_IRled_set_bright(int argc, char *argv[])
{
	if (argc < 2) return CMDLINE_TOO_FEW_ARGS;
    1b42:	83 e0       	ldi	r24, 0x03	; 3
    1b44:	90 e0       	ldi	r25, 0x00	; 0
    1b46:	02 c0       	rjmp	.+4      	; 0x1b4c <Cmd_IRled_set_bright+0x4e>
	if (argc > 2) return CMDLINE_TOO_MANY_ARGS;
    1b48:	82 e0       	ldi	r24, 0x02	; 2
    1b4a:	90 e0       	ldi	r25, 0x00	; 0
		_DutyCyclePercent = 100;
	}
	IR_led_set_DutyCyclesPercent(_DutyCyclePercent);
	UARTprintf("Led IR set brightness is %s %% \r\n",argv[1]);
	return CMDLINE_OK;
}
    1b4c:	df 91       	pop	r29
    1b4e:	cf 91       	pop	r28
    1b50:	08 95       	ret

00001b52 <Cmd_IRled_get_bright>:

int
Cmd_IRled_get_bright(int argc, char *argv[])
{
	if (argc > 1) return CMDLINE_TOO_MANY_ARGS;
    1b52:	02 97       	sbiw	r24, 0x02	; 2
    1b54:	8c f4       	brge	.+34     	; 0x1b78 <Cmd_IRled_get_bright+0x26>
	uint8_t Current_DutyCyclePercent = IR_led_get_Current_DutyCyclesPercent();
    1b56:	0e 94 86 13 	call	0x270c	; 0x270c <IR_led_get_Current_DutyCyclesPercent>
	UARTprintf("Led IR's brightness is %d %% \r\n",Current_DutyCyclePercent);
    1b5a:	1f 92       	push	r1
    1b5c:	8f 93       	push	r24
    1b5e:	87 e4       	ldi	r24, 0x47	; 71
    1b60:	93 e0       	ldi	r25, 0x03	; 3
    1b62:	9f 93       	push	r25
    1b64:	8f 93       	push	r24
    1b66:	0e 94 3e 20 	call	0x407c	; 0x407c <UARTprintf>
	return CMDLINE_OK;
    1b6a:	0f 90       	pop	r0
    1b6c:	0f 90       	pop	r0
    1b6e:	0f 90       	pop	r0
    1b70:	0f 90       	pop	r0
    1b72:	80 e0       	ldi	r24, 0x00	; 0
    1b74:	90 e0       	ldi	r25, 0x00	; 0
    1b76:	08 95       	ret
}

int
Cmd_IRled_get_bright(int argc, char *argv[])
{
	if (argc > 1) return CMDLINE_TOO_MANY_ARGS;
    1b78:	82 e0       	ldi	r24, 0x02	; 2
    1b7a:	90 e0       	ldi	r25, 0x00	; 0
	uint8_t Current_DutyCyclePercent = IR_led_get_Current_DutyCyclesPercent();
	UARTprintf("Led IR's brightness is %d %% \r\n",Current_DutyCyclePercent);
	return CMDLINE_OK;
}
    1b7c:	08 95       	ret

00001b7e <Cmd_get_acceleration_gyroscope>:

int
Cmd_get_acceleration_gyroscope(int argc, char *argv[])
{
    1b7e:	0f 93       	push	r16
    1b80:	1f 93       	push	r17
    1b82:	cf 93       	push	r28
    1b84:	df 93       	push	r29
    1b86:	cd b7       	in	r28, 0x3d	; 61
    1b88:	de b7       	in	r29, 0x3e	; 62
    1b8a:	a0 97       	sbiw	r28, 0x20	; 32
    1b8c:	0f b6       	in	r0, 0x3f	; 63
    1b8e:	f8 94       	cli
    1b90:	de bf       	out	0x3e, r29	; 62
    1b92:	0f be       	out	0x3f, r0	; 63
    1b94:	cd bf       	out	0x3d, r28	; 61
	if (argc > 1) return CMDLINE_TOO_MANY_ARGS;
    1b96:	02 97       	sbiw	r24, 0x02	; 2
    1b98:	0c f0       	brlt	.+2      	; 0x1b9c <Cmd_get_acceleration_gyroscope+0x1e>
    1b9a:	59 c0       	rjmp	.+178    	; 0x1c4e <Cmd_get_acceleration_gyroscope+0xd0>
	Accel_Gyro_DataTypedef _accel_data = get_acceleration();
    1b9c:	0e 94 c1 09 	call	0x1382	; 0x1382 <get_acceleration>
    1ba0:	29 83       	std	Y+1, r18	; 0x01
    1ba2:	3a 83       	std	Y+2, r19	; 0x02
    1ba4:	4b 83       	std	Y+3, r20	; 0x03
    1ba6:	5c 83       	std	Y+4, r21	; 0x04
    1ba8:	6d 83       	std	Y+5, r22	; 0x05
    1baa:	7e 83       	std	Y+6, r23	; 0x06
	Accel_Gyro_DataTypedef _gyro_data = get_gyroscope();
    1bac:	0e 94 e2 09 	call	0x13c4	; 0x13c4 <get_gyroscope>
    1bb0:	2f 83       	std	Y+7, r18	; 0x07
    1bb2:	38 87       	std	Y+8, r19	; 0x08
    1bb4:	49 87       	std	Y+9, r20	; 0x09
    1bb6:	5a 87       	std	Y+10, r21	; 0x0a
    1bb8:	6b 87       	std	Y+11, r22	; 0x0b
    1bba:	7c 87       	std	Y+12, r23	; 0x0c
	char buffer[20];
	sprintf(buffer,"Acceleration %i %i %i \r\n", _accel_data.x, _accel_data.y, _accel_data.z);
    1bbc:	8e 81       	ldd	r24, Y+6	; 0x06
    1bbe:	8f 93       	push	r24
    1bc0:	8d 81       	ldd	r24, Y+5	; 0x05
    1bc2:	8f 93       	push	r24
    1bc4:	8c 81       	ldd	r24, Y+4	; 0x04
    1bc6:	8f 93       	push	r24
    1bc8:	8b 81       	ldd	r24, Y+3	; 0x03
    1bca:	8f 93       	push	r24
    1bcc:	8a 81       	ldd	r24, Y+2	; 0x02
    1bce:	8f 93       	push	r24
    1bd0:	89 81       	ldd	r24, Y+1	; 0x01
    1bd2:	8f 93       	push	r24
    1bd4:	87 e6       	ldi	r24, 0x67	; 103
    1bd6:	93 e0       	ldi	r25, 0x03	; 3
    1bd8:	9f 93       	push	r25
    1bda:	8f 93       	push	r24
    1bdc:	8e 01       	movw	r16, r28
    1bde:	03 5f       	subi	r16, 0xF3	; 243
    1be0:	1f 4f       	sbci	r17, 0xFF	; 255
    1be2:	1f 93       	push	r17
    1be4:	0f 93       	push	r16
    1be6:	0e 94 f1 31 	call	0x63e2	; 0x63e2 <sprintf>
	usart0_send_array(buffer, strlen(buffer));
    1bea:	f8 01       	movw	r30, r16
    1bec:	01 90       	ld	r0, Z+
    1bee:	00 20       	and	r0, r0
    1bf0:	e9 f7       	brne	.-6      	; 0x1bec <Cmd_get_acceleration_gyroscope+0x6e>
    1bf2:	31 97       	sbiw	r30, 0x01	; 1
    1bf4:	bf 01       	movw	r22, r30
    1bf6:	60 1b       	sub	r22, r16
    1bf8:	71 0b       	sbc	r23, r17
    1bfa:	c8 01       	movw	r24, r16
    1bfc:	0e 94 6b 1b 	call	0x36d6	; 0x36d6 <usart0_send_array>
	sprintf(buffer,"Gyroscope %i %i %i\r\n", _gyro_data.x, _gyro_data.y, _gyro_data.z);
    1c00:	8c 85       	ldd	r24, Y+12	; 0x0c
    1c02:	8f 93       	push	r24
    1c04:	8b 85       	ldd	r24, Y+11	; 0x0b
    1c06:	8f 93       	push	r24
    1c08:	8a 85       	ldd	r24, Y+10	; 0x0a
    1c0a:	8f 93       	push	r24
    1c0c:	89 85       	ldd	r24, Y+9	; 0x09
    1c0e:	8f 93       	push	r24
    1c10:	88 85       	ldd	r24, Y+8	; 0x08
    1c12:	8f 93       	push	r24
    1c14:	8f 81       	ldd	r24, Y+7	; 0x07
    1c16:	8f 93       	push	r24
    1c18:	80 e8       	ldi	r24, 0x80	; 128
    1c1a:	93 e0       	ldi	r25, 0x03	; 3
    1c1c:	9f 93       	push	r25
    1c1e:	8f 93       	push	r24
    1c20:	1f 93       	push	r17
    1c22:	0f 93       	push	r16
    1c24:	0e 94 f1 31 	call	0x63e2	; 0x63e2 <sprintf>
	usart0_send_array(buffer, strlen(buffer));
    1c28:	f8 01       	movw	r30, r16
    1c2a:	01 90       	ld	r0, Z+
    1c2c:	00 20       	and	r0, r0
    1c2e:	e9 f7       	brne	.-6      	; 0x1c2a <Cmd_get_acceleration_gyroscope+0xac>
    1c30:	31 97       	sbiw	r30, 0x01	; 1
    1c32:	bf 01       	movw	r22, r30
    1c34:	60 1b       	sub	r22, r16
    1c36:	71 0b       	sbc	r23, r17
    1c38:	c8 01       	movw	r24, r16
    1c3a:	0e 94 6b 1b 	call	0x36d6	; 0x36d6 <usart0_send_array>
	return CMDLINE_OK;
    1c3e:	0f b6       	in	r0, 0x3f	; 63
    1c40:	f8 94       	cli
    1c42:	de bf       	out	0x3e, r29	; 62
    1c44:	0f be       	out	0x3f, r0	; 63
    1c46:	cd bf       	out	0x3d, r28	; 61
    1c48:	80 e0       	ldi	r24, 0x00	; 0
    1c4a:	90 e0       	ldi	r25, 0x00	; 0
    1c4c:	02 c0       	rjmp	.+4      	; 0x1c52 <Cmd_get_acceleration_gyroscope+0xd4>
}

int
Cmd_get_acceleration_gyroscope(int argc, char *argv[])
{
	if (argc > 1) return CMDLINE_TOO_MANY_ARGS;
    1c4e:	82 e0       	ldi	r24, 0x02	; 2
    1c50:	90 e0       	ldi	r25, 0x00	; 0
	sprintf(buffer,"Acceleration %i %i %i \r\n", _accel_data.x, _accel_data.y, _accel_data.z);
	usart0_send_array(buffer, strlen(buffer));
	sprintf(buffer,"Gyroscope %i %i %i\r\n", _gyro_data.x, _gyro_data.y, _gyro_data.z);
	usart0_send_array(buffer, strlen(buffer));
	return CMDLINE_OK;
}
    1c52:	a0 96       	adiw	r28, 0x20	; 32
    1c54:	0f b6       	in	r0, 0x3f	; 63
    1c56:	f8 94       	cli
    1c58:	de bf       	out	0x3e, r29	; 62
    1c5a:	0f be       	out	0x3f, r0	; 63
    1c5c:	cd bf       	out	0x3d, r28	; 61
    1c5e:	df 91       	pop	r29
    1c60:	cf 91       	pop	r28
    1c62:	1f 91       	pop	r17
    1c64:	0f 91       	pop	r16
    1c66:	08 95       	ret

00001c68 <Cmd_get_pressure>:

int
Cmd_get_pressure(int argc, char *argv[])
{
	if (argc > 1) return CMDLINE_TOO_MANY_ARGS;
    1c68:	02 97       	sbiw	r24, 0x02	; 2
    1c6a:	8c f4       	brge	.+34     	; 0x1c8e <Cmd_get_pressure+0x26>
	uint16_t _pressure = get_pressure();
    1c6c:	0e 94 63 14 	call	0x28c6	; 0x28c6 <get_pressure>
	UARTprintf("Press: %d\r\n", _pressure);
    1c70:	9f 93       	push	r25
    1c72:	8f 93       	push	r24
    1c74:	85 e9       	ldi	r24, 0x95	; 149
    1c76:	93 e0       	ldi	r25, 0x03	; 3
    1c78:	9f 93       	push	r25
    1c7a:	8f 93       	push	r24
    1c7c:	0e 94 3e 20 	call	0x407c	; 0x407c <UARTprintf>
	return CMDLINE_OK;
    1c80:	0f 90       	pop	r0
    1c82:	0f 90       	pop	r0
    1c84:	0f 90       	pop	r0
    1c86:	0f 90       	pop	r0
    1c88:	80 e0       	ldi	r24, 0x00	; 0
    1c8a:	90 e0       	ldi	r25, 0x00	; 0
    1c8c:	08 95       	ret
}

int
Cmd_get_pressure(int argc, char *argv[])
{
	if (argc > 1) return CMDLINE_TOO_MANY_ARGS;
    1c8e:	82 e0       	ldi	r24, 0x02	; 2
    1c90:	90 e0       	ldi	r25, 0x00	; 0
	uint16_t _pressure = get_pressure();
	UARTprintf("Press: %d\r\n", _pressure);
	return CMDLINE_OK;
}
    1c92:	08 95       	ret

00001c94 <Cmd_get_parameters>:

int
Cmd_get_parameters(int argc, char *argv[])
{
    1c94:	cf 92       	push	r12
    1c96:	df 92       	push	r13
    1c98:	ef 92       	push	r14
    1c9a:	ff 92       	push	r15
    1c9c:	0f 93       	push	r16
    1c9e:	1f 93       	push	r17
    1ca0:	cf 93       	push	r28
    1ca2:	df 93       	push	r29
    1ca4:	cd b7       	in	r28, 0x3d	; 61
    1ca6:	de b7       	in	r29, 0x3e	; 62
    1ca8:	a0 97       	sbiw	r28, 0x20	; 32
    1caa:	0f b6       	in	r0, 0x3f	; 63
    1cac:	f8 94       	cli
    1cae:	de bf       	out	0x3e, r29	; 62
    1cb0:	0f be       	out	0x3f, r0	; 63
    1cb2:	cd bf       	out	0x3d, r28	; 61
    1cb4:	00 e0       	ldi	r16, 0x00	; 0
    1cb6:	10 e0       	ldi	r17, 0x00	; 0
	char buffer[20];
	for (uint8_t i = 0; i < 4; i++)
	{
		sprintf(buffer, "NTC[%d]: %i",i , temperature_get_NTC(i));
    1cb8:	0f 2e       	mov	r0, r31
    1cba:	f8 e7       	ldi	r31, 0x78	; 120
    1cbc:	cf 2e       	mov	r12, r31
    1cbe:	f2 e0       	ldi	r31, 0x02	; 2
    1cc0:	df 2e       	mov	r13, r31
    1cc2:	f0 2d       	mov	r31, r0
    1cc4:	ce 01       	movw	r24, r28
    1cc6:	01 96       	adiw	r24, 0x01	; 1
    1cc8:	7c 01       	movw	r14, r24
    1cca:	80 2f       	mov	r24, r16
    1ccc:	0e 94 76 14 	call	0x28ec	; 0x28ec <temperature_get_NTC>
    1cd0:	9f 93       	push	r25
    1cd2:	8f 93       	push	r24
    1cd4:	1f 93       	push	r17
    1cd6:	0f 93       	push	r16
    1cd8:	df 92       	push	r13
    1cda:	cf 92       	push	r12
    1cdc:	ff 92       	push	r15
    1cde:	ef 92       	push	r14
    1ce0:	0e 94 f1 31 	call	0x63e2	; 0x63e2 <sprintf>
		usart0_send_array(buffer, strlen(buffer));
    1ce4:	f7 01       	movw	r30, r14
    1ce6:	01 90       	ld	r0, Z+
    1ce8:	00 20       	and	r0, r0
    1cea:	e9 f7       	brne	.-6      	; 0x1ce6 <Cmd_get_parameters+0x52>
    1cec:	31 97       	sbiw	r30, 0x01	; 1
    1cee:	bf 01       	movw	r22, r30
    1cf0:	6e 19       	sub	r22, r14
    1cf2:	7f 09       	sbc	r23, r15
    1cf4:	c7 01       	movw	r24, r14
    1cf6:	0e 94 6b 1b 	call	0x36d6	; 0x36d6 <usart0_send_array>
    1cfa:	0f 5f       	subi	r16, 0xFF	; 255
    1cfc:	1f 4f       	sbci	r17, 0xFF	; 255

int
Cmd_get_parameters(int argc, char *argv[])
{
	char buffer[20];
	for (uint8_t i = 0; i < 4; i++)
    1cfe:	0f b6       	in	r0, 0x3f	; 63
    1d00:	f8 94       	cli
    1d02:	de bf       	out	0x3e, r29	; 62
    1d04:	0f be       	out	0x3f, r0	; 63
    1d06:	cd bf       	out	0x3d, r28	; 61
    1d08:	04 30       	cpi	r16, 0x04	; 4
    1d0a:	11 05       	cpc	r17, r1
    1d0c:	f1 f6       	brne	.-68     	; 0x1cca <Cmd_get_parameters+0x36>
	{
		sprintf(buffer, "NTC[%d]: %i",i , temperature_get_NTC(i));
		usart0_send_array(buffer, strlen(buffer));
	}
	UARTprintf("Status TEC:");
    1d0e:	81 ea       	ldi	r24, 0xA1	; 161
    1d10:	93 e0       	ldi	r25, 0x03	; 3
    1d12:	9f 93       	push	r25
    1d14:	8f 93       	push	r24
    1d16:	0e 94 3e 20 	call	0x407c	; 0x407c <UARTprintf>
	temperature_get_status();
    1d1a:	0e 94 de 17 	call	0x2fbc	; 0x2fbc <temperature_get_status>
	rgbw_color RGBW = ringled_get_RGBW();
    1d1e:	0e 94 70 26 	call	0x4ce0	; 0x4ce0 <ringled_get_RGBW>
	UARTprintf("RINLED: R=%d, G=%d, B=%d, W=%d\r\n", RGBW.red, RGBW.green, RGBW.blue, RGBW.white);
    1d22:	1f 92       	push	r1
    1d24:	9f 93       	push	r25
    1d26:	1f 92       	push	r1
    1d28:	8f 93       	push	r24
    1d2a:	1f 92       	push	r1
    1d2c:	7f 93       	push	r23
    1d2e:	1f 92       	push	r1
    1d30:	6f 93       	push	r22
    1d32:	8d ea       	ldi	r24, 0xAD	; 173
    1d34:	93 e0       	ldi	r25, 0x03	; 3
    1d36:	9f 93       	push	r25
    1d38:	8f 93       	push	r24
    1d3a:	0e 94 3e 20 	call	0x407c	; 0x407c <UARTprintf>
	UARTprintf("IRLED: duty %d %%\r\n", IR_led_get_Current_DutyCyclesPercent());
    1d3e:	0e 94 86 13 	call	0x270c	; 0x270c <IR_led_get_Current_DutyCyclesPercent>
    1d42:	1f 92       	push	r1
    1d44:	8f 93       	push	r24
    1d46:	8e ec       	ldi	r24, 0xCE	; 206
    1d48:	93 e0       	ldi	r25, 0x03	; 3
    1d4a:	9f 93       	push	r25
    1d4c:	8f 93       	push	r24
    1d4e:	0e 94 3e 20 	call	0x407c	; 0x407c <UARTprintf>
	
	// Accel and Gyro
	Accel_Gyro_DataTypedef _accel_data = get_acceleration();
    1d52:	0e 94 c1 09 	call	0x1382	; 0x1382 <get_acceleration>
    1d56:	2d 8b       	std	Y+21, r18	; 0x15
    1d58:	3e 8b       	std	Y+22, r19	; 0x16
    1d5a:	4f 8b       	std	Y+23, r20	; 0x17
    1d5c:	58 8f       	std	Y+24, r21	; 0x18
    1d5e:	69 8f       	std	Y+25, r22	; 0x19
    1d60:	7a 8f       	std	Y+26, r23	; 0x1a
	Accel_Gyro_DataTypedef _gyro_data = get_gyroscope();
    1d62:	0e 94 e2 09 	call	0x13c4	; 0x13c4 <get_gyroscope>
    1d66:	2b 8f       	std	Y+27, r18	; 0x1b
    1d68:	3c 8f       	std	Y+28, r19	; 0x1c
    1d6a:	4d 8f       	std	Y+29, r20	; 0x1d
    1d6c:	5e 8f       	std	Y+30, r21	; 0x1e
    1d6e:	6f 8f       	std	Y+31, r22	; 0x1f
    1d70:	78 a3       	std	Y+32, r23	; 0x20
	sprintf(buffer,"Acceleration %i %i %i \r\n", _accel_data.x, _accel_data.y, _accel_data.z);
    1d72:	8a 8d       	ldd	r24, Y+26	; 0x1a
    1d74:	8f 93       	push	r24
    1d76:	89 8d       	ldd	r24, Y+25	; 0x19
    1d78:	8f 93       	push	r24
    1d7a:	88 8d       	ldd	r24, Y+24	; 0x18
    1d7c:	8f 93       	push	r24
    1d7e:	8f 89       	ldd	r24, Y+23	; 0x17
    1d80:	8f 93       	push	r24
    1d82:	8e 89       	ldd	r24, Y+22	; 0x16
    1d84:	8f 93       	push	r24
    1d86:	8d 89       	ldd	r24, Y+21	; 0x15
    1d88:	8f 93       	push	r24
    1d8a:	87 e6       	ldi	r24, 0x67	; 103
    1d8c:	93 e0       	ldi	r25, 0x03	; 3
    1d8e:	9f 93       	push	r25
    1d90:	8f 93       	push	r24
    1d92:	8e 01       	movw	r16, r28
    1d94:	0f 5f       	subi	r16, 0xFF	; 255
    1d96:	1f 4f       	sbci	r17, 0xFF	; 255
    1d98:	1f 93       	push	r17
    1d9a:	0f 93       	push	r16
    1d9c:	0e 94 f1 31 	call	0x63e2	; 0x63e2 <sprintf>
	usart0_send_array(buffer, strlen(buffer));
    1da0:	f8 01       	movw	r30, r16
    1da2:	01 90       	ld	r0, Z+
    1da4:	00 20       	and	r0, r0
    1da6:	e9 f7       	brne	.-6      	; 0x1da2 <Cmd_get_parameters+0x10e>
    1da8:	31 97       	sbiw	r30, 0x01	; 1
    1daa:	bf 01       	movw	r22, r30
    1dac:	60 1b       	sub	r22, r16
    1dae:	71 0b       	sbc	r23, r17
    1db0:	c8 01       	movw	r24, r16
    1db2:	0e 94 6b 1b 	call	0x36d6	; 0x36d6 <usart0_send_array>
	sprintf(buffer,"Gyroscope %i %i %i\r\n", _gyro_data.x, _gyro_data.y, _gyro_data.z);
    1db6:	88 a1       	ldd	r24, Y+32	; 0x20
    1db8:	8f 93       	push	r24
    1dba:	8f 8d       	ldd	r24, Y+31	; 0x1f
    1dbc:	8f 93       	push	r24
    1dbe:	8e 8d       	ldd	r24, Y+30	; 0x1e
    1dc0:	8f 93       	push	r24
    1dc2:	8d 8d       	ldd	r24, Y+29	; 0x1d
    1dc4:	8f 93       	push	r24
    1dc6:	8c 8d       	ldd	r24, Y+28	; 0x1c
    1dc8:	8f 93       	push	r24
    1dca:	8b 8d       	ldd	r24, Y+27	; 0x1b
    1dcc:	8f 93       	push	r24
    1dce:	80 e8       	ldi	r24, 0x80	; 128
    1dd0:	93 e0       	ldi	r25, 0x03	; 3
    1dd2:	9f 93       	push	r25
    1dd4:	8f 93       	push	r24
    1dd6:	1f 93       	push	r17
    1dd8:	0f 93       	push	r16
    1dda:	0e 94 f1 31 	call	0x63e2	; 0x63e2 <sprintf>
	usart0_send_array(buffer, strlen(buffer));
    1dde:	f8 01       	movw	r30, r16
    1de0:	01 90       	ld	r0, Z+
    1de2:	00 20       	and	r0, r0
    1de4:	e9 f7       	brne	.-6      	; 0x1de0 <Cmd_get_parameters+0x14c>
    1de6:	31 97       	sbiw	r30, 0x01	; 1
    1de8:	bf 01       	movw	r22, r30
    1dea:	60 1b       	sub	r22, r16
    1dec:	71 0b       	sbc	r23, r17
    1dee:	0f b6       	in	r0, 0x3f	; 63
    1df0:	f8 94       	cli
    1df2:	de bf       	out	0x3e, r29	; 62
    1df4:	0f be       	out	0x3f, r0	; 63
    1df6:	cd bf       	out	0x3d, r28	; 61
    1df8:	c8 01       	movw	r24, r16
    1dfa:	0e 94 6b 1b 	call	0x36d6	; 0x36d6 <usart0_send_array>
	
	// Pressure
	uint16_t _pressure_data = get_pressure();
    1dfe:	0e 94 63 14 	call	0x28c6	; 0x28c6 <get_pressure>
	UARTprintf("Press: %d\r\n", _pressure_data);
    1e02:	9f 93       	push	r25
    1e04:	8f 93       	push	r24
    1e06:	85 e9       	ldi	r24, 0x95	; 149
    1e08:	93 e0       	ldi	r25, 0x03	; 3
    1e0a:	9f 93       	push	r25
    1e0c:	8f 93       	push	r24
    1e0e:	0e 94 3e 20 	call	0x407c	; 0x407c <UARTprintf>
	
	return CMDLINE_OK;
    1e12:	0f 90       	pop	r0
    1e14:	0f 90       	pop	r0
    1e16:	0f 90       	pop	r0
    1e18:	0f 90       	pop	r0
}
    1e1a:	80 e0       	ldi	r24, 0x00	; 0
    1e1c:	90 e0       	ldi	r25, 0x00	; 0
    1e1e:	a0 96       	adiw	r28, 0x20	; 32
    1e20:	0f b6       	in	r0, 0x3f	; 63
    1e22:	f8 94       	cli
    1e24:	de bf       	out	0x3e, r29	; 62
    1e26:	0f be       	out	0x3f, r0	; 63
    1e28:	cd bf       	out	0x3d, r28	; 61
    1e2a:	df 91       	pop	r29
    1e2c:	cf 91       	pop	r28
    1e2e:	1f 91       	pop	r17
    1e30:	0f 91       	pop	r16
    1e32:	ff 90       	pop	r15
    1e34:	ef 90       	pop	r14
    1e36:	df 90       	pop	r13
    1e38:	cf 90       	pop	r12
    1e3a:	08 95       	ret

00001e3c <command_create_task>:
	command_send_splash();
}

void	command_create_task(void)
{
	SCH_TASK_CreateTask(&s_CommandTaskContext.taskHandle, &s_CommandTaskContext.taskProperty);
    1e3c:	68 e0       	ldi	r22, 0x08	; 8
    1e3e:	71 e0       	ldi	r23, 0x01	; 1
    1e40:	87 e0       	ldi	r24, 0x07	; 7
    1e42:	91 e0       	ldi	r25, 0x01	; 1
    1e44:	0e 94 f6 26 	call	0x4dec	; 0x4dec <SCH_TASK_CreateTask>
    1e48:	08 95       	ret

00001e4a <command_send_splash>:
	{".......................................................\r\n"},
	{"\r\n"}
};

void	command_send_splash(void)
{
    1e4a:	0f 93       	push	r16
    1e4c:	1f 93       	push	r17
    1e4e:	cf 93       	push	r28
    1e50:	df 93       	push	r29
    1e52:	ce ee       	ldi	r28, 0xEE	; 238
    1e54:	d3 e0       	ldi	r29, 0x03	; 3
    1e56:	0a e0       	ldi	r16, 0x0A	; 10
    1e58:	1b e0       	ldi	r17, 0x0B	; 11
	for(uint8_t i = 0 ; i < 28 ; i++) 
		usart0_send_string_P(&SPLASH[i][0]);
    1e5a:	ce 01       	movw	r24, r28
    1e5c:	0e 94 84 1b 	call	0x3708	; 0x3708 <usart0_send_string_P>
    1e60:	cf 5b       	subi	r28, 0xBF	; 191
    1e62:	df 4f       	sbci	r29, 0xFF	; 255
	{"\r\n"}
};

void	command_send_splash(void)
{
	for(uint8_t i = 0 ; i < 28 ; i++) 
    1e64:	c0 17       	cp	r28, r16
    1e66:	d1 07       	cpc	r29, r17
    1e68:	c1 f7       	brne	.-16     	; 0x1e5a <command_send_splash+0x10>
		usart0_send_string_P(&SPLASH[i][0]);
	usart0_send_string("> ");
    1e6a:	87 e3       	ldi	r24, 0x37	; 55
    1e6c:	9a e0       	ldi	r25, 0x0A	; 10
    1e6e:	0e 94 5c 1b 	call	0x36b8	; 0x36b8 <usart0_send_string>
    1e72:	df 91       	pop	r29
    1e74:	cf 91       	pop	r28
    1e76:	1f 91       	pop	r17
    1e78:	0f 91       	pop	r16
    1e7a:	08 95       	ret

00001e7c <command_init>:
	}	
}

void	command_init(void)
{
	usart0_init();
    1e7c:	0e 94 30 1b 	call	0x3660	; 0x3660 <usart0_init>
	p_CommandRingBuffer = uart_get_uart0_rx_buffer_address();
    1e80:	0e 94 96 1b 	call	0x372c	; 0x372c <uart_get_uart0_rx_buffer_address>
    1e84:	90 93 58 0b 	sts	0x0B58, r25	; 0x800b58 <p_CommandRingBuffer+0x1>
    1e88:	80 93 57 0b 	sts	0x0B57, r24	; 0x800b57 <p_CommandRingBuffer>
	memset((void *)s_commandBuffer, 0, sizeof(s_commandBuffer));
    1e8c:	80 e4       	ldi	r24, 0x40	; 64
    1e8e:	e7 e1       	ldi	r30, 0x17	; 23
    1e90:	fb e0       	ldi	r31, 0x0B	; 11
    1e92:	df 01       	movw	r26, r30
    1e94:	1d 92       	st	X+, r1
    1e96:	8a 95       	dec	r24
    1e98:	e9 f7       	brne	.-6      	; 0x1e94 <command_init+0x18>
	s_commandBufferIndex = 0;
    1e9a:	10 92 16 0b 	sts	0x0B16, r1	; 0x800b16 <s_commandBufferIndex>
	usart0_send_string("IOU FIRMWARE V1.0.0 \r\n");
    1e9e:	82 ee       	ldi	r24, 0xE2	; 226
    1ea0:	93 e0       	ldi	r25, 0x03	; 3
    1ea2:	0e 94 5c 1b 	call	0x36b8	; 0x36b8 <usart0_send_string>
	usart0_send_string("> ");
    1ea6:	87 e3       	ldi	r24, 0x37	; 55
    1ea8:	9a e0       	ldi	r25, 0x0A	; 10
    1eaa:	0e 94 5c 1b 	call	0x36b8	; 0x36b8 <usart0_send_string>
	command_send_splash();
    1eae:	0e 94 25 0f 	call	0x1e4a	; 0x1e4a <command_send_splash>
    1eb2:	08 95       	ret

00001eb4 <COPC_init>:
void copc_iou_tec_log_ena(void)
{
	return;
}
void copc_iou_tec_log_dis(void)
{
    1eb4:	0e 94 9b 1b 	call	0x3736	; 0x3736 <usart1_init>
    1eb8:	85 e0       	ldi	r24, 0x05	; 5
    1eba:	0e 94 b4 28 	call	0x5168	; 0x5168 <fsp_init>
    1ebe:	0e 94 eb 1b 	call	0x37d6	; 0x37d6 <uart_get_uart1_rx_buffer_address>
    1ec2:	90 93 c5 0b 	sts	0x0BC5, r25	; 0x800bc5 <p_COPCBuffer+0x1>
    1ec6:	80 93 c4 0b 	sts	0x0BC4, r24	; 0x800bc4 <p_COPCBuffer>
    1eca:	86 e9       	ldi	r24, 0x96	; 150
    1ecc:	9b e0       	ldi	r25, 0x0B	; 11
    1ece:	90 93 5d 0b 	sts	0x0B5D, r25	; 0x800b5d <s_pCOPC_Sfp_Payload+0x1>
    1ed2:	80 93 5c 0b 	sts	0x0B5C, r24	; 0x800b5c <s_pCOPC_Sfp_Payload>
    1ed6:	83 e6       	ldi	r24, 0x63	; 99
    1ed8:	9b e0       	ldi	r25, 0x0B	; 11
    1eda:	90 93 5b 0b 	sts	0x0B5B, r25	; 0x800b5b <s_pIOU_Sfp_Payload+0x1>
    1ede:	80 93 5a 0b 	sts	0x0B5A, r24	; 0x800b5a <s_pIOU_Sfp_Payload>
    1ee2:	08 95       	ret

00001ee4 <COPC_create_task>:
    1ee4:	0e 94 5a 0f 	call	0x1eb4	; 0x1eb4 <COPC_init>
    1ee8:	67 e9       	ldi	r22, 0x97	; 151
    1eea:	71 e0       	ldi	r23, 0x01	; 1
    1eec:	86 e9       	ldi	r24, 0x96	; 150
    1eee:	91 e0       	ldi	r25, 0x01	; 1
    1ef0:	0e 94 f6 26 	call	0x4dec	; 0x4dec <SCH_TASK_CreateTask>
    1ef4:	08 95       	ret

00001ef6 <OK_Send>:
    1ef6:	cf 92       	push	r12
    1ef8:	df 92       	push	r13
    1efa:	ef 92       	push	r14
    1efc:	ff 92       	push	r15
    1efe:	0f 93       	push	r16
    1f00:	cf 93       	push	r28
    1f02:	df 93       	push	r29
    1f04:	cd b7       	in	r28, 0x3d	; 61
    1f06:	de b7       	in	r29, 0x3e	; 62
    1f08:	60 97       	sbiw	r28, 0x10	; 16
    1f0a:	0f b6       	in	r0, 0x3f	; 63
    1f0c:	f8 94       	cli
    1f0e:	de bf       	out	0x3e, r29	; 62
    1f10:	0f be       	out	0x3f, r0	; 63
    1f12:	cd bf       	out	0x3d, r28	; 61
    1f14:	6e 01       	movw	r12, r28
    1f16:	82 e0       	ldi	r24, 0x02	; 2
    1f18:	c8 0e       	add	r12, r24
    1f1a:	d1 1c       	adc	r13, r1
    1f1c:	8f e0       	ldi	r24, 0x0F	; 15
    1f1e:	f6 01       	movw	r30, r12
    1f20:	11 92       	st	Z+, r1
    1f22:	8a 95       	dec	r24
    1f24:	e9 f7       	brne	.-6      	; 0x1f20 <OK_Send+0x2a>
    1f26:	e0 91 5c 0b 	lds	r30, 0x0B5C	; 0x800b5c <s_pCOPC_Sfp_Payload>
    1f2a:	f0 91 5d 0b 	lds	r31, 0x0B5D	; 0x800b5d <s_pCOPC_Sfp_Payload+0x1>
    1f2e:	80 81       	ld	r24, Z
    1f30:	8a 83       	std	Y+2, r24	; 0x02
    1f32:	0f 2e       	mov	r0, r31
    1f34:	fe e5       	ldi	r31, 0x5E	; 94
    1f36:	ef 2e       	mov	r14, r31
    1f38:	fb e0       	ldi	r31, 0x0B	; 11
    1f3a:	ff 2e       	mov	r15, r31
    1f3c:	f0 2d       	mov	r31, r0
    1f3e:	00 e0       	ldi	r16, 0x00	; 0
    1f40:	21 e0       	ldi	r18, 0x01	; 1
    1f42:	41 e0       	ldi	r20, 0x01	; 1
    1f44:	b6 01       	movw	r22, r12
    1f46:	80 e0       	ldi	r24, 0x00	; 0
    1f48:	0e 94 f3 28 	call	0x51e6	; 0x51e6 <fsp_gen_cmd_w_data_pkt>
    1f4c:	ae 01       	movw	r20, r28
    1f4e:	4f 5f       	subi	r20, 0xFF	; 255
    1f50:	5f 4f       	sbci	r21, 0xFF	; 255
    1f52:	b6 01       	movw	r22, r12
    1f54:	c7 01       	movw	r24, r14
    1f56:	0e 94 10 29 	call	0x5220	; 0x5220 <fsp_encode>
    1f5a:	69 81       	ldd	r22, Y+1	; 0x01
    1f5c:	c6 01       	movw	r24, r12
    1f5e:	0e 94 d2 1b 	call	0x37a4	; 0x37a4 <usart1_send_array>
    1f62:	60 96       	adiw	r28, 0x10	; 16
    1f64:	0f b6       	in	r0, 0x3f	; 63
    1f66:	f8 94       	cli
    1f68:	de bf       	out	0x3e, r29	; 62
    1f6a:	0f be       	out	0x3f, r0	; 63
    1f6c:	cd bf       	out	0x3d, r28	; 61
    1f6e:	df 91       	pop	r29
    1f70:	cf 91       	pop	r28
    1f72:	0f 91       	pop	r16
    1f74:	ff 90       	pop	r15
    1f76:	ef 90       	pop	r14
    1f78:	df 90       	pop	r13
    1f7a:	cf 90       	pop	r12
    1f7c:	08 95       	ret

00001f7e <copc_iou_set_temp>:
    1f7e:	e0 91 5c 0b 	lds	r30, 0x0B5C	; 0x800b5c <s_pCOPC_Sfp_Payload>
    1f82:	f0 91 5d 0b 	lds	r31, 0x0B5D	; 0x800b5d <s_pCOPC_Sfp_Payload+0x1>
    1f86:	61 81       	ldd	r22, Z+1	; 0x01
    1f88:	62 30       	cpi	r22, 0x02	; 2
    1f8a:	50 f4       	brcc	.+20     	; 0x1fa0 <copc_iou_set_temp+0x22>
    1f8c:	82 81       	ldd	r24, Z+2	; 0x02
    1f8e:	90 e0       	ldi	r25, 0x00	; 0
    1f90:	98 2f       	mov	r25, r24
    1f92:	88 27       	eor	r24, r24
    1f94:	23 81       	ldd	r18, Z+3	; 0x03
    1f96:	82 2b       	or	r24, r18
    1f98:	0e 94 6d 14 	call	0x28da	; 0x28da <temperature_set_point>
    1f9c:	0e 94 7b 0f 	call	0x1ef6	; 0x1ef6 <OK_Send>
    1fa0:	08 95       	ret

00001fa2 <copc_iou_tec_ena>:
    1fa2:	e0 91 5c 0b 	lds	r30, 0x0B5C	; 0x800b5c <s_pCOPC_Sfp_Payload>
    1fa6:	f0 91 5d 0b 	lds	r31, 0x0B5D	; 0x800b5d <s_pCOPC_Sfp_Payload+0x1>
    1faa:	81 81       	ldd	r24, Z+1	; 0x01
    1fac:	82 30       	cpi	r24, 0x02	; 2
    1fae:	20 f4       	brcc	.+8      	; 0x1fb8 <copc_iou_tec_ena+0x16>
    1fb0:	0e 94 8d 14 	call	0x291a	; 0x291a <temperature_enable_TEC>
    1fb4:	0e 94 7b 0f 	call	0x1ef6	; 0x1ef6 <OK_Send>
    1fb8:	08 95       	ret

00001fba <copc_iou_tec_dis>:
    1fba:	e0 91 5c 0b 	lds	r30, 0x0B5C	; 0x800b5c <s_pCOPC_Sfp_Payload>
    1fbe:	f0 91 5d 0b 	lds	r31, 0x0B5D	; 0x800b5d <s_pCOPC_Sfp_Payload+0x1>
    1fc2:	81 81       	ldd	r24, Z+1	; 0x01
    1fc4:	82 30       	cpi	r24, 0x02	; 2
    1fc6:	20 f4       	brcc	.+8      	; 0x1fd0 <copc_iou_tec_dis+0x16>
    1fc8:	0e 94 a0 14 	call	0x2940	; 0x2940 <temperature_disable_TEC>
    1fcc:	0e 94 7b 0f 	call	0x1ef6	; 0x1ef6 <OK_Send>
    1fd0:	08 95       	ret

00001fd2 <copc_iou_tec_ena_auto>:
    1fd2:	cf 93       	push	r28
    1fd4:	e0 91 5c 0b 	lds	r30, 0x0B5C	; 0x800b5c <s_pCOPC_Sfp_Payload>
    1fd8:	f0 91 5d 0b 	lds	r31, 0x0B5D	; 0x800b5d <s_pCOPC_Sfp_Payload+0x1>
    1fdc:	81 81       	ldd	r24, Z+1	; 0x01
    1fde:	82 30       	cpi	r24, 0x02	; 2
    1fe0:	70 f4       	brcc	.+28     	; 0x1ffe <copc_iou_tec_ena_auto+0x2c>
    1fe2:	c8 2f       	mov	r28, r24
    1fe4:	cc 0f       	add	r28, r28
    1fe6:	8c 2f       	mov	r24, r28
    1fe8:	0e 94 a0 17 	call	0x2f40	; 0x2f40 <temperature_enable_auto_control_TEC>
    1fec:	8c 2f       	mov	r24, r28
    1fee:	0e 94 a0 14 	call	0x2940	; 0x2940 <temperature_disable_TEC>
    1ff2:	81 e0       	ldi	r24, 0x01	; 1
    1ff4:	8c 0f       	add	r24, r28
    1ff6:	0e 94 a0 14 	call	0x2940	; 0x2940 <temperature_disable_TEC>
    1ffa:	0e 94 7b 0f 	call	0x1ef6	; 0x1ef6 <OK_Send>
    1ffe:	cf 91       	pop	r28
    2000:	08 95       	ret

00002002 <copc_iou_tec_dis_auto>:
    2002:	e0 91 5c 0b 	lds	r30, 0x0B5C	; 0x800b5c <s_pCOPC_Sfp_Payload>
    2006:	f0 91 5d 0b 	lds	r31, 0x0B5D	; 0x800b5d <s_pCOPC_Sfp_Payload+0x1>
    200a:	81 81       	ldd	r24, Z+1	; 0x01
    200c:	82 30       	cpi	r24, 0x02	; 2
    200e:	28 f4       	brcc	.+10     	; 0x201a <copc_iou_tec_dis_auto+0x18>
    2010:	88 0f       	add	r24, r24
    2012:	0e 94 b4 14 	call	0x2968	; 0x2968 <temperature_disable_auto_control_TEC>
    2016:	0e 94 7b 0f 	call	0x1ef6	; 0x1ef6 <OK_Send>
    201a:	08 95       	ret

0000201c <copc_iou_tec_set_output>:
    201c:	e0 91 5c 0b 	lds	r30, 0x0B5C	; 0x800b5c <s_pCOPC_Sfp_Payload>
    2020:	f0 91 5d 0b 	lds	r31, 0x0B5D	; 0x800b5d <s_pCOPC_Sfp_Payload+0x1>
    2024:	81 81       	ldd	r24, Z+1	; 0x01
    2026:	82 30       	cpi	r24, 0x02	; 2
    2028:	58 f4       	brcc	.+22     	; 0x2040 <copc_iou_tec_set_output+0x24>
    202a:	43 81       	ldd	r20, Z+3	; 0x03
    202c:	50 e0       	ldi	r21, 0x00	; 0
    202e:	54 2f       	mov	r21, r20
    2030:	44 27       	eor	r20, r20
    2032:	94 81       	ldd	r25, Z+4	; 0x04
    2034:	49 2b       	or	r20, r25
    2036:	62 81       	ldd	r22, Z+2	; 0x02
    2038:	0e 94 c8 14 	call	0x2990	; 0x2990 <temperature_set_TEC_output>
    203c:	0e 94 7b 0f 	call	0x1ef6	; 0x1ef6 <OK_Send>
    2040:	08 95       	ret

00002042 <copc_iou_tec_set_auto_vol>:
    2042:	e0 91 5c 0b 	lds	r30, 0x0B5C	; 0x800b5c <s_pCOPC_Sfp_Payload>
    2046:	f0 91 5d 0b 	lds	r31, 0x0B5D	; 0x800b5d <s_pCOPC_Sfp_Payload+0x1>
    204a:	81 81       	ldd	r24, Z+1	; 0x01
    204c:	82 30       	cpi	r24, 0x02	; 2
    204e:	50 f4       	brcc	.+20     	; 0x2064 <copc_iou_tec_set_auto_vol+0x22>
    2050:	62 81       	ldd	r22, Z+2	; 0x02
    2052:	70 e0       	ldi	r23, 0x00	; 0
    2054:	76 2f       	mov	r23, r22
    2056:	66 27       	eor	r22, r22
    2058:	93 81       	ldd	r25, Z+3	; 0x03
    205a:	69 2b       	or	r22, r25
    205c:	0e 94 d5 17 	call	0x2faa	; 0x2faa <temperature_set_auto_voltage>
    2060:	0e 94 7b 0f 	call	0x1ef6	; 0x1ef6 <OK_Send>
    2064:	08 95       	ret

00002066 <copc_iou_ringled_set_RGBW>:
	return;
}
void copc_iou_ringled_set_RGBW(void)
{
	rgbw_color RGBW;
	RGBW.red = s_pCOPC_Sfp_Payload->neoSetRGBCommandFrame.red;
    2066:	e0 91 5c 0b 	lds	r30, 0x0B5C	; 0x800b5c <s_pCOPC_Sfp_Payload>
    206a:	f0 91 5d 0b 	lds	r31, 0x0B5D	; 0x800b5d <s_pCOPC_Sfp_Payload+0x1>
	RGBW.green = s_pCOPC_Sfp_Payload->neoSetRGBCommandFrame.green;
	RGBW.blue = s_pCOPC_Sfp_Payload->neoSetRGBCommandFrame.blue;
	RGBW.white = s_pCOPC_Sfp_Payload->neoSetRGBCommandFrame.white;
	ringled_set_RGBW(RGBW.red, RGBW.green, RGBW.blue, RGBW.white);
    206e:	24 81       	ldd	r18, Z+4	; 0x04
    2070:	43 81       	ldd	r20, Z+3	; 0x03
    2072:	62 81       	ldd	r22, Z+2	; 0x02
    2074:	81 81       	ldd	r24, Z+1	; 0x01
    2076:	0e 94 58 26 	call	0x4cb0	; 0x4cb0 <ringled_set_RGBW>
	OK_Send();
    207a:	0e 94 7b 0f 	call	0x1ef6	; 0x1ef6 <OK_Send>
    207e:	08 95       	ret

00002080 <copc_iou_irled_set_bright>:
}

void copc_iou_irled_set_bright(void)
{
	uint8_t duty = s_pCOPC_Sfp_Payload->IrSetCommandFrame.duty;
    2080:	e0 91 5c 0b 	lds	r30, 0x0B5C	; 0x800b5c <s_pCOPC_Sfp_Payload>
    2084:	f0 91 5d 0b 	lds	r31, 0x0B5D	; 0x800b5d <s_pCOPC_Sfp_Payload+0x1>
    2088:	81 81       	ldd	r24, Z+1	; 0x01
	if (duty > 100) duty = 100;
	IR_led_set_DutyCyclesPercent(duty);
    208a:	85 36       	cpi	r24, 0x65	; 101
    208c:	08 f0       	brcs	.+2      	; 0x2090 <copc_iou_irled_set_bright+0x10>
    208e:	84 e6       	ldi	r24, 0x64	; 100
    2090:	0e 94 7a 13 	call	0x26f4	; 0x26f4 <IR_led_set_DutyCyclesPercent>
	OK_Send();
    2094:	0e 94 7b 0f 	call	0x1ef6	; 0x1ef6 <OK_Send>
    2098:	08 95       	ret

0000209a <copc_iou_get_temp>:
}

//Function send to COPC data in struct payload
void copc_iou_get_temp(void)
{
    209a:	ef 92       	push	r14
    209c:	ff 92       	push	r15
    209e:	0f 93       	push	r16
    20a0:	cf 93       	push	r28
    20a2:	df 93       	push	r29
    20a4:	cd b7       	in	r28, 0x3d	; 61
    20a6:	de b7       	in	r29, 0x3e	; 62
    20a8:	e3 97       	sbiw	r28, 0x33	; 51
    20aa:	0f b6       	in	r0, 0x3f	; 63
    20ac:	f8 94       	cli
    20ae:	de bf       	out	0x3e, r29	; 62
    20b0:	0f be       	out	0x3f, r0	; 63
    20b2:	cd bf       	out	0x3d, r28	; 61
	uint8_t device = s_pCOPC_Sfp_Payload->getTempCommandFrame.device;
    20b4:	e0 91 5c 0b 	lds	r30, 0x0B5C	; 0x800b5c <s_pCOPC_Sfp_Payload>
    20b8:	f0 91 5d 0b 	lds	r31, 0x0B5D	; 0x800b5d <s_pCOPC_Sfp_Payload+0x1>
    20bc:	21 81       	ldd	r18, Z+1	; 0x01
	uint8_t channel = s_pCOPC_Sfp_Payload->getTempCommandFrame.channel;
	uint16_t temp;
	uint8_t encode_frame[FSP_PKT_MAX_LENGTH];
	uint8_t frame_len;
	if (device > 2 || channel > (MAX_CHANNEL-1))
    20be:	23 30       	cpi	r18, 0x03	; 3
    20c0:	08 f0       	brcs	.+2      	; 0x20c4 <copc_iou_get_temp+0x2a>
    20c2:	41 c0       	rjmp	.+130    	; 0x2146 <copc_iou_get_temp+0xac>

//Function send to COPC data in struct payload
void copc_iou_get_temp(void)
{
	uint8_t device = s_pCOPC_Sfp_Payload->getTempCommandFrame.device;
	uint8_t channel = s_pCOPC_Sfp_Payload->getTempCommandFrame.channel;
    20c4:	82 81       	ldd	r24, Z+2	; 0x02
	uint16_t temp;
	uint8_t encode_frame[FSP_PKT_MAX_LENGTH];
	uint8_t frame_len;
	if (device > 2 || channel > (MAX_CHANNEL-1))
    20c6:	82 30       	cpi	r24, 0x02	; 2
    20c8:	f0 f5       	brcc	.+124    	; 0x2146 <copc_iou_get_temp+0xac>
		return;
	else
	{
		s_pIOU_Sfp_Payload->iouGetTempResponseFrame.Cmd = s_pCOPC_Sfp_Payload->commonFrame.Cmd;
    20ca:	a0 91 5a 0b 	lds	r26, 0x0B5A	; 0x800b5a <s_pIOU_Sfp_Payload>
    20ce:	b0 91 5b 0b 	lds	r27, 0x0B5B	; 0x800b5b <s_pIOU_Sfp_Payload+0x1>
    20d2:	40 81       	ld	r20, Z
    20d4:	4c 93       	st	X, r20
		s_pIOU_Sfp_Payload->iouGetTempResponseFrame.device = device;
    20d6:	11 96       	adiw	r26, 0x01	; 1
    20d8:	2c 93       	st	X, r18
    20da:	11 97       	sbiw	r26, 0x01	; 1
		s_pIOU_Sfp_Payload->iouGetTempResponseFrame.channel = channel;
    20dc:	12 96       	adiw	r26, 0x02	; 2
    20de:	8c 93       	st	X, r24
		if (device == 0)
    20e0:	21 11       	cpse	r18, r1
    20e2:	04 c0       	rjmp	.+8      	; 0x20ec <copc_iou_get_temp+0x52>
			temp = (uint16_t)temperature_get_NTC(channel);
    20e4:	0e 94 76 14 	call	0x28ec	; 0x28ec <temperature_get_NTC>
    20e8:	38 2f       	mov	r19, r24
    20ea:	0b c0       	rjmp	.+22     	; 0x2102 <copc_iou_get_temp+0x68>
		if (device == 1)
    20ec:	21 30       	cpi	r18, 0x01	; 1
    20ee:	21 f4       	brne	.+8      	; 0x20f8 <copc_iou_get_temp+0x5e>
			temp = (uint16_t)temperature_get_onewire(channel);
    20f0:	0e 94 7f 14 	call	0x28fe	; 0x28fe <temperature_get_onewire>
    20f4:	38 2f       	mov	r19, r24
    20f6:	05 c0       	rjmp	.+10     	; 0x2102 <copc_iou_get_temp+0x68>
		if (device == 2)
    20f8:	22 30       	cpi	r18, 0x02	; 2
    20fa:	19 f4       	brne	.+6      	; 0x2102 <copc_iou_get_temp+0x68>
			temp = (uint16_t)temperature_get_bmp390();
    20fc:	0e 94 88 14 	call	0x2910	; 0x2910 <temperature_get_bmp390>
    2100:	38 2f       	mov	r19, r24
		s_pIOU_Sfp_Payload->iouGetTempResponseFrame.temperature_high = (uint8_t)(temp >> 8);
    2102:	60 91 5a 0b 	lds	r22, 0x0B5A	; 0x800b5a <s_pIOU_Sfp_Payload>
    2106:	70 91 5b 0b 	lds	r23, 0x0B5B	; 0x800b5b <s_pIOU_Sfp_Payload+0x1>
    210a:	fb 01       	movw	r30, r22
    210c:	93 83       	std	Z+3, r25	; 0x03
		s_pIOU_Sfp_Payload->iouGetTempResponseFrame.temperature_low = (uint8_t)(temp);
    210e:	34 83       	std	Z+4, r19	; 0x04
		fsp_gen_pkt((void*)0, &s_pIOU_Sfp_Payload->iouGetTempResponseFrame, 5, FSP_ADR_COPC, FSP_PKT_TYPE_CMD_W_DATA, &s_IOU_FspPacket);
    2110:	0f 2e       	mov	r0, r31
    2112:	fe e5       	ldi	r31, 0x5E	; 94
    2114:	ef 2e       	mov	r14, r31
    2116:	fb e0       	ldi	r31, 0x0B	; 11
    2118:	ff 2e       	mov	r15, r31
    211a:	f0 2d       	mov	r31, r0
    211c:	07 e0       	ldi	r16, 0x07	; 7
    211e:	21 e0       	ldi	r18, 0x01	; 1
    2120:	45 e0       	ldi	r20, 0x05	; 5
    2122:	80 e0       	ldi	r24, 0x00	; 0
    2124:	90 e0       	ldi	r25, 0x00	; 0
    2126:	0e 94 b9 28 	call	0x5172	; 0x5172 <fsp_gen_pkt>
 		fsp_encode(&s_IOU_FspPacket, encode_frame, &frame_len);
    212a:	ae 01       	movw	r20, r28
    212c:	4d 5c       	subi	r20, 0xCD	; 205
    212e:	5f 4f       	sbci	r21, 0xFF	; 255
    2130:	be 01       	movw	r22, r28
    2132:	6f 5f       	subi	r22, 0xFF	; 255
    2134:	7f 4f       	sbci	r23, 0xFF	; 255
    2136:	c7 01       	movw	r24, r14
    2138:	0e 94 10 29 	call	0x5220	; 0x5220 <fsp_encode>
		usart1_send_array(encode_frame, frame_len);
    213c:	6b a9       	ldd	r22, Y+51	; 0x33
    213e:	ce 01       	movw	r24, r28
    2140:	01 96       	adiw	r24, 0x01	; 1
    2142:	0e 94 d2 1b 	call	0x37a4	; 0x37a4 <usart1_send_array>
	}
}
    2146:	e3 96       	adiw	r28, 0x33	; 51
    2148:	0f b6       	in	r0, 0x3f	; 63
    214a:	f8 94       	cli
    214c:	de bf       	out	0x3e, r29	; 62
    214e:	0f be       	out	0x3f, r0	; 63
    2150:	cd bf       	out	0x3d, r28	; 61
    2152:	df 91       	pop	r29
    2154:	cf 91       	pop	r28
    2156:	0f 91       	pop	r16
    2158:	ff 90       	pop	r15
    215a:	ef 90       	pop	r14
    215c:	08 95       	ret

0000215e <copc_iou_get_temp_setpoint>:
void copc_iou_get_temp_setpoint(void)
{
    215e:	ef 92       	push	r14
    2160:	ff 92       	push	r15
    2162:	0f 93       	push	r16
    2164:	1f 93       	push	r17
    2166:	cf 93       	push	r28
    2168:	df 93       	push	r29
    216a:	cd b7       	in	r28, 0x3d	; 61
    216c:	de b7       	in	r29, 0x3e	; 62
    216e:	e3 97       	sbiw	r28, 0x33	; 51
    2170:	0f b6       	in	r0, 0x3f	; 63
    2172:	f8 94       	cli
    2174:	de bf       	out	0x3e, r29	; 62
    2176:	0f be       	out	0x3f, r0	; 63
    2178:	cd bf       	out	0x3d, r28	; 61
	uint8_t channel = s_pCOPC_Sfp_Payload->getTempSetpointCommandFrame.channel;
    217a:	e0 91 5c 0b 	lds	r30, 0x0B5C	; 0x800b5c <s_pCOPC_Sfp_Payload>
    217e:	f0 91 5d 0b 	lds	r31, 0x0B5D	; 0x800b5d <s_pCOPC_Sfp_Payload+0x1>
    2182:	11 81       	ldd	r17, Z+1	; 0x01
	if (channel > (MAX_CHANNEL-1))
    2184:	12 30       	cpi	r17, 0x02	; 2
    2186:	60 f5       	brcc	.+88     	; 0x21e0 <copc_iou_get_temp_setpoint+0x82>
		return;
	uint8_t encode_frame[FSP_PKT_MAX_LENGTH];
	uint8_t frame_len;
	uint16_t setpoint = (uint16_t)temperature_get_setpoint(channel);
    2188:	81 2f       	mov	r24, r17
    218a:	0e 94 cc 17 	call	0x2f98	; 0x2f98 <temperature_get_setpoint>
	
	s_pIOU_Sfp_Payload->iouGetTempSetpointResponseFrame.Cmd = s_pCOPC_Sfp_Payload->commonFrame.Cmd;
    218e:	e0 91 5a 0b 	lds	r30, 0x0B5A	; 0x800b5a <s_pIOU_Sfp_Payload>
    2192:	f0 91 5b 0b 	lds	r31, 0x0B5B	; 0x800b5b <s_pIOU_Sfp_Payload+0x1>
    2196:	a0 91 5c 0b 	lds	r26, 0x0B5C	; 0x800b5c <s_pCOPC_Sfp_Payload>
    219a:	b0 91 5d 0b 	lds	r27, 0x0B5D	; 0x800b5d <s_pCOPC_Sfp_Payload+0x1>
    219e:	2c 91       	ld	r18, X
    21a0:	20 83       	st	Z, r18
	s_pIOU_Sfp_Payload->iouGetTempSetpointResponseFrame.channel = channel;
    21a2:	11 83       	std	Z+1, r17	; 0x01
	s_pIOU_Sfp_Payload->iouGetTempSetpointResponseFrame.temperature_high = (uint8_t)(setpoint >> 8);
    21a4:	92 83       	std	Z+2, r25	; 0x02
	s_pIOU_Sfp_Payload->iouGetTempSetpointResponseFrame.temperature_low = (uint8_t)(setpoint);
    21a6:	83 83       	std	Z+3, r24	; 0x03
	
	fsp_gen_pkt((void*)0, &s_pIOU_Sfp_Payload->iouGetTempSetpointResponseFrame, 4, FSP_ADR_COPC, FSP_PKT_TYPE_CMD_W_DATA, &s_IOU_FspPacket);
    21a8:	0f 2e       	mov	r0, r31
    21aa:	fe e5       	ldi	r31, 0x5E	; 94
    21ac:	ef 2e       	mov	r14, r31
    21ae:	fb e0       	ldi	r31, 0x0B	; 11
    21b0:	ff 2e       	mov	r15, r31
    21b2:	f0 2d       	mov	r31, r0
    21b4:	07 e0       	ldi	r16, 0x07	; 7
    21b6:	21 e0       	ldi	r18, 0x01	; 1
    21b8:	44 e0       	ldi	r20, 0x04	; 4
    21ba:	bf 01       	movw	r22, r30
    21bc:	80 e0       	ldi	r24, 0x00	; 0
    21be:	90 e0       	ldi	r25, 0x00	; 0
    21c0:	0e 94 b9 28 	call	0x5172	; 0x5172 <fsp_gen_pkt>
	fsp_encode(&s_IOU_FspPacket, encode_frame, &frame_len);
    21c4:	ae 01       	movw	r20, r28
    21c6:	4d 5c       	subi	r20, 0xCD	; 205
    21c8:	5f 4f       	sbci	r21, 0xFF	; 255
    21ca:	be 01       	movw	r22, r28
    21cc:	6f 5f       	subi	r22, 0xFF	; 255
    21ce:	7f 4f       	sbci	r23, 0xFF	; 255
    21d0:	c7 01       	movw	r24, r14
    21d2:	0e 94 10 29 	call	0x5220	; 0x5220 <fsp_encode>
	usart1_send_array(encode_frame, frame_len);
    21d6:	6b a9       	ldd	r22, Y+51	; 0x33
    21d8:	ce 01       	movw	r24, r28
    21da:	01 96       	adiw	r24, 0x01	; 1
    21dc:	0e 94 d2 1b 	call	0x37a4	; 0x37a4 <usart1_send_array>
}
    21e0:	e3 96       	adiw	r28, 0x33	; 51
    21e2:	0f b6       	in	r0, 0x3f	; 63
    21e4:	f8 94       	cli
    21e6:	de bf       	out	0x3e, r29	; 62
    21e8:	0f be       	out	0x3f, r0	; 63
    21ea:	cd bf       	out	0x3d, r28	; 61
    21ec:	df 91       	pop	r29
    21ee:	cf 91       	pop	r28
    21f0:	1f 91       	pop	r17
    21f2:	0f 91       	pop	r16
    21f4:	ff 90       	pop	r15
    21f6:	ef 90       	pop	r14
    21f8:	08 95       	ret

000021fa <copc_iou_ringled_get_RGBW>:
void copc_iou_ringled_get_RGBW(void)
{
    21fa:	ef 92       	push	r14
    21fc:	ff 92       	push	r15
    21fe:	0f 93       	push	r16
    2200:	cf 93       	push	r28
    2202:	df 93       	push	r29
    2204:	cd b7       	in	r28, 0x3d	; 61
    2206:	de b7       	in	r29, 0x3e	; 62
    2208:	e3 97       	sbiw	r28, 0x33	; 51
    220a:	0f b6       	in	r0, 0x3f	; 63
    220c:	f8 94       	cli
    220e:	de bf       	out	0x3e, r29	; 62
    2210:	0f be       	out	0x3f, r0	; 63
    2212:	cd bf       	out	0x3d, r28	; 61
	uint8_t encode_frame[FSP_PKT_MAX_LENGTH];
	uint8_t frame_len;
	rgbw_color RGBW = ringled_get_RGBW();
    2214:	0e 94 70 26 	call	0x4ce0	; 0x4ce0 <ringled_get_RGBW>
	s_pIOU_Sfp_Payload->iouRingledGetRGBResponseFrame.Cmd = s_pCOPC_Sfp_Payload->commonFrame.Cmd;
    2218:	e0 91 5a 0b 	lds	r30, 0x0B5A	; 0x800b5a <s_pIOU_Sfp_Payload>
    221c:	f0 91 5b 0b 	lds	r31, 0x0B5B	; 0x800b5b <s_pIOU_Sfp_Payload+0x1>
    2220:	a0 91 5c 0b 	lds	r26, 0x0B5C	; 0x800b5c <s_pCOPC_Sfp_Payload>
    2224:	b0 91 5d 0b 	lds	r27, 0x0B5D	; 0x800b5d <s_pCOPC_Sfp_Payload+0x1>
    2228:	2c 91       	ld	r18, X
    222a:	20 83       	st	Z, r18
	s_pIOU_Sfp_Payload->iouRingledGetRGBResponseFrame.red = RGBW.red;
    222c:	61 83       	std	Z+1, r22	; 0x01
	s_pIOU_Sfp_Payload->iouRingledGetRGBResponseFrame.green = RGBW.green;
    222e:	72 83       	std	Z+2, r23	; 0x02
	s_pIOU_Sfp_Payload->iouRingledGetRGBResponseFrame.blue = RGBW.blue;
    2230:	83 83       	std	Z+3, r24	; 0x03
	s_pIOU_Sfp_Payload->iouRingledGetRGBResponseFrame.white = RGBW.white;
    2232:	94 83       	std	Z+4, r25	; 0x04
	fsp_gen_pkt((void*)0, &s_pIOU_Sfp_Payload->iouRingledGetRGBResponseFrame, 5, FSP_ADR_COPC, FSP_PKT_TYPE_CMD_W_DATA, &s_IOU_FspPacket);
    2234:	0f 2e       	mov	r0, r31
    2236:	fe e5       	ldi	r31, 0x5E	; 94
    2238:	ef 2e       	mov	r14, r31
    223a:	fb e0       	ldi	r31, 0x0B	; 11
    223c:	ff 2e       	mov	r15, r31
    223e:	f0 2d       	mov	r31, r0
    2240:	07 e0       	ldi	r16, 0x07	; 7
    2242:	21 e0       	ldi	r18, 0x01	; 1
    2244:	45 e0       	ldi	r20, 0x05	; 5
    2246:	bf 01       	movw	r22, r30
    2248:	80 e0       	ldi	r24, 0x00	; 0
    224a:	90 e0       	ldi	r25, 0x00	; 0
    224c:	0e 94 b9 28 	call	0x5172	; 0x5172 <fsp_gen_pkt>
	fsp_encode(&s_IOU_FspPacket, encode_frame, &frame_len);
    2250:	ae 01       	movw	r20, r28
    2252:	4d 5c       	subi	r20, 0xCD	; 205
    2254:	5f 4f       	sbci	r21, 0xFF	; 255
    2256:	be 01       	movw	r22, r28
    2258:	6f 5f       	subi	r22, 0xFF	; 255
    225a:	7f 4f       	sbci	r23, 0xFF	; 255
    225c:	c7 01       	movw	r24, r14
    225e:	0e 94 10 29 	call	0x5220	; 0x5220 <fsp_encode>
	usart1_send_array(encode_frame, frame_len);
    2262:	6b a9       	ldd	r22, Y+51	; 0x33
    2264:	ce 01       	movw	r24, r28
    2266:	01 96       	adiw	r24, 0x01	; 1
    2268:	0e 94 d2 1b 	call	0x37a4	; 0x37a4 <usart1_send_array>
}
    226c:	e3 96       	adiw	r28, 0x33	; 51
    226e:	0f b6       	in	r0, 0x3f	; 63
    2270:	f8 94       	cli
    2272:	de bf       	out	0x3e, r29	; 62
    2274:	0f be       	out	0x3f, r0	; 63
    2276:	cd bf       	out	0x3d, r28	; 61
    2278:	df 91       	pop	r29
    227a:	cf 91       	pop	r28
    227c:	0f 91       	pop	r16
    227e:	ff 90       	pop	r15
    2280:	ef 90       	pop	r14
    2282:	08 95       	ret

00002284 <copc_iou_irled_get_bright>:
void copc_iou_irled_get_bright(void)
{
    2284:	ef 92       	push	r14
    2286:	ff 92       	push	r15
    2288:	0f 93       	push	r16
    228a:	cf 93       	push	r28
    228c:	df 93       	push	r29
    228e:	cd b7       	in	r28, 0x3d	; 61
    2290:	de b7       	in	r29, 0x3e	; 62
    2292:	e3 97       	sbiw	r28, 0x33	; 51
    2294:	0f b6       	in	r0, 0x3f	; 63
    2296:	f8 94       	cli
    2298:	de bf       	out	0x3e, r29	; 62
    229a:	0f be       	out	0x3f, r0	; 63
    229c:	cd bf       	out	0x3d, r28	; 61
	uint8_t encode_frame[FSP_PKT_MAX_LENGTH];
	uint8_t frame_len;
	uint8_t duty = IR_led_get_Current_DutyCyclesPercent();
    229e:	0e 94 86 13 	call	0x270c	; 0x270c <IR_led_get_Current_DutyCyclesPercent>
	s_pIOU_Sfp_Payload->iouIRledGetBrightResponseFrame.Cmd = s_pCOPC_Sfp_Payload->commonFrame.Cmd;
    22a2:	60 91 5a 0b 	lds	r22, 0x0B5A	; 0x800b5a <s_pIOU_Sfp_Payload>
    22a6:	70 91 5b 0b 	lds	r23, 0x0B5B	; 0x800b5b <s_pIOU_Sfp_Payload+0x1>
    22aa:	e0 91 5c 0b 	lds	r30, 0x0B5C	; 0x800b5c <s_pCOPC_Sfp_Payload>
    22ae:	f0 91 5d 0b 	lds	r31, 0x0B5D	; 0x800b5d <s_pCOPC_Sfp_Payload+0x1>
    22b2:	90 81       	ld	r25, Z
    22b4:	fb 01       	movw	r30, r22
    22b6:	90 83       	st	Z, r25
	s_pIOU_Sfp_Payload->iouIRledGetBrightResponseFrame.duty =duty;
    22b8:	81 83       	std	Z+1, r24	; 0x01
	fsp_gen_pkt((void*)0, &s_pIOU_Sfp_Payload->iouIRledGetBrightResponseFrame, 2, FSP_ADR_COPC, FSP_PKT_TYPE_CMD_W_DATA, &s_IOU_FspPacket);
    22ba:	0f 2e       	mov	r0, r31
    22bc:	fe e5       	ldi	r31, 0x5E	; 94
    22be:	ef 2e       	mov	r14, r31
    22c0:	fb e0       	ldi	r31, 0x0B	; 11
    22c2:	ff 2e       	mov	r15, r31
    22c4:	f0 2d       	mov	r31, r0
    22c6:	07 e0       	ldi	r16, 0x07	; 7
    22c8:	21 e0       	ldi	r18, 0x01	; 1
    22ca:	42 e0       	ldi	r20, 0x02	; 2
    22cc:	80 e0       	ldi	r24, 0x00	; 0
    22ce:	90 e0       	ldi	r25, 0x00	; 0
    22d0:	0e 94 b9 28 	call	0x5172	; 0x5172 <fsp_gen_pkt>
	fsp_encode(&s_IOU_FspPacket, encode_frame, &frame_len);
    22d4:	ae 01       	movw	r20, r28
    22d6:	4d 5c       	subi	r20, 0xCD	; 205
    22d8:	5f 4f       	sbci	r21, 0xFF	; 255
    22da:	be 01       	movw	r22, r28
    22dc:	6f 5f       	subi	r22, 0xFF	; 255
    22de:	7f 4f       	sbci	r23, 0xFF	; 255
    22e0:	c7 01       	movw	r24, r14
    22e2:	0e 94 10 29 	call	0x5220	; 0x5220 <fsp_encode>
	usart1_send_array(encode_frame, frame_len);
    22e6:	6b a9       	ldd	r22, Y+51	; 0x33
    22e8:	ce 01       	movw	r24, r28
    22ea:	01 96       	adiw	r24, 0x01	; 1
    22ec:	0e 94 d2 1b 	call	0x37a4	; 0x37a4 <usart1_send_array>
}
    22f0:	e3 96       	adiw	r28, 0x33	; 51
    22f2:	0f b6       	in	r0, 0x3f	; 63
    22f4:	f8 94       	cli
    22f6:	de bf       	out	0x3e, r29	; 62
    22f8:	0f be       	out	0x3f, r0	; 63
    22fa:	cd bf       	out	0x3d, r28	; 61
    22fc:	df 91       	pop	r29
    22fe:	cf 91       	pop	r28
    2300:	0f 91       	pop	r16
    2302:	ff 90       	pop	r15
    2304:	ef 90       	pop	r14
    2306:	08 95       	ret

00002308 <copc_iou_get_accel_gyro>:
void copc_iou_get_accel_gyro(void)
{	
    2308:	cf 92       	push	r12
    230a:	df 92       	push	r13
    230c:	ef 92       	push	r14
    230e:	ff 92       	push	r15
    2310:	0f 93       	push	r16
    2312:	1f 93       	push	r17
    2314:	cf 93       	push	r28
    2316:	df 93       	push	r29
    2318:	cd b7       	in	r28, 0x3d	; 61
    231a:	de b7       	in	r29, 0x3e	; 62
    231c:	ef 97       	sbiw	r28, 0x3f	; 63
    231e:	0f b6       	in	r0, 0x3f	; 63
    2320:	f8 94       	cli
    2322:	de bf       	out	0x3e, r29	; 62
    2324:	0f be       	out	0x3f, r0	; 63
    2326:	cd bf       	out	0x3d, r28	; 61
	uint8_t encode_frame[FSP_PKT_MAX_LENGTH];
	uint8_t frame_len;
	Accel_Gyro_DataTypedef accel_data = get_acceleration();
    2328:	0e 94 c1 09 	call	0x1382	; 0x1382 <get_acceleration>
    232c:	d2 2e       	mov	r13, r18
    232e:	c3 2e       	mov	r12, r19
    2330:	f4 2e       	mov	r15, r20
    2332:	e5 2e       	mov	r14, r21
    2334:	16 2f       	mov	r17, r22
    2336:	07 2f       	mov	r16, r23
    2338:	2c ab       	std	Y+52, r18	; 0x34
    233a:	3d ab       	std	Y+53, r19	; 0x35
    233c:	4e ab       	std	Y+54, r20	; 0x36
    233e:	5f ab       	std	Y+55, r21	; 0x37
    2340:	68 af       	std	Y+56, r22	; 0x38
    2342:	79 af       	std	Y+57, r23	; 0x39
	Accel_Gyro_DataTypedef gyro_data = get_gyroscope();
    2344:	0e 94 e2 09 	call	0x13c4	; 0x13c4 <get_gyroscope>
    2348:	2a af       	std	Y+58, r18	; 0x3a
    234a:	3b af       	std	Y+59, r19	; 0x3b
    234c:	4c af       	std	Y+60, r20	; 0x3c
    234e:	5d af       	std	Y+61, r21	; 0x3d
    2350:	6e af       	std	Y+62, r22	; 0x3e
    2352:	7f af       	std	Y+63, r23	; 0x3f
	s_pIOU_Sfp_Payload->iouIRledGetBrightResponseFrame.Cmd = s_pCOPC_Sfp_Payload->commonFrame.Cmd;
    2354:	e0 91 5a 0b 	lds	r30, 0x0B5A	; 0x800b5a <s_pIOU_Sfp_Payload>
    2358:	f0 91 5b 0b 	lds	r31, 0x0B5B	; 0x800b5b <s_pIOU_Sfp_Payload+0x1>
    235c:	a0 91 5c 0b 	lds	r26, 0x0B5C	; 0x800b5c <s_pCOPC_Sfp_Payload>
    2360:	b0 91 5d 0b 	lds	r27, 0x0B5D	; 0x800b5d <s_pCOPC_Sfp_Payload+0x1>
    2364:	8c 91       	ld	r24, X
    2366:	80 83       	st	Z, r24
	s_pIOU_Sfp_Payload->iouGetAccelGyroResponseFrame.accel_x_high = (uint8_t)(accel_data.x >> 8);
    2368:	c1 82       	std	Z+1, r12	; 0x01
	s_pIOU_Sfp_Payload->iouGetAccelGyroResponseFrame.accel_x_low = (uint8_t)accel_data.x;
    236a:	d2 82       	std	Z+2, r13	; 0x02
	s_pIOU_Sfp_Payload->iouGetAccelGyroResponseFrame.accel_y_high = (uint8_t)(accel_data.y >> 8);
    236c:	e3 82       	std	Z+3, r14	; 0x03
	s_pIOU_Sfp_Payload->iouGetAccelGyroResponseFrame.accel_y_low = (uint8_t)accel_data.y;
    236e:	f4 82       	std	Z+4, r15	; 0x04
	s_pIOU_Sfp_Payload->iouGetAccelGyroResponseFrame.accel_z_high = (uint8_t)(accel_data.z >> 8);
    2370:	05 83       	std	Z+5, r16	; 0x05
	s_pIOU_Sfp_Payload->iouGetAccelGyroResponseFrame.accel_z_low = (uint8_t)accel_data.z;
    2372:	16 83       	std	Z+6, r17	; 0x06
	s_pIOU_Sfp_Payload->iouGetAccelGyroResponseFrame.gyro_x_high = (uint8_t)(gyro_data.x >> 8);
    2374:	37 83       	std	Z+7, r19	; 0x07
	s_pIOU_Sfp_Payload->iouGetAccelGyroResponseFrame.gyro_x_low = (uint8_t)gyro_data.x;
    2376:	20 87       	std	Z+8, r18	; 0x08
	s_pIOU_Sfp_Payload->iouGetAccelGyroResponseFrame.gyro_y_high = (uint8_t)(gyro_data.y >> 8);
    2378:	51 87       	std	Z+9, r21	; 0x09
	s_pIOU_Sfp_Payload->iouGetAccelGyroResponseFrame.gyro_y_low = (uint8_t)gyro_data.y;
    237a:	42 87       	std	Z+10, r20	; 0x0a
	s_pIOU_Sfp_Payload->iouGetAccelGyroResponseFrame.gyro_z_high = (uint8_t)(gyro_data.z >> 8);
    237c:	73 87       	std	Z+11, r23	; 0x0b
	s_pIOU_Sfp_Payload->iouGetAccelGyroResponseFrame.gyro_z_low = (uint8_t)gyro_data.z;
    237e:	64 87       	std	Z+12, r22	; 0x0c
	fsp_gen_pkt((void*)0, &s_pIOU_Sfp_Payload->iouGetAccelGyroResponseFrame, 13, FSP_ADR_COPC, FSP_PKT_TYPE_CMD_W_DATA, &s_IOU_FspPacket);
    2380:	0f 2e       	mov	r0, r31
    2382:	fe e5       	ldi	r31, 0x5E	; 94
    2384:	ef 2e       	mov	r14, r31
    2386:	fb e0       	ldi	r31, 0x0B	; 11
    2388:	ff 2e       	mov	r15, r31
    238a:	f0 2d       	mov	r31, r0
    238c:	07 e0       	ldi	r16, 0x07	; 7
    238e:	21 e0       	ldi	r18, 0x01	; 1
    2390:	4d e0       	ldi	r20, 0x0D	; 13
    2392:	bf 01       	movw	r22, r30
    2394:	80 e0       	ldi	r24, 0x00	; 0
    2396:	90 e0       	ldi	r25, 0x00	; 0
    2398:	0e 94 b9 28 	call	0x5172	; 0x5172 <fsp_gen_pkt>
	fsp_encode(&s_IOU_FspPacket, encode_frame, &frame_len);
    239c:	ae 01       	movw	r20, r28
    239e:	4d 5c       	subi	r20, 0xCD	; 205
    23a0:	5f 4f       	sbci	r21, 0xFF	; 255
    23a2:	be 01       	movw	r22, r28
    23a4:	6f 5f       	subi	r22, 0xFF	; 255
    23a6:	7f 4f       	sbci	r23, 0xFF	; 255
    23a8:	c7 01       	movw	r24, r14
    23aa:	0e 94 10 29 	call	0x5220	; 0x5220 <fsp_encode>
	usart1_send_array(encode_frame, frame_len);
    23ae:	6b a9       	ldd	r22, Y+51	; 0x33
    23b0:	ce 01       	movw	r24, r28
    23b2:	01 96       	adiw	r24, 0x01	; 1
    23b4:	0e 94 d2 1b 	call	0x37a4	; 0x37a4 <usart1_send_array>
}
    23b8:	ef 96       	adiw	r28, 0x3f	; 63
    23ba:	0f b6       	in	r0, 0x3f	; 63
    23bc:	f8 94       	cli
    23be:	de bf       	out	0x3e, r29	; 62
    23c0:	0f be       	out	0x3f, r0	; 63
    23c2:	cd bf       	out	0x3d, r28	; 61
    23c4:	df 91       	pop	r29
    23c6:	cf 91       	pop	r28
    23c8:	1f 91       	pop	r17
    23ca:	0f 91       	pop	r16
    23cc:	ff 90       	pop	r15
    23ce:	ef 90       	pop	r14
    23d0:	df 90       	pop	r13
    23d2:	cf 90       	pop	r12
    23d4:	08 95       	ret

000023d6 <copc_iou_get_press>:
void copc_iou_get_press(void)
{
    23d6:	ef 92       	push	r14
    23d8:	ff 92       	push	r15
    23da:	0f 93       	push	r16
    23dc:	cf 93       	push	r28
    23de:	df 93       	push	r29
    23e0:	cd b7       	in	r28, 0x3d	; 61
    23e2:	de b7       	in	r29, 0x3e	; 62
    23e4:	e3 97       	sbiw	r28, 0x33	; 51
    23e6:	0f b6       	in	r0, 0x3f	; 63
    23e8:	f8 94       	cli
    23ea:	de bf       	out	0x3e, r29	; 62
    23ec:	0f be       	out	0x3f, r0	; 63
    23ee:	cd bf       	out	0x3d, r28	; 61
	uint8_t encode_frame[FSP_PKT_MAX_LENGTH];
	uint8_t frame_len;
	uint16_t pressure = get_pressure();
    23f0:	0e 94 63 14 	call	0x28c6	; 0x28c6 <get_pressure>
	s_pIOU_Sfp_Payload->iouGetPressResponseFrame.Cmd = s_pCOPC_Sfp_Payload->commonFrame.Cmd;
    23f4:	60 91 5a 0b 	lds	r22, 0x0B5A	; 0x800b5a <s_pIOU_Sfp_Payload>
    23f8:	70 91 5b 0b 	lds	r23, 0x0B5B	; 0x800b5b <s_pIOU_Sfp_Payload+0x1>
    23fc:	e0 91 5c 0b 	lds	r30, 0x0B5C	; 0x800b5c <s_pCOPC_Sfp_Payload>
    2400:	f0 91 5d 0b 	lds	r31, 0x0B5D	; 0x800b5d <s_pCOPC_Sfp_Payload+0x1>
    2404:	90 81       	ld	r25, Z
    2406:	fb 01       	movw	r30, r22
    2408:	90 83       	st	Z, r25
	s_pIOU_Sfp_Payload->iouGetPressResponseFrame.pressure_high = (uint8_t)(pressure >> 8);
	s_pIOU_Sfp_Payload->iouGetPressResponseFrame.pressure_high = (uint8_t)pressure;
    240a:	81 83       	std	Z+1, r24	; 0x01
	fsp_gen_pkt((void*)0, &s_pIOU_Sfp_Payload->iouGetPressResponseFrame, 3, FSP_ADR_COPC, FSP_PKT_TYPE_CMD_W_DATA, &s_IOU_FspPacket);
    240c:	0f 2e       	mov	r0, r31
    240e:	fe e5       	ldi	r31, 0x5E	; 94
    2410:	ef 2e       	mov	r14, r31
    2412:	fb e0       	ldi	r31, 0x0B	; 11
    2414:	ff 2e       	mov	r15, r31
    2416:	f0 2d       	mov	r31, r0
    2418:	07 e0       	ldi	r16, 0x07	; 7
    241a:	21 e0       	ldi	r18, 0x01	; 1
    241c:	43 e0       	ldi	r20, 0x03	; 3
    241e:	80 e0       	ldi	r24, 0x00	; 0
    2420:	90 e0       	ldi	r25, 0x00	; 0
    2422:	0e 94 b9 28 	call	0x5172	; 0x5172 <fsp_gen_pkt>
	fsp_encode(&s_IOU_FspPacket, encode_frame, &frame_len);
    2426:	ae 01       	movw	r20, r28
    2428:	4d 5c       	subi	r20, 0xCD	; 205
    242a:	5f 4f       	sbci	r21, 0xFF	; 255
    242c:	be 01       	movw	r22, r28
    242e:	6f 5f       	subi	r22, 0xFF	; 255
    2430:	7f 4f       	sbci	r23, 0xFF	; 255
    2432:	c7 01       	movw	r24, r14
    2434:	0e 94 10 29 	call	0x5220	; 0x5220 <fsp_encode>
	usart1_send_array(encode_frame, frame_len);
    2438:	6b a9       	ldd	r22, Y+51	; 0x33
    243a:	ce 01       	movw	r24, r28
    243c:	01 96       	adiw	r24, 0x01	; 1
    243e:	0e 94 d2 1b 	call	0x37a4	; 0x37a4 <usart1_send_array>
}
    2442:	e3 96       	adiw	r28, 0x33	; 51
    2444:	0f b6       	in	r0, 0x3f	; 63
    2446:	f8 94       	cli
    2448:	de bf       	out	0x3e, r29	; 62
    244a:	0f be       	out	0x3f, r0	; 63
    244c:	cd bf       	out	0x3d, r28	; 61
    244e:	df 91       	pop	r29
    2450:	cf 91       	pop	r28
    2452:	0f 91       	pop	r16
    2454:	ff 90       	pop	r15
    2456:	ef 90       	pop	r14
    2458:	08 95       	ret

0000245a <copc_iou_get_param>:

void copc_iou_get_param(void)
{
    245a:	ef 92       	push	r14
    245c:	ff 92       	push	r15
    245e:	0f 93       	push	r16
    2460:	1f 93       	push	r17
    2462:	cf 93       	push	r28
    2464:	df 93       	push	r29
    2466:	cd b7       	in	r28, 0x3d	; 61
    2468:	de b7       	in	r29, 0x3e	; 62
    246a:	e3 97       	sbiw	r28, 0x33	; 51
    246c:	0f b6       	in	r0, 0x3f	; 63
    246e:	f8 94       	cli
    2470:	de bf       	out	0x3e, r29	; 62
    2472:	0f be       	out	0x3f, r0	; 63
    2474:	cd bf       	out	0x3d, r28	; 61
	uint8_t encode_frame[FSP_PKT_MAX_LENGTH];
	uint8_t frame_len;
	s_pIOU_Sfp_Payload->iouGetParamResponseFrame.Cmd = s_pCOPC_Sfp_Payload->commonFrame.Cmd;
    2476:	e0 91 5c 0b 	lds	r30, 0x0B5C	; 0x800b5c <s_pCOPC_Sfp_Payload>
    247a:	f0 91 5d 0b 	lds	r31, 0x0B5D	; 0x800b5d <s_pCOPC_Sfp_Payload+0x1>
    247e:	80 81       	ld	r24, Z
    2480:	e0 91 5a 0b 	lds	r30, 0x0B5A	; 0x800b5a <s_pIOU_Sfp_Payload>
    2484:	f0 91 5b 0b 	lds	r31, 0x0B5B	; 0x800b5b <s_pIOU_Sfp_Payload+0x1>
    2488:	80 83       	st	Z, r24
	// GET TEMP NTC
	uint16_t temp = temperature_get_NTC(0);
    248a:	80 e0       	ldi	r24, 0x00	; 0
    248c:	0e 94 76 14 	call	0x28ec	; 0x28ec <temperature_get_NTC>
	s_pIOU_Sfp_Payload->iouGetParamResponseFrame.Temp_NTC_channel_0_high = (uint8_t)(temp >> 8);
    2490:	e0 91 5a 0b 	lds	r30, 0x0B5A	; 0x800b5a <s_pIOU_Sfp_Payload>
    2494:	f0 91 5b 0b 	lds	r31, 0x0B5B	; 0x800b5b <s_pIOU_Sfp_Payload+0x1>
    2498:	91 83       	std	Z+1, r25	; 0x01
	s_pIOU_Sfp_Payload->iouGetParamResponseFrame.Temp_NTC_channel_0_low = (uint8_t)temp;
    249a:	82 83       	std	Z+2, r24	; 0x02
	temp = temperature_get_NTC(1);
    249c:	81 e0       	ldi	r24, 0x01	; 1
    249e:	0e 94 76 14 	call	0x28ec	; 0x28ec <temperature_get_NTC>
	s_pIOU_Sfp_Payload->iouGetParamResponseFrame.Temp_NTC_channel_1_high = (uint8_t)(temp >> 8);
    24a2:	e0 91 5a 0b 	lds	r30, 0x0B5A	; 0x800b5a <s_pIOU_Sfp_Payload>
    24a6:	f0 91 5b 0b 	lds	r31, 0x0B5B	; 0x800b5b <s_pIOU_Sfp_Payload+0x1>
    24aa:	93 83       	std	Z+3, r25	; 0x03
	s_pIOU_Sfp_Payload->iouGetParamResponseFrame.Temp_NTC_channel_1_low = (uint8_t)temp;
    24ac:	84 83       	std	Z+4, r24	; 0x04
	temp = temperature_get_NTC(2);
    24ae:	82 e0       	ldi	r24, 0x02	; 2
    24b0:	0e 94 76 14 	call	0x28ec	; 0x28ec <temperature_get_NTC>
	s_pIOU_Sfp_Payload->iouGetParamResponseFrame.Temp_NTC_channel_2_high = (uint8_t)(temp >> 8);
    24b4:	e0 91 5a 0b 	lds	r30, 0x0B5A	; 0x800b5a <s_pIOU_Sfp_Payload>
    24b8:	f0 91 5b 0b 	lds	r31, 0x0B5B	; 0x800b5b <s_pIOU_Sfp_Payload+0x1>
    24bc:	95 83       	std	Z+5, r25	; 0x05
	s_pIOU_Sfp_Payload->iouGetParamResponseFrame.Temp_NTC_channel_2_low = (uint8_t)temp;
    24be:	86 83       	std	Z+6, r24	; 0x06
	temp = temperature_get_NTC(3);
    24c0:	83 e0       	ldi	r24, 0x03	; 3
    24c2:	0e 94 76 14 	call	0x28ec	; 0x28ec <temperature_get_NTC>
	s_pIOU_Sfp_Payload->iouGetParamResponseFrame.Temp_NTC_channel_3_high = (uint8_t)(temp >> 8);
    24c6:	e0 91 5a 0b 	lds	r30, 0x0B5A	; 0x800b5a <s_pIOU_Sfp_Payload>
    24ca:	f0 91 5b 0b 	lds	r31, 0x0B5B	; 0x800b5b <s_pIOU_Sfp_Payload+0x1>
    24ce:	97 83       	std	Z+7, r25	; 0x07
	s_pIOU_Sfp_Payload->iouGetParamResponseFrame.Temp_NTC_channel_3_low = (uint8_t)temp;
    24d0:	80 87       	std	Z+8, r24	; 0x08
	// GET TEMP ONEWIRE
	temp = temperature_get_onewire(0);
    24d2:	80 e0       	ldi	r24, 0x00	; 0
    24d4:	0e 94 7f 14 	call	0x28fe	; 0x28fe <temperature_get_onewire>
	s_pIOU_Sfp_Payload->iouGetParamResponseFrame.Temp_onewire_channel_0_high = (uint8_t)(temp >> 8);
    24d8:	e0 91 5a 0b 	lds	r30, 0x0B5A	; 0x800b5a <s_pIOU_Sfp_Payload>
    24dc:	f0 91 5b 0b 	lds	r31, 0x0B5B	; 0x800b5b <s_pIOU_Sfp_Payload+0x1>
    24e0:	91 87       	std	Z+9, r25	; 0x09
	s_pIOU_Sfp_Payload->iouGetParamResponseFrame.Temp_onewire_channel_0_low = (uint8_t)temp;
    24e2:	82 87       	std	Z+10, r24	; 0x0a
	temp = temperature_get_onewire(1);
    24e4:	81 e0       	ldi	r24, 0x01	; 1
    24e6:	0e 94 7f 14 	call	0x28fe	; 0x28fe <temperature_get_onewire>
	s_pIOU_Sfp_Payload->iouGetParamResponseFrame.Temp_onewire_channel_1_high = (uint8_t)(temp >> 8);
    24ea:	e0 91 5a 0b 	lds	r30, 0x0B5A	; 0x800b5a <s_pIOU_Sfp_Payload>
    24ee:	f0 91 5b 0b 	lds	r31, 0x0B5B	; 0x800b5b <s_pIOU_Sfp_Payload+0x1>
    24f2:	93 87       	std	Z+11, r25	; 0x0b
	s_pIOU_Sfp_Payload->iouGetParamResponseFrame.Temp_onewire_channel_1_low = (uint8_t)temp;
    24f4:	84 87       	std	Z+12, r24	; 0x0c
	// GET TEMP BMP390
	temp = temperature_get_bmp390();
    24f6:	0e 94 88 14 	call	0x2910	; 0x2910 <temperature_get_bmp390>
	s_pIOU_Sfp_Payload->iouGetParamResponseFrame.Temp_i2c_sensor_high = (uint8_t)(temp >> 8);
    24fa:	e0 91 5a 0b 	lds	r30, 0x0B5A	; 0x800b5a <s_pIOU_Sfp_Payload>
    24fe:	f0 91 5b 0b 	lds	r31, 0x0B5B	; 0x800b5b <s_pIOU_Sfp_Payload+0x1>
    2502:	95 87       	std	Z+13, r25	; 0x0d
	s_pIOU_Sfp_Payload->iouGetParamResponseFrame.Temp_i2c_sensor_low = (uint8_t)temp;
    2504:	86 87       	std	Z+14, r24	; 0x0e
	// GET TEMP SETPOINT
	temp = (uint16_t)temperature_get_setpoint(0);
    2506:	80 e0       	ldi	r24, 0x00	; 0
    2508:	0e 94 cc 17 	call	0x2f98	; 0x2f98 <temperature_get_setpoint>
	s_pIOU_Sfp_Payload->iouGetParamResponseFrame.Temp_setpoint_channel_0_high = (uint8_t)(temp >> 8);
    250c:	e0 91 5a 0b 	lds	r30, 0x0B5A	; 0x800b5a <s_pIOU_Sfp_Payload>
    2510:	f0 91 5b 0b 	lds	r31, 0x0B5B	; 0x800b5b <s_pIOU_Sfp_Payload+0x1>
    2514:	97 87       	std	Z+15, r25	; 0x0f
	s_pIOU_Sfp_Payload->iouGetParamResponseFrame.Temp_setpoint_channel_0_low = (uint8_t)temp;
    2516:	80 8b       	std	Z+16, r24	; 0x10
	temp = (uint16_t)temperature_get_setpoint(1);
    2518:	81 e0       	ldi	r24, 0x01	; 1
    251a:	0e 94 cc 17 	call	0x2f98	; 0x2f98 <temperature_get_setpoint>
	s_pIOU_Sfp_Payload->iouGetParamResponseFrame.Temp_setpoint_channel_1_high = (uint8_t)(temp >> 8);
    251e:	e0 91 5a 0b 	lds	r30, 0x0B5A	; 0x800b5a <s_pIOU_Sfp_Payload>
    2522:	f0 91 5b 0b 	lds	r31, 0x0B5B	; 0x800b5b <s_pIOU_Sfp_Payload+0x1>
    2526:	91 8b       	std	Z+17, r25	; 0x11
	s_pIOU_Sfp_Payload->iouGetParamResponseFrame.Temp_setpoint_channel_1_low = (uint8_t)temp;
    2528:	82 8b       	std	Z+18, r24	; 0x12
	temp = (uint16_t)temperature_get_setpoint(2);
    252a:	82 e0       	ldi	r24, 0x02	; 2
    252c:	0e 94 cc 17 	call	0x2f98	; 0x2f98 <temperature_get_setpoint>
	s_pIOU_Sfp_Payload->iouGetParamResponseFrame.Temp_setpoint_channel_2_high = (uint8_t)(temp >> 8);
    2530:	e0 91 5a 0b 	lds	r30, 0x0B5A	; 0x800b5a <s_pIOU_Sfp_Payload>
    2534:	f0 91 5b 0b 	lds	r31, 0x0B5B	; 0x800b5b <s_pIOU_Sfp_Payload+0x1>
    2538:	93 8b       	std	Z+19, r25	; 0x13
	s_pIOU_Sfp_Payload->iouGetParamResponseFrame.Temp_setpoint_channel_2_low = (uint8_t)temp;
    253a:	84 8b       	std	Z+20, r24	; 0x14
	temp = (uint16_t)temperature_get_setpoint(3);
    253c:	83 e0       	ldi	r24, 0x03	; 3
    253e:	0e 94 cc 17 	call	0x2f98	; 0x2f98 <temperature_get_setpoint>
	s_pIOU_Sfp_Payload->iouGetParamResponseFrame.Temp_setpoint_channel_3_high = (uint8_t)(temp >> 8);
    2542:	e0 91 5a 0b 	lds	r30, 0x0B5A	; 0x800b5a <s_pIOU_Sfp_Payload>
    2546:	f0 91 5b 0b 	lds	r31, 0x0B5B	; 0x800b5b <s_pIOU_Sfp_Payload+0x1>
    254a:	95 8b       	std	Z+21, r25	; 0x15
	s_pIOU_Sfp_Payload->iouGetParamResponseFrame.Temp_setpoint_channel_3_low = (uint8_t)temp;
    254c:	86 8b       	std	Z+22, r24	; 0x16
	// GET VOLTAGE OUTPUT TEC
	uint16_t voltage = temperature_get_voltage(0);
    254e:	80 e0       	ldi	r24, 0x00	; 0
    2550:	0e 94 c3 17 	call	0x2f86	; 0x2f86 <temperature_get_voltage>
	s_pIOU_Sfp_Payload->iouGetParamResponseFrame.Voltage_out_tec_channel_0_high = (uint8_t)(voltage >> 8);
    2554:	e0 91 5a 0b 	lds	r30, 0x0B5A	; 0x800b5a <s_pIOU_Sfp_Payload>
    2558:	f0 91 5b 0b 	lds	r31, 0x0B5B	; 0x800b5b <s_pIOU_Sfp_Payload+0x1>
    255c:	97 8b       	std	Z+23, r25	; 0x17
	s_pIOU_Sfp_Payload->iouGetParamResponseFrame.Voltage_out_tec_channel_0_low = (uint8_t)voltage;
    255e:	80 8f       	std	Z+24, r24	; 0x18
	voltage = temperature_get_voltage(1);
    2560:	81 e0       	ldi	r24, 0x01	; 1
    2562:	0e 94 c3 17 	call	0x2f86	; 0x2f86 <temperature_get_voltage>
	s_pIOU_Sfp_Payload->iouGetParamResponseFrame.Voltage_out_tec_channel_1_high = (uint8_t)(voltage >> 8);
    2566:	e0 91 5a 0b 	lds	r30, 0x0B5A	; 0x800b5a <s_pIOU_Sfp_Payload>
    256a:	f0 91 5b 0b 	lds	r31, 0x0B5B	; 0x800b5b <s_pIOU_Sfp_Payload+0x1>
    256e:	91 8f       	std	Z+25, r25	; 0x19
	s_pIOU_Sfp_Payload->iouGetParamResponseFrame.Voltage_out_tec_channel_1_low = (uint8_t)voltage;
    2570:	82 8f       	std	Z+26, r24	; 0x1a
	voltage = temperature_get_voltage(2);
    2572:	82 e0       	ldi	r24, 0x02	; 2
    2574:	0e 94 c3 17 	call	0x2f86	; 0x2f86 <temperature_get_voltage>
	s_pIOU_Sfp_Payload->iouGetParamResponseFrame.Voltage_out_tec_channel_2_high = (uint8_t)(voltage >> 8);
    2578:	e0 91 5a 0b 	lds	r30, 0x0B5A	; 0x800b5a <s_pIOU_Sfp_Payload>
    257c:	f0 91 5b 0b 	lds	r31, 0x0B5B	; 0x800b5b <s_pIOU_Sfp_Payload+0x1>
    2580:	93 8f       	std	Z+27, r25	; 0x1b
	s_pIOU_Sfp_Payload->iouGetParamResponseFrame.Voltage_out_tec_channel_2_low = (uint8_t)voltage;
    2582:	84 8f       	std	Z+28, r24	; 0x1c
	voltage = temperature_get_voltage(3);
    2584:	83 e0       	ldi	r24, 0x03	; 3
    2586:	0e 94 c3 17 	call	0x2f86	; 0x2f86 <temperature_get_voltage>
	s_pIOU_Sfp_Payload->iouGetParamResponseFrame.Voltage_out_tec_channel_3_high = (uint8_t)(voltage >> 8);
    258a:	e0 91 5a 0b 	lds	r30, 0x0B5A	; 0x800b5a <s_pIOU_Sfp_Payload>
    258e:	f0 91 5b 0b 	lds	r31, 0x0B5B	; 0x800b5b <s_pIOU_Sfp_Payload+0x1>
    2592:	95 8f       	std	Z+29, r25	; 0x1d
	s_pIOU_Sfp_Payload->iouGetParamResponseFrame.Voltage_out_tec_channel_3_low = (uint8_t)voltage;
    2594:	86 8f       	std	Z+30, r24	; 0x1e
	// GET NEO LED DATA
	rgbw_color RGBW = ringled_get_RGBW();
    2596:	0e 94 70 26 	call	0x4ce0	; 0x4ce0 <ringled_get_RGBW>
	s_pIOU_Sfp_Payload->iouGetParamResponseFrame.Neo_led_R = (uint8_t)RGBW.red;
    259a:	00 91 5a 0b 	lds	r16, 0x0B5A	; 0x800b5a <s_pIOU_Sfp_Payload>
    259e:	10 91 5b 0b 	lds	r17, 0x0B5B	; 0x800b5b <s_pIOU_Sfp_Payload+0x1>
    25a2:	f8 01       	movw	r30, r16
    25a4:	67 8f       	std	Z+31, r22	; 0x1f
	s_pIOU_Sfp_Payload->iouGetParamResponseFrame.Neo_led_G = (uint8_t)RGBW.green;
    25a6:	70 a3       	std	Z+32, r23	; 0x20
	s_pIOU_Sfp_Payload->iouGetParamResponseFrame.Neo_led_B = (uint8_t)RGBW.blue;
    25a8:	81 a3       	std	Z+33, r24	; 0x21
	s_pIOU_Sfp_Payload->iouGetParamResponseFrame.Neo_led_W = (uint8_t)RGBW.white;
    25aa:	92 a3       	std	Z+34, r25	; 0x22
	// GET IR LED BRIGHT
	s_pIOU_Sfp_Payload->iouGetParamResponseFrame.IRled_duty = (uint8_t)IR_led_get_Current_DutyCyclesPercent();
    25ac:	0e 94 86 13 	call	0x270c	; 0x270c <IR_led_get_Current_DutyCyclesPercent>
    25b0:	f8 01       	movw	r30, r16
    25b2:	83 a3       	std	Z+35, r24	; 0x23
	// DECODE FRAME
	fsp_gen_pkt((void*)0, &s_pIOU_Sfp_Payload->iouGetParamResponseFrame, 36, FSP_ADR_COPC, FSP_PKT_TYPE_CMD_W_DATA, &s_IOU_FspPacket);
    25b4:	60 91 5a 0b 	lds	r22, 0x0B5A	; 0x800b5a <s_pIOU_Sfp_Payload>
    25b8:	70 91 5b 0b 	lds	r23, 0x0B5B	; 0x800b5b <s_pIOU_Sfp_Payload+0x1>
    25bc:	0f 2e       	mov	r0, r31
    25be:	fe e5       	ldi	r31, 0x5E	; 94
    25c0:	ef 2e       	mov	r14, r31
    25c2:	fb e0       	ldi	r31, 0x0B	; 11
    25c4:	ff 2e       	mov	r15, r31
    25c6:	f0 2d       	mov	r31, r0
    25c8:	07 e0       	ldi	r16, 0x07	; 7
    25ca:	21 e0       	ldi	r18, 0x01	; 1
    25cc:	44 e2       	ldi	r20, 0x24	; 36
    25ce:	80 e0       	ldi	r24, 0x00	; 0
    25d0:	90 e0       	ldi	r25, 0x00	; 0
    25d2:	0e 94 b9 28 	call	0x5172	; 0x5172 <fsp_gen_pkt>
	fsp_encode(&s_IOU_FspPacket, encode_frame, &frame_len);
    25d6:	ae 01       	movw	r20, r28
    25d8:	4d 5c       	subi	r20, 0xCD	; 205
    25da:	5f 4f       	sbci	r21, 0xFF	; 255
    25dc:	be 01       	movw	r22, r28
    25de:	6f 5f       	subi	r22, 0xFF	; 255
    25e0:	7f 4f       	sbci	r23, 0xFF	; 255
    25e2:	c7 01       	movw	r24, r14
    25e4:	0e 94 10 29 	call	0x5220	; 0x5220 <fsp_encode>
	usart1_send_array(encode_frame, frame_len);
    25e8:	6b a9       	ldd	r22, Y+51	; 0x33
    25ea:	ce 01       	movw	r24, r28
    25ec:	01 96       	adiw	r24, 0x01	; 1
    25ee:	0e 94 d2 1b 	call	0x37a4	; 0x37a4 <usart1_send_array>
}
    25f2:	e3 96       	adiw	r28, 0x33	; 51
    25f4:	0f b6       	in	r0, 0x3f	; 63
    25f6:	f8 94       	cli
    25f8:	de bf       	out	0x3e, r29	; 62
    25fa:	0f be       	out	0x3f, r0	; 63
    25fc:	cd bf       	out	0x3d, r28	; 61
    25fe:	df 91       	pop	r29
    2600:	cf 91       	pop	r28
    2602:	1f 91       	pop	r17
    2604:	0f 91       	pop	r16
    2606:	ff 90       	pop	r15
    2608:	ef 90       	pop	r14
    260a:	08 95       	ret

0000260c <COPC_process_command>:
	}
}

void COPC_process_command(fsp_packet_t	*s_COPC_FspPacket)
{
	s_pIOU_Sfp_Payload->commonFrame.Cmd = s_pCOPC_Sfp_Payload->commonFrame.Cmd;
    260c:	e0 91 5c 0b 	lds	r30, 0x0B5C	; 0x800b5c <s_pCOPC_Sfp_Payload>
    2610:	f0 91 5d 0b 	lds	r31, 0x0B5D	; 0x800b5d <s_pCOPC_Sfp_Payload+0x1>
    2614:	80 81       	ld	r24, Z
    2616:	a0 91 5a 0b 	lds	r26, 0x0B5A	; 0x800b5a <s_pIOU_Sfp_Payload>
    261a:	b0 91 5b 0b 	lds	r27, 0x0B5B	; 0x800b5b <s_pIOU_Sfp_Payload+0x1>
    261e:	8c 93       	st	X, r24
	switch (s_pCOPC_Sfp_Payload->commonFrame.Cmd)
    2620:	e0 81       	ld	r30, Z
    2622:	8e 2f       	mov	r24, r30
    2624:	90 e0       	ldi	r25, 0x00	; 0
    2626:	fc 01       	movw	r30, r24
    2628:	31 97       	sbiw	r30, 0x01	; 1
    262a:	e3 31       	cpi	r30, 0x13	; 19
    262c:	f1 05       	cpc	r31, r1
    262e:	98 f5       	brcc	.+102    	; 0x2696 <COPC_process_command+0x8a>
    2630:	ea 5b       	subi	r30, 0xBA	; 186
    2632:	ff 4f       	sbci	r31, 0xFF	; 255
    2634:	0c 94 41 30 	jmp	0x6082	; 0x6082 <__tablejump2__>
	{
		case FSP_CMD_CODE_IOU_SET_TEMP:
			copc_iou_set_temp();
    2638:	0e 94 bf 0f 	call	0x1f7e	; 0x1f7e <copc_iou_set_temp>
			break;
    263c:	08 95       	ret
		case FSP_CMD_CODE_IOU_GET_TEMP:
			copc_iou_get_temp();
    263e:	0e 94 4d 10 	call	0x209a	; 0x209a <copc_iou_get_temp>
			break;
    2642:	08 95       	ret
		case FSP_CMD_CODE_IOU_GET_TEMP_SETPOINT:
			copc_iou_get_temp_setpoint();
    2644:	0e 94 af 10 	call	0x215e	; 0x215e <copc_iou_get_temp_setpoint>
			break;
    2648:	08 95       	ret
		case FSP_CMD_CODE_IOU_TEC_ENA:
			copc_iou_tec_ena();
    264a:	0e 94 d1 0f 	call	0x1fa2	; 0x1fa2 <copc_iou_tec_ena>
			break;
    264e:	08 95       	ret
		case FSP_CMD_CODE_IOU_TEC_DIS:
			copc_iou_tec_dis();
    2650:	0e 94 dd 0f 	call	0x1fba	; 0x1fba <copc_iou_tec_dis>
			break;
    2654:	08 95       	ret
		case FSP_CMD_CODE_IOU_TEC_ENA_AUTO:
			copc_iou_tec_ena_auto();
    2656:	0e 94 e9 0f 	call	0x1fd2	; 0x1fd2 <copc_iou_tec_ena_auto>
			break;
    265a:	08 95       	ret
		case FSP_CMD_CODE_IOU_TEC_DIS_AUTO:
			copc_iou_tec_dis_auto();
    265c:	0e 94 01 10 	call	0x2002	; 0x2002 <copc_iou_tec_dis_auto>
			break;
    2660:	08 95       	ret
		case FSP_CMD_CODE_IOU_TEC_SET_OUTPUT:
			copc_iou_tec_set_output();
    2662:	0e 94 0e 10 	call	0x201c	; 0x201c <copc_iou_tec_set_output>
			break;
    2666:	08 95       	ret
		case FSP_CMD_CODE_IOU_TEC_AUTO_VOL:
			copc_iou_tec_set_auto_vol();
    2668:	0e 94 21 10 	call	0x2042	; 0x2042 <copc_iou_tec_set_auto_vol>
			break;
    266c:	08 95       	ret
		case FSP_CMD_CODE_IOU_TEC_LOG_ENA:
			break;
		case FSP_CMD_CODE_IOU_TEC_LOG_DIS:
			break;
		case FSP_CMD_CODE_IOU_RINGLED_SET_RGBW:
			copc_iou_ringled_set_RGBW();
    266e:	0e 94 33 10 	call	0x2066	; 0x2066 <copc_iou_ringled_set_RGBW>
			break;
    2672:	08 95       	ret
		case FSP_CMD_CODE_IOU_RINGLED_GET_RGBW:
			copc_iou_ringled_get_RGBW();
    2674:	0e 94 fd 10 	call	0x21fa	; 0x21fa <copc_iou_ringled_get_RGBW>
			break;
    2678:	08 95       	ret
		case FSP_CMD_CODE_IOU_IRLED_SET_BRIGHT:
			copc_iou_irled_set_bright();
    267a:	0e 94 40 10 	call	0x2080	; 0x2080 <copc_iou_irled_set_bright>
			break;
    267e:	08 95       	ret
		case FSP_CMD_CODE_IOU_IRLED_GET_BRIGHT:
			copc_iou_irled_get_bright();
    2680:	0e 94 42 11 	call	0x2284	; 0x2284 <copc_iou_irled_get_bright>
			break;
    2684:	08 95       	ret
		case FSP_CMD_CODE_IOU_GET_ACCEL_GYRO:
			copc_iou_get_accel_gyro();
    2686:	0e 94 84 11 	call	0x2308	; 0x2308 <copc_iou_get_accel_gyro>
			break;
    268a:	08 95       	ret
		case FSP_CMD_CODE_IOU_GET_PRESS:
			copc_iou_get_press();
    268c:	0e 94 eb 11 	call	0x23d6	; 0x23d6 <copc_iou_get_press>
			break;
    2690:	08 95       	ret
		case FSP_CMD_CODE_IOU_GET_PARAMETERS:
			copc_iou_get_param();
    2692:	0e 94 2d 12 	call	0x245a	; 0x245a <copc_iou_get_param>
    2696:	08 95       	ret

00002698 <COPC_task_update>:
}

static void COPC_task_update(void)
{
	char rxData;
	while (!rbuffer_empty(p_COPCBuffer))
    2698:	1d c0       	rjmp	.+58     	; 0x26d4 <COPC_task_update+0x3c>
	{
		rxData = rbuffer_remove(p_COPCBuffer);
    269a:	80 91 c4 0b 	lds	r24, 0x0BC4	; 0x800bc4 <p_COPCBuffer>
    269e:	90 91 c5 0b 	lds	r25, 0x0BC5	; 0x800bc5 <p_COPCBuffer+0x1>
    26a2:	0e 94 1b 1b 	call	0x3636	; 0x3636 <rbuffer_remove>
		if(rxData == FSP_PKT_ESC)	
		{
			swap_byte = 1;
			break;
		}
		if(swap_byte)
    26a6:	90 91 59 0b 	lds	r25, 0x0B59	; 0x800b59 <swap_byte>
    26aa:	91 11       	cpse	r25, r1
		{
			swap_byte = 0;
    26ac:	10 92 59 0b 	sts	0x0B59, r1	; 0x800b59 <swap_byte>
			if(rxData == FSP_PKT_TSOD)	rxData = FSP_PKT_SOD;
			if(rxData == FSP_PKT_TESC)	rxData = FSP_PKT_ESC;
			if(rxData == FSP_PKT_TEOF)	rxData = FSP_PKT_EOF;
		}
		switch ( fsp_decode(rxData,&s_COPC_FspPacket))
    26b0:	61 e9       	ldi	r22, 0x91	; 145
    26b2:	7b e0       	ldi	r23, 0x0B	; 11
    26b4:	0e 94 f7 29 	call	0x53ee	; 0x53ee <fsp_decode>
    26b8:	81 30       	cpi	r24, 0x01	; 1
    26ba:	19 f0       	breq	.+6      	; 0x26c2 <COPC_task_update+0x2a>
    26bc:	83 30       	cpi	r24, 0x03	; 3
    26be:	31 f0       	breq	.+12     	; 0x26cc <COPC_task_update+0x34>
    26c0:	09 c0       	rjmp	.+18     	; 0x26d4 <COPC_task_update+0x3c>
		{
			//process command
            case FSP_PKT_NOT_READY:
				break;
            case FSP_PKT_READY:
				COPC_process_command(&s_COPC_FspPacket);          
    26c2:	81 e9       	ldi	r24, 0x91	; 145
    26c4:	9b e0       	ldi	r25, 0x0B	; 11
    26c6:	0e 94 06 13 	call	0x260c	; 0x260c <COPC_process_command>
	            break;
    26ca:	04 c0       	rjmp	.+8      	; 0x26d4 <COPC_task_update+0x3c>
            case FSP_PKT_INVALID:
	            break;
            case FSP_PKT_WRONG_ADR:
				usart0_send_string("Wrong module address \r\n");
    26cc:	88 e0       	ldi	r24, 0x08	; 8
    26ce:	9a e0       	ldi	r25, 0x0A	; 10
    26d0:	0e 94 5c 1b 	call	0x36b8	; 0x36b8 <usart0_send_string>
}

static void COPC_task_update(void)
{
	char rxData;
	while (!rbuffer_empty(p_COPCBuffer))
    26d4:	80 91 c4 0b 	lds	r24, 0x0BC4	; 0x800bc4 <p_COPCBuffer>
    26d8:	90 91 c5 0b 	lds	r25, 0x0BC5	; 0x800bc5 <p_COPCBuffer+0x1>
    26dc:	0e 94 ff 1a 	call	0x35fe	; 0x35fe <rbuffer_empty>
    26e0:	88 23       	and	r24, r24
    26e2:	d9 f2       	breq	.-74     	; 0x269a <COPC_task_update+0x2>
	            break;
            default:
	           break;
		}
	}
}
    26e4:	08 95       	ret

000026e6 <IR_led_init>:
static IR_Led_CurrentDutyCyclePercentTypedef_t		IR_led_DutyCycle_status = 0;

void IR_led_init(void)
{
	#ifdef	IOU_HW_V1_0_0
		pwm1_init(IR_LED_PIN, 1000, 0);
    26e6:	40 e0       	ldi	r20, 0x00	; 0
    26e8:	68 ee       	ldi	r22, 0xE8	; 232
    26ea:	73 e0       	ldi	r23, 0x03	; 3
    26ec:	86 e0       	ldi	r24, 0x06	; 6
    26ee:	0e 94 0b 19 	call	0x3216	; 0x3216 <pwm1_init>
    26f2:	08 95       	ret

000026f4 <IR_led_set_DutyCyclesPercent>:
		pwm2_init(IR_LED_PIN, 1000, 0);
	#endif
}

void IR_led_set_DutyCyclesPercent(uint8_t _DutyCyclesPercent)
{
    26f4:	cf 93       	push	r28
    26f6:	c8 2f       	mov	r28, r24
    26f8:	85 36       	cpi	r24, 0x65	; 101
    26fa:	08 f0       	brcs	.+2      	; 0x26fe <IR_led_set_DutyCyclesPercent+0xa>
    26fc:	c4 e6       	ldi	r28, 0x64	; 100
	if (_DutyCyclesPercent > 100) _DutyCyclesPercent = 100;
	#ifdef	IOU_HW_V1_0_0
		pwm1_set_DutyCyclePercent(_DutyCyclesPercent);
    26fe:	8c 2f       	mov	r24, r28
    2700:	0e 94 4f 19 	call	0x329e	; 0x329e <pwm1_set_DutyCyclePercent>
		
	#ifdef	IOU_HW_V1_2_0
		pwm2_set_DutyCyclePercent(_DutyCyclesPercent);
	#endif
	
	IR_led_DutyCycle_status = _DutyCyclesPercent;
    2704:	c0 93 c6 0b 	sts	0x0BC6, r28	; 0x800bc6 <IR_led_DutyCycle_status>
}
    2708:	cf 91       	pop	r28
    270a:	08 95       	ret

0000270c <IR_led_get_Current_DutyCyclesPercent>:

uint8_t IR_led_get_Current_DutyCyclesPercent(void)
{
	return (uint8_t)IR_led_DutyCycle_status;
    270c:	80 91 c6 0b 	lds	r24, 0x0BC6	; 0x800bc6 <IR_led_DutyCycle_status>
    2710:	08 95       	ret

00002712 <ringled_update>:
	SCH_TASK_CreateTask(&s_ringled_task_context.taskHandle, &s_ringled_task_context.taskProperty);
}

void	ringled_update(void)
{
	ringled_show(colorMap, LED_COUNT);
    2712:	6a e0       	ldi	r22, 0x0A	; 10
    2714:	84 e7       	ldi	r24, 0x74	; 116
    2716:	9c e0       	ldi	r25, 0x0C	; 12
    2718:	0e 94 0b 26 	call	0x4c16	; 0x4c16 <ringled_show>
    271c:	08 95       	ret

0000271e <ringled_create_task>:
	}
};

void	ringled_create_task(void)
{
	SCH_TASK_CreateTask(&s_ringled_task_context.taskHandle, &s_ringled_task_context.taskProperty);
    271e:	6e e9       	ldi	r22, 0x9E	; 158
    2720:	71 e0       	ldi	r23, 0x01	; 1
    2722:	8d e9       	ldi	r24, 0x9D	; 157
    2724:	91 e0       	ldi	r25, 0x01	; 1
    2726:	0e 94 f6 26 	call	0x4dec	; 0x4dec <SCH_TASK_CreateTask>
    272a:	08 95       	ret

0000272c <status_led_led1_off>:
	
}

static void status_led_led1_off(void)
{
	LED1_DATA_PORT |= ((1 << LED1_PIN));	
    272c:	e2 e6       	ldi	r30, 0x62	; 98
    272e:	f0 e0       	ldi	r31, 0x00	; 0
    2730:	80 81       	ld	r24, Z
    2732:	84 60       	ori	r24, 0x04	; 4
    2734:	80 83       	st	Z, r24
    2736:	08 95       	ret

00002738 <status_led_update>:
{
	LED2_DATA_PORT &= ~((1 << LED2_PIN));
}
void	status_led_update(void)
{
	switch (*s_led_display_status.s_pIOU_Status) {
    2738:	e0 91 c8 0b 	lds	r30, 0x0BC8	; 0x800bc8 <s_led_display_status+0x1>
    273c:	f0 91 c9 0b 	lds	r31, 0x0BC9	; 0x800bc9 <s_led_display_status+0x2>
    2740:	80 81       	ld	r24, Z
    2742:	88 23       	and	r24, r24
    2744:	19 f0       	breq	.+6      	; 0x274c <status_led_update+0x14>
    2746:	81 30       	cpi	r24, 0x01	; 1
    2748:	c9 f1       	breq	.+114    	; 0x27bc <status_led_update+0x84>
    274a:	08 95       	ret
	}
}
static	void	status_led_powerup(void)
{
		{
			if ((s_led_display_status.led1 == 1) && (s_led_display_status.led1 == 1))	//both ON
    274c:	80 91 c7 0b 	lds	r24, 0x0BC7	; 0x800bc7 <s_led_display_status>
    2750:	80 ff       	sbrs	r24, 0
    2752:	1a c0       	rjmp	.+52     	; 0x2788 <status_led_update+0x50>
			{
				if (SCH_TIM_HasCompleted(SCH_TIM_LED))
    2754:	80 e0       	ldi	r24, 0x00	; 0
    2756:	0e 94 e9 26 	call	0x4dd2	; 0x4dd2 <SCH_TIM_HasCompleted>
    275a:	88 23       	and	r24, r24
    275c:	09 f4       	brne	.+2      	; 0x2760 <status_led_update+0x28>
    275e:	45 c0       	rjmp	.+138    	; 0x27ea <status_led_update+0xb2>
				{
					s_led_display_status.led1 = 0;
    2760:	e7 ec       	ldi	r30, 0xC7	; 199
    2762:	fb e0       	ldi	r31, 0x0B	; 11
    2764:	80 81       	ld	r24, Z
    2766:	8e 7f       	andi	r24, 0xFE	; 254
    2768:	80 83       	st	Z, r24
					s_led_display_status.led1 = 0;
					status_led_led1_off();
    276a:	0e 94 96 13 	call	0x272c	; 0x272c <status_led_led1_off>
	LED1_DATA_PORT &= ~((1 << LED1_PIN));
}

static void status_led_led2_off(void)
{
	LED2_DATA_PORT |= ((1 << LED2_PIN));
    276e:	e2 e6       	ldi	r30, 0x62	; 98
    2770:	f0 e0       	ldi	r31, 0x00	; 0
    2772:	80 81       	ld	r24, Z
    2774:	88 60       	ori	r24, 0x08	; 8
    2776:	80 83       	st	Z, r24
				{
					s_led_display_status.led1 = 0;
					s_led_display_status.led1 = 0;
					status_led_led1_off();
					status_led_led2_off();
					SCH_TIM_Start(SCH_TIM_LED,POWERUP_PERIOD);	//restart
    2778:	44 ef       	ldi	r20, 0xF4	; 244
    277a:	51 e0       	ldi	r21, 0x01	; 1
    277c:	60 e0       	ldi	r22, 0x00	; 0
    277e:	70 e0       	ldi	r23, 0x00	; 0
    2780:	80 e0       	ldi	r24, 0x00	; 0
    2782:	0e 94 de 26 	call	0x4dbc	; 0x4dbc <SCH_TIM_Start>
    2786:	08 95       	ret
				}
			}
			else if ((s_led_display_status.led1 == 0) && (s_led_display_status.led1 == 0))	//both OFF
			{
				if (SCH_TIM_HasCompleted(SCH_TIM_LED))
    2788:	80 e0       	ldi	r24, 0x00	; 0
    278a:	0e 94 e9 26 	call	0x4dd2	; 0x4dd2 <SCH_TIM_HasCompleted>
    278e:	88 23       	and	r24, r24
    2790:	61 f1       	breq	.+88     	; 0x27ea <status_led_update+0xb2>
				{
					s_led_display_status.led1 = 1;
    2792:	e7 ec       	ldi	r30, 0xC7	; 199
    2794:	fb e0       	ldi	r31, 0x0B	; 11
    2796:	80 81       	ld	r24, Z
    2798:	81 60       	ori	r24, 0x01	; 1
    279a:	80 83       	st	Z, r24
	LED1_DATA_PORT |= ((1 << LED1_PIN));	
}

static void status_led_led1_on(void)
{
	LED1_DATA_PORT &= ~((1 << LED1_PIN));
    279c:	e2 e6       	ldi	r30, 0x62	; 98
    279e:	f0 e0       	ldi	r31, 0x00	; 0
    27a0:	80 81       	ld	r24, Z
    27a2:	8b 7f       	andi	r24, 0xFB	; 251
    27a4:	80 83       	st	Z, r24
	LED2_DATA_PORT |= ((1 << LED2_PIN));
}

static void status_led_led2_on(void)
{
	LED2_DATA_PORT &= ~((1 << LED2_PIN));
    27a6:	80 81       	ld	r24, Z
    27a8:	87 7f       	andi	r24, 0xF7	; 247
    27aa:	80 83       	st	Z, r24
				{
					s_led_display_status.led1 = 1;
					s_led_display_status.led1 = 1;
					status_led_led1_on();
					status_led_led2_on();
					SCH_TIM_Start(SCH_TIM_LED,POWERUP_PERIOD);	//restart					
    27ac:	44 ef       	ldi	r20, 0xF4	; 244
    27ae:	51 e0       	ldi	r21, 0x01	; 1
    27b0:	60 e0       	ldi	r22, 0x00	; 0
    27b2:	70 e0       	ldi	r23, 0x00	; 0
    27b4:	80 e0       	ldi	r24, 0x00	; 0
    27b6:	0e 94 de 26 	call	0x4dbc	; 0x4dbc <SCH_TIM_Start>
    27ba:	08 95       	ret
		}
}

static	void	status_led_normal(void)
{
	if (s_led_display_status.led1 == 1)
    27bc:	80 91 c7 0b 	lds	r24, 0x0BC7	; 0x800bc7 <s_led_display_status>
    27c0:	80 ff       	sbrs	r24, 0
    27c2:	13 c0       	rjmp	.+38     	; 0x27ea <status_led_update+0xb2>
	{
		if (SCH_TIM_HasCompleted(SCH_TIM_LED))
    27c4:	80 e0       	ldi	r24, 0x00	; 0
    27c6:	0e 94 e9 26 	call	0x4dd2	; 0x4dd2 <SCH_TIM_HasCompleted>
    27ca:	88 23       	and	r24, r24
    27cc:	71 f0       	breq	.+28     	; 0x27ea <status_led_update+0xb2>
			{
				s_led_display_status.led1 = 0;
    27ce:	e7 ec       	ldi	r30, 0xC7	; 199
    27d0:	fb e0       	ldi	r31, 0x0B	; 11
    27d2:	80 81       	ld	r24, Z
    27d4:	8e 7f       	andi	r24, 0xFE	; 254
    27d6:	80 83       	st	Z, r24
				status_led_led1_off();
    27d8:	0e 94 96 13 	call	0x272c	; 0x272c <status_led_led1_off>
				SCH_TIM_Start(SCH_TIM_LED,POWER_NORMAL_OFF_PERIOD);	//restart
    27dc:	48 eb       	ldi	r20, 0xB8	; 184
    27de:	5b e0       	ldi	r21, 0x0B	; 11
    27e0:	60 e0       	ldi	r22, 0x00	; 0
    27e2:	70 e0       	ldi	r23, 0x00	; 0
    27e4:	80 e0       	ldi	r24, 0x00	; 0
    27e6:	0e 94 de 26 	call	0x4dbc	; 0x4dbc <SCH_TIM_Start>
    27ea:	08 95       	ret

000027ec <status_led_init>:
static void status_led_led2_off(void);
static	void	status_led_powerup(void);


void status_led_init(void)
{
    27ec:	cf 93       	push	r28
    27ee:	df 93       	push	r29
	LED1_DIR_PORT |= (1 << LED1_PIN);
    27f0:	e1 e6       	ldi	r30, 0x61	; 97
    27f2:	f0 e0       	ldi	r31, 0x00	; 0
    27f4:	80 81       	ld	r24, Z
    27f6:	84 60       	ori	r24, 0x04	; 4
    27f8:	80 83       	st	Z, r24
	LED1_DATA_PORT &= ~((1 << LED1_PIN));
    27fa:	c2 e6       	ldi	r28, 0x62	; 98
    27fc:	d0 e0       	ldi	r29, 0x00	; 0
    27fe:	88 81       	ld	r24, Y
    2800:	8b 7f       	andi	r24, 0xFB	; 251
    2802:	88 83       	st	Y, r24
	LED2_DIR_PORT |= (1 << LED2_PIN);
    2804:	80 81       	ld	r24, Z
    2806:	88 60       	ori	r24, 0x08	; 8
    2808:	80 83       	st	Z, r24
	LED2_DATA_PORT &= ~((1 << LED2_PIN));
    280a:	88 81       	ld	r24, Y
    280c:	87 7f       	andi	r24, 0xF7	; 247
    280e:	88 83       	st	Y, r24
	s_led_display_status.led1 = 0;
    2810:	e7 ec       	ldi	r30, 0xC7	; 199
    2812:	fb e0       	ldi	r31, 0x0B	; 11
    2814:	80 81       	ld	r24, Z
	s_led_display_status.led2 = 0;
    2816:	8e 7f       	andi	r24, 0xFE	; 254
    2818:	8d 7f       	andi	r24, 0xFD	; 253
    281a:	80 83       	st	Z, r24
	s_led_display_status.s_pIOU_Status = &IOU_data.IOU_State_Data;
    281c:	8c ea       	ldi	r24, 0xAC	; 172
    281e:	9d e0       	ldi	r25, 0x0D	; 13
    2820:	92 83       	std	Z+2, r25	; 0x02
    2822:	81 83       	std	Z+1, r24	; 0x01
	status_led_led1_off();
    2824:	0e 94 96 13 	call	0x272c	; 0x272c <status_led_led1_off>
	LED1_DATA_PORT &= ~((1 << LED1_PIN));
}

static void status_led_led2_off(void)
{
	LED2_DATA_PORT |= ((1 << LED2_PIN));
    2828:	88 81       	ld	r24, Y
    282a:	88 60       	ori	r24, 0x08	; 8
    282c:	88 83       	st	Y, r24
	s_led_display_status.led2 = 0;
	s_led_display_status.s_pIOU_Status = &IOU_data.IOU_State_Data;
	status_led_led1_off();
	status_led_led2_off();
	
}
    282e:	df 91       	pop	r29
    2830:	cf 91       	pop	r28
    2832:	08 95       	ret

00002834 <status_led_create_task>:
	}
}

void	status_led_create_task(void)
{
	SCH_TASK_CreateTask(&s_task_context.taskHandle, &s_task_context.taskProperty);
    2834:	65 ea       	ldi	r22, 0xA5	; 165
    2836:	71 e0       	ldi	r23, 0x01	; 1
    2838:	84 ea       	ldi	r24, 0xA4	; 164
    283a:	91 e0       	ldi	r25, 0x01	; 1
    283c:	0e 94 f6 26 	call	0x4dec	; 0x4dec <SCH_TASK_CreateTask>
    2840:	08 95       	ret

00002842 <main>:
#include "ir_led.h"
#include "TPL5010.h"

int main(void)
{
	SCH_Initialize();
    2842:	0e 94 be 26 	call	0x4d7c	; 0x4d7c <SCH_Initialize>
	command_init();
    2846:	0e 94 3e 0f 	call	0x1e7c	; 0x1e7c <command_init>
	watchdog_init();
    284a:	0e 94 e8 18 	call	0x31d0	; 0x31d0 <watchdog_init>
	watchdog_create_timer();
    284e:	0e 94 eb 18 	call	0x31d6	; 0x31d6 <watchdog_create_timer>
	status_led_init();
    2852:	0e 94 f6 13 	call	0x27ec	; 0x27ec <status_led_init>
	temperature_init();
    2856:	0e 94 f8 14 	call	0x29f0	; 0x29f0 <temperature_init>
	ringled_init();
    285a:	0e 94 50 26 	call	0x4ca0	; 0x4ca0 <ringled_init>
	IR_led_init();
    285e:	0e 94 73 13 	call	0x26e6	; 0x26e6 <IR_led_init>
 	COPC_init();
    2862:	0e 94 5a 0f 	call	0x1eb4	; 0x1eb4 <COPC_init>
//	TPL5010_done_pulse;
	
	SCH_StartSchedular();
    2866:	0e 94 f7 27 	call	0x4fee	; 0x4fee <SCH_StartSchedular>
	status_led_create_task();
    286a:	0e 94 1a 14 	call	0x2834	; 0x2834 <status_led_create_task>
	command_create_task();
    286e:	0e 94 1e 0f 	call	0x1e3c	; 0x1e3c <command_create_task>
	temperature_create_task();
    2872:	0e 94 66 14 	call	0x28cc	; 0x28cc <temperature_create_task>
	ringled_create_task();
    2876:	0e 94 8f 13 	call	0x271e	; 0x271e <ringled_create_task>
	COPC_create_task();
    287a:	0e 94 72 0f 	call	0x1ee4	; 0x1ee4 <COPC_create_task>
	if (Accel_and_Gyro_init())
    287e:	0e 94 ad 09 	call	0x135a	; 0x135a <Accel_and_Gyro_init>
    2882:	81 11       	cpse	r24, r1
		Accel_and_Gyro_create_task();
    2884:	0e 94 ba 09 	call	0x1374	; 0x1374 <Accel_and_Gyro_create_task>
	if (Pressure_init())
    2888:	0e 94 4f 14 	call	0x289e	; 0x289e <Pressure_init>
    288c:	81 11       	cpse	r24, r1
		Pressure_create_task();
    288e:	0e 94 5c 14 	call	0x28b8	; 0x28b8 <Pressure_create_task>
	while (1)
	{
		SCH_HandleScheduledTask();
    2892:	0e 94 fa 27 	call	0x4ff4	; 0x4ff4 <SCH_HandleScheduledTask>
    2896:	fd cf       	rjmp	.-6      	; 0x2892 <main+0x50>

00002898 <pressure_update>:
	}
};

void pressure_update(void)
{
	BMP390_temp_press_update();
    2898:	0e 94 04 24 	call	0x4808	; 0x4808 <BMP390_temp_press_update>
    289c:	08 95       	ret

0000289e <Pressure_init>:
}

bool Pressure_init(void)
{
    289e:	cf 93       	push	r28
	if (!BMP390_init())
    28a0:	0e 94 1b 22 	call	0x4436	; 0x4436 <BMP390_init>
    28a4:	c8 2f       	mov	r28, r24
    28a6:	81 11       	cpse	r24, r1
    28a8:	04 c0       	rjmp	.+8      	; 0x28b2 <Pressure_init+0x14>
	{
		usart0_send_string("BMP390 is unavailble \r\n> ");
    28aa:	80 e2       	ldi	r24, 0x20	; 32
    28ac:	9a e0       	ldi	r25, 0x0A	; 10
    28ae:	0e 94 5c 1b 	call	0x36b8	; 0x36b8 <usart0_send_string>
		return false;
	}
	return true;
}
    28b2:	8c 2f       	mov	r24, r28
    28b4:	cf 91       	pop	r28
    28b6:	08 95       	ret

000028b8 <Pressure_create_task>:

void Pressure_create_task(void)
{
	SCH_TASK_CreateTask(&s_pressure_task_context.taskHandle, &s_pressure_task_context.taskProperty);
    28b8:	6c ea       	ldi	r22, 0xAC	; 172
    28ba:	71 e0       	ldi	r23, 0x01	; 1
    28bc:	8b ea       	ldi	r24, 0xAB	; 171
    28be:	91 e0       	ldi	r25, 0x01	; 1
    28c0:	0e 94 f6 26 	call	0x4dec	; 0x4dec <SCH_TASK_CreateTask>
    28c4:	08 95       	ret

000028c6 <get_pressure>:
}

uint16_t get_pressure(void)
{
	return (uint16_t)get_BMP390_pressure();
    28c6:	0e 94 1f 24 	call	0x483e	; 0x483e <get_BMP390_pressure>
}
    28ca:	08 95       	ret

000028cc <temperature_create_task>:
	return s_Temperature_CurrentState.mode[channel];
}

uint8_t	temperature_tec_get_status(void) {
	return s_Temperature_CurrentState.TEC_status;
}
    28cc:	67 ee       	ldi	r22, 0xE7	; 231
    28ce:	71 e0       	ldi	r23, 0x01	; 1
    28d0:	86 ee       	ldi	r24, 0xE6	; 230
    28d2:	91 e0       	ldi	r25, 0x01	; 1
    28d4:	0e 94 f6 26 	call	0x4dec	; 0x4dec <SCH_TASK_CreateTask>
    28d8:	08 95       	ret

000028da <temperature_set_point>:
    28da:	e6 2f       	mov	r30, r22
    28dc:	f0 e0       	ldi	r31, 0x00	; 0
    28de:	ee 0f       	add	r30, r30
    28e0:	ff 1f       	adc	r31, r31
    28e2:	e0 54       	subi	r30, 0x40	; 64
    28e4:	fe 4f       	sbci	r31, 0xFE	; 254
    28e6:	91 83       	std	Z+1, r25	; 0x01
    28e8:	80 83       	st	Z, r24
    28ea:	08 95       	ret

000028ec <temperature_get_NTC>:
    28ec:	e8 2f       	mov	r30, r24
    28ee:	f0 e0       	ldi	r31, 0x00	; 0
    28f0:	ee 0f       	add	r30, r30
    28f2:	ff 1f       	adc	r31, r31
    28f4:	ee 54       	subi	r30, 0x4E	; 78
    28f6:	fe 4f       	sbci	r31, 0xFE	; 254
    28f8:	80 81       	ld	r24, Z
    28fa:	91 81       	ldd	r25, Z+1	; 0x01
    28fc:	08 95       	ret

000028fe <temperature_get_onewire>:
    28fe:	e8 2f       	mov	r30, r24
    2900:	f0 e0       	ldi	r31, 0x00	; 0
    2902:	ee 0f       	add	r30, r30
    2904:	ff 1f       	adc	r31, r31
    2906:	e6 54       	subi	r30, 0x46	; 70
    2908:	fe 4f       	sbci	r31, 0xFE	; 254
    290a:	80 81       	ld	r24, Z
    290c:	91 81       	ldd	r25, Z+1	; 0x01
    290e:	08 95       	ret

00002910 <temperature_get_bmp390>:
    2910:	80 91 be 01 	lds	r24, 0x01BE	; 0x8001be <s_Temperature_CurrentState+0xc>
    2914:	90 91 bf 01 	lds	r25, 0x01BF	; 0x8001bf <s_Temperature_CurrentState+0xd>
    2918:	08 95       	ret

0000291a <temperature_enable_TEC>:
    291a:	cf 93       	push	r28
    291c:	c8 2f       	mov	r28, r24
    291e:	0e 94 82 26 	call	0x4d04	; 0x4d04 <TEC_enable>
    2922:	e2 eb       	ldi	r30, 0xB2	; 178
    2924:	f1 e0       	ldi	r31, 0x01	; 1
    2926:	cc 0f       	add	r28, r28
    2928:	81 e0       	ldi	r24, 0x01	; 1
    292a:	90 e0       	ldi	r25, 0x00	; 0
    292c:	02 c0       	rjmp	.+4      	; 0x2932 <temperature_enable_TEC+0x18>
    292e:	88 0f       	add	r24, r24
    2930:	99 1f       	adc	r25, r25
    2932:	ca 95       	dec	r28
    2934:	e2 f7       	brpl	.-8      	; 0x292e <temperature_enable_TEC+0x14>
    2936:	96 a1       	ldd	r25, Z+38	; 0x26
    2938:	89 2b       	or	r24, r25
    293a:	86 a3       	std	Z+38, r24	; 0x26
    293c:	cf 91       	pop	r28
    293e:	08 95       	ret

00002940 <temperature_disable_TEC>:
    2940:	cf 93       	push	r28
    2942:	c8 2f       	mov	r28, r24
    2944:	0e 94 9c 26 	call	0x4d38	; 0x4d38 <TEC_shutdown>
    2948:	e2 eb       	ldi	r30, 0xB2	; 178
    294a:	f1 e0       	ldi	r31, 0x01	; 1
    294c:	cc 0f       	add	r28, r28
    294e:	81 e0       	ldi	r24, 0x01	; 1
    2950:	90 e0       	ldi	r25, 0x00	; 0
    2952:	02 c0       	rjmp	.+4      	; 0x2958 <temperature_disable_TEC+0x18>
    2954:	88 0f       	add	r24, r24
    2956:	99 1f       	adc	r25, r25
    2958:	ca 95       	dec	r28
    295a:	e2 f7       	brpl	.-8      	; 0x2954 <temperature_disable_TEC+0x14>
    295c:	80 95       	com	r24
    295e:	96 a1       	ldd	r25, Z+38	; 0x26
    2960:	89 23       	and	r24, r25
    2962:	86 a3       	std	Z+38, r24	; 0x26
    2964:	cf 91       	pop	r28
    2966:	08 95       	ret

00002968 <temperature_disable_auto_control_TEC>:
    2968:	e2 eb       	ldi	r30, 0xB2	; 178
    296a:	f1 e0       	ldi	r31, 0x01	; 1
    296c:	90 e0       	ldi	r25, 0x00	; 0
    296e:	88 0f       	add	r24, r24
    2970:	99 1f       	adc	r25, r25
    2972:	01 96       	adiw	r24, 0x01	; 1
    2974:	21 e0       	ldi	r18, 0x01	; 1
    2976:	30 e0       	ldi	r19, 0x00	; 0
    2978:	a9 01       	movw	r20, r18
    297a:	02 c0       	rjmp	.+4      	; 0x2980 <temperature_disable_auto_control_TEC+0x18>
    297c:	44 0f       	add	r20, r20
    297e:	55 1f       	adc	r21, r21
    2980:	8a 95       	dec	r24
    2982:	e2 f7       	brpl	.-8      	; 0x297c <temperature_disable_auto_control_TEC+0x14>
    2984:	ca 01       	movw	r24, r20
    2986:	80 95       	com	r24
    2988:	96 a1       	ldd	r25, Z+38	; 0x26
    298a:	89 23       	and	r24, r25
    298c:	86 a3       	std	Z+38, r24	; 0x26
    298e:	08 95       	ret

00002990 <temperature_set_TEC_output>:
    2990:	0f 93       	push	r16
    2992:	cf 93       	push	r28
    2994:	08 2f       	mov	r16, r24
    2996:	c6 2f       	mov	r28, r22
    2998:	ca 01       	movw	r24, r20
    299a:	a0 e0       	ldi	r26, 0x00	; 0
    299c:	b0 e0       	ldi	r27, 0x00	; 0
    299e:	bc 01       	movw	r22, r24
    29a0:	cd 01       	movw	r24, r26
    29a2:	05 2e       	mov	r0, r21
    29a4:	5c e0       	ldi	r21, 0x0C	; 12
    29a6:	66 0f       	add	r22, r22
    29a8:	77 1f       	adc	r23, r23
    29aa:	88 1f       	adc	r24, r24
    29ac:	99 1f       	adc	r25, r25
    29ae:	5a 95       	dec	r21
    29b0:	d1 f7       	brne	.-12     	; 0x29a6 <temperature_set_TEC_output+0x16>
    29b2:	50 2d       	mov	r21, r0
    29b4:	2e e7       	ldi	r18, 0x7E	; 126
    29b6:	34 e0       	ldi	r19, 0x04	; 4
    29b8:	40 e0       	ldi	r20, 0x00	; 0
    29ba:	50 e0       	ldi	r21, 0x00	; 0
    29bc:	0e 94 1f 30 	call	0x603e	; 0x603e <__udivmodsi4>
    29c0:	c1 30       	cpi	r28, 0x01	; 1
    29c2:	49 f4       	brne	.+18     	; 0x29d6 <temperature_set_TEC_output+0x46>
    29c4:	80 e0       	ldi	r24, 0x00	; 0
    29c6:	98 e0       	ldi	r25, 0x08	; 8
    29c8:	a0 e0       	ldi	r26, 0x00	; 0
    29ca:	b0 e0       	ldi	r27, 0x00	; 0
    29cc:	82 1b       	sub	r24, r18
    29ce:	93 0b       	sbc	r25, r19
    29d0:	a4 0b       	sbc	r26, r20
    29d2:	b5 0b       	sbc	r27, r21
    29d4:	05 c0       	rjmp	.+10     	; 0x29e0 <temperature_set_TEC_output+0x50>
    29d6:	da 01       	movw	r26, r20
    29d8:	c9 01       	movw	r24, r18
    29da:	98 5f       	subi	r25, 0xF8	; 248
    29dc:	af 4f       	sbci	r26, 0xFF	; 255
    29de:	bf 4f       	sbci	r27, 0xFF	; 255
    29e0:	21 e0       	ldi	r18, 0x01	; 1
    29e2:	40 e0       	ldi	r20, 0x00	; 0
    29e4:	60 e0       	ldi	r22, 0x00	; 0
    29e6:	0e 94 6e 25 	call	0x4adc	; 0x4adc <MCP4291_set_output>
    29ea:	cf 91       	pop	r28
    29ec:	0f 91       	pop	r16
    29ee:	08 95       	ret

000029f0 <temperature_init>:
    29f0:	cf 93       	push	r28
    29f2:	0e 94 f6 18 	call	0x31ec	; 0x31ec <init_adc>
    29f6:	0e 94 79 26 	call	0x4cf2	; 0x4cf2 <TEC_init>
    29fa:	0e 94 42 25 	call	0x4a84	; 0x4a84 <MCP4921_init>
    29fe:	0e 94 67 19 	call	0x32ce	; 0x32ce <SPI_Init>
    2a02:	c0 e0       	ldi	r28, 0x00	; 0
    2a04:	8c 2f       	mov	r24, r28
    2a06:	0e 94 9c 26 	call	0x4d38	; 0x4d38 <TEC_shutdown>
    2a0a:	42 e3       	ldi	r20, 0x32	; 50
    2a0c:	50 e0       	ldi	r21, 0x00	; 0
    2a0e:	61 e0       	ldi	r22, 0x01	; 1
    2a10:	8c 2f       	mov	r24, r28
    2a12:	0e 94 c8 14 	call	0x2990	; 0x2990 <temperature_set_TEC_output>
    2a16:	cf 5f       	subi	r28, 0xFF	; 255
    2a18:	c4 30       	cpi	r28, 0x04	; 4
    2a1a:	a1 f7       	brne	.-24     	; 0x2a04 <temperature_init+0x14>
    2a1c:	cf 91       	pop	r28
    2a1e:	08 95       	ret

00002a20 <temperature_TEC_hysteris_control_heating>:
    2a20:	df 92       	push	r13
    2a22:	ef 92       	push	r14
    2a24:	ff 92       	push	r15
    2a26:	0f 93       	push	r16
    2a28:	1f 93       	push	r17
    2a2a:	cf 93       	push	r28
    2a2c:	df 93       	push	r29
    2a2e:	8c 01       	movw	r16, r24
    2a30:	d6 2e       	mov	r13, r22
    2a32:	c6 2f       	mov	r28, r22
    2a34:	d0 e0       	ldi	r29, 0x00	; 0
    2a36:	7e 01       	movw	r14, r28
    2a38:	ee 0c       	add	r14, r14
    2a3a:	ff 1c       	adc	r15, r15
    2a3c:	80 91 d8 01 	lds	r24, 0x01D8	; 0x8001d8 <s_Temperature_CurrentState+0x26>
    2a40:	90 e0       	ldi	r25, 0x00	; 0
    2a42:	0e 2c       	mov	r0, r14
    2a44:	02 c0       	rjmp	.+4      	; 0x2a4a <temperature_TEC_hysteris_control_heating+0x2a>
    2a46:	95 95       	asr	r25
    2a48:	87 95       	ror	r24
    2a4a:	0a 94       	dec	r0
    2a4c:	e2 f7       	brpl	.-8      	; 0x2a46 <temperature_TEC_hysteris_control_heating+0x26>
    2a4e:	80 ff       	sbrs	r24, 0
    2a50:	82 c0       	rjmp	.+260    	; 0x2b56 <temperature_TEC_hysteris_control_heating+0x136>
    2a52:	f7 01       	movw	r30, r14
    2a54:	e0 53       	subi	r30, 0x30	; 48
    2a56:	fe 4f       	sbci	r31, 0xFE	; 254
    2a58:	80 81       	ld	r24, Z
    2a5a:	91 81       	ldd	r25, Z+1	; 0x01
    2a5c:	f7 01       	movw	r30, r14
    2a5e:	e8 53       	subi	r30, 0x38	; 56
    2a60:	fe 4f       	sbci	r31, 0xFE	; 254
    2a62:	20 81       	ld	r18, Z
    2a64:	31 81       	ldd	r19, Z+1	; 0x01
    2a66:	82 17       	cp	r24, r18
    2a68:	93 07       	cpc	r25, r19
    2a6a:	68 f5       	brcc	.+90     	; 0x2ac6 <temperature_TEC_hysteris_control_heating+0xa6>
    2a6c:	f7 01       	movw	r30, r14
    2a6e:	e5 53       	subi	r30, 0x35	; 53
    2a70:	f4 4f       	sbci	r31, 0xF4	; 244
    2a72:	40 81       	ld	r20, Z
    2a74:	51 81       	ldd	r21, Z+1	; 0x01
    2a76:	4f 5f       	subi	r20, 0xFF	; 255
    2a78:	5f 4f       	sbci	r21, 0xFF	; 255
    2a7a:	44 31       	cpi	r20, 0x14	; 20
    2a7c:	51 05       	cpc	r21, r1
    2a7e:	08 f4       	brcc	.+2      	; 0x2a82 <temperature_TEC_hysteris_control_heating+0x62>
    2a80:	05 c1       	rjmp	.+522    	; 0x2c8c <temperature_TEC_hysteris_control_heating+0x26c>
    2a82:	f7 01       	movw	r30, r14
    2a84:	e5 53       	subi	r30, 0x35	; 53
    2a86:	f4 4f       	sbci	r31, 0xF4	; 244
    2a88:	11 82       	std	Z+1, r1	; 0x01
    2a8a:	10 82       	st	Z, r1
    2a8c:	44 96       	adiw	r24, 0x14	; 20
    2a8e:	28 17       	cp	r18, r24
    2a90:	39 07       	cpc	r19, r25
    2a92:	30 f0       	brcs	.+12     	; 0x2aa0 <temperature_TEC_hysteris_control_heating+0x80>
    2a94:	f7 01       	movw	r30, r14
    2a96:	e0 53       	subi	r30, 0x30	; 48
    2a98:	fe 4f       	sbci	r31, 0xFE	; 254
    2a9a:	91 83       	std	Z+1, r25	; 0x01
    2a9c:	80 83       	st	Z, r24
    2a9e:	07 c0       	rjmp	.+14     	; 0x2aae <temperature_TEC_hysteris_control_heating+0x8e>
    2aa0:	fe 01       	movw	r30, r28
    2aa2:	ee 0f       	add	r30, r30
    2aa4:	ff 1f       	adc	r31, r31
    2aa6:	e0 53       	subi	r30, 0x30	; 48
    2aa8:	fe 4f       	sbci	r31, 0xFE	; 254
    2aaa:	31 83       	std	Z+1, r19	; 0x01
    2aac:	20 83       	st	Z, r18
    2aae:	fe 01       	movw	r30, r28
    2ab0:	ee 0f       	add	r30, r30
    2ab2:	ff 1f       	adc	r31, r31
    2ab4:	e0 53       	subi	r30, 0x30	; 48
    2ab6:	fe 4f       	sbci	r31, 0xFE	; 254
    2ab8:	40 81       	ld	r20, Z
    2aba:	51 81       	ldd	r21, Z+1	; 0x01
    2abc:	61 e0       	ldi	r22, 0x01	; 1
    2abe:	8d 2d       	mov	r24, r13
    2ac0:	0e 94 c8 14 	call	0x2990	; 0x2990 <temperature_set_TEC_output>
    2ac4:	3d c0       	rjmp	.+122    	; 0x2b40 <temperature_TEC_hysteris_control_heating+0x120>
    2ac6:	28 17       	cp	r18, r24
    2ac8:	39 07       	cpc	r19, r25
    2aca:	08 f0       	brcs	.+2      	; 0x2ace <temperature_TEC_hysteris_control_heating+0xae>
    2acc:	bb c0       	rjmp	.+374    	; 0x2c44 <temperature_TEC_hysteris_control_heating+0x224>
    2ace:	fe 01       	movw	r30, r28
    2ad0:	ee 0f       	add	r30, r30
    2ad2:	ff 1f       	adc	r31, r31
    2ad4:	e5 53       	subi	r30, 0x35	; 53
    2ad6:	f4 4f       	sbci	r31, 0xF4	; 244
    2ad8:	40 81       	ld	r20, Z
    2ada:	51 81       	ldd	r21, Z+1	; 0x01
    2adc:	4f 5f       	subi	r20, 0xFF	; 255
    2ade:	5f 4f       	sbci	r21, 0xFF	; 255
    2ae0:	44 31       	cpi	r20, 0x14	; 20
    2ae2:	51 05       	cpc	r21, r1
    2ae4:	40 f4       	brcc	.+16     	; 0x2af6 <temperature_TEC_hysteris_control_heating+0xd6>
    2ae6:	fe 01       	movw	r30, r28
    2ae8:	ee 0f       	add	r30, r30
    2aea:	ff 1f       	adc	r31, r31
    2aec:	e5 53       	subi	r30, 0x35	; 53
    2aee:	f4 4f       	sbci	r31, 0xF4	; 244
    2af0:	51 83       	std	Z+1, r21	; 0x01
    2af2:	40 83       	st	Z, r20
    2af4:	a7 c0       	rjmp	.+334    	; 0x2c44 <temperature_TEC_hysteris_control_heating+0x224>
    2af6:	fe 01       	movw	r30, r28
    2af8:	ee 0f       	add	r30, r30
    2afa:	ff 1f       	adc	r31, r31
    2afc:	e5 53       	subi	r30, 0x35	; 53
    2afe:	f4 4f       	sbci	r31, 0xF4	; 244
    2b00:	11 82       	std	Z+1, r1	; 0x01
    2b02:	10 82       	st	Z, r1
    2b04:	44 97       	sbiw	r24, 0x14	; 20
    2b06:	82 17       	cp	r24, r18
    2b08:	93 07       	cpc	r25, r19
    2b0a:	40 f0       	brcs	.+16     	; 0x2b1c <temperature_TEC_hysteris_control_heating+0xfc>
    2b0c:	fe 01       	movw	r30, r28
    2b0e:	ee 0f       	add	r30, r30
    2b10:	ff 1f       	adc	r31, r31
    2b12:	e0 53       	subi	r30, 0x30	; 48
    2b14:	fe 4f       	sbci	r31, 0xFE	; 254
    2b16:	91 83       	std	Z+1, r25	; 0x01
    2b18:	80 83       	st	Z, r24
    2b1a:	07 c0       	rjmp	.+14     	; 0x2b2a <temperature_TEC_hysteris_control_heating+0x10a>
    2b1c:	fe 01       	movw	r30, r28
    2b1e:	ee 0f       	add	r30, r30
    2b20:	ff 1f       	adc	r31, r31
    2b22:	e0 53       	subi	r30, 0x30	; 48
    2b24:	fe 4f       	sbci	r31, 0xFE	; 254
    2b26:	31 83       	std	Z+1, r19	; 0x01
    2b28:	20 83       	st	Z, r18
    2b2a:	fe 01       	movw	r30, r28
    2b2c:	ee 0f       	add	r30, r30
    2b2e:	ff 1f       	adc	r31, r31
    2b30:	e0 53       	subi	r30, 0x30	; 48
    2b32:	fe 4f       	sbci	r31, 0xFE	; 254
    2b34:	40 81       	ld	r20, Z
    2b36:	51 81       	ldd	r21, Z+1	; 0x01
    2b38:	61 e0       	ldi	r22, 0x01	; 1
    2b3a:	8d 2d       	mov	r24, r13
    2b3c:	0e 94 c8 14 	call	0x2990	; 0x2990 <temperature_set_TEC_output>
    2b40:	80 91 d8 01 	lds	r24, 0x01D8	; 0x8001d8 <s_Temperature_CurrentState+0x26>
    2b44:	90 e0       	ldi	r25, 0x00	; 0
    2b46:	0e 2c       	mov	r0, r14
    2b48:	02 c0       	rjmp	.+4      	; 0x2b4e <temperature_TEC_hysteris_control_heating+0x12e>
    2b4a:	95 95       	asr	r25
    2b4c:	87 95       	ror	r24
    2b4e:	0a 94       	dec	r0
    2b50:	e2 f7       	brpl	.-8      	; 0x2b4a <temperature_TEC_hysteris_control_heating+0x12a>
    2b52:	80 fd       	sbrc	r24, 0
    2b54:	77 c0       	rjmp	.+238    	; 0x2c44 <temperature_TEC_hysteris_control_heating+0x224>
    2b56:	fe 01       	movw	r30, r28
    2b58:	ee 0f       	add	r30, r30
    2b5a:	ff 1f       	adc	r31, r31
    2b5c:	e0 54       	subi	r30, 0x40	; 64
    2b5e:	fe 4f       	sbci	r31, 0xFE	; 254
    2b60:	20 81       	ld	r18, Z
    2b62:	31 81       	ldd	r19, Z+1	; 0x01
    2b64:	c9 01       	movw	r24, r18
    2b66:	02 97       	sbiw	r24, 0x02	; 2
    2b68:	08 17       	cp	r16, r24
    2b6a:	19 07       	cpc	r17, r25
    2b6c:	f8 f4       	brcc	.+62     	; 0x2bac <temperature_TEC_hysteris_control_heating+0x18c>
    2b6e:	8d 2d       	mov	r24, r13
    2b70:	0e 94 82 26 	call	0x4d04	; 0x4d04 <TEC_enable>
    2b74:	02 eb       	ldi	r16, 0xB2	; 178
    2b76:	11 e0       	ldi	r17, 0x01	; 1
    2b78:	cc 0f       	add	r28, r28
    2b7a:	dd 1f       	adc	r29, r29
    2b7c:	c0 53       	subi	r28, 0x30	; 48
    2b7e:	de 4f       	sbci	r29, 0xFE	; 254
    2b80:	82 e3       	ldi	r24, 0x32	; 50
    2b82:	90 e0       	ldi	r25, 0x00	; 0
    2b84:	99 83       	std	Y+1, r25	; 0x01
    2b86:	88 83       	st	Y, r24
    2b88:	42 e3       	ldi	r20, 0x32	; 50
    2b8a:	50 e0       	ldi	r21, 0x00	; 0
    2b8c:	60 e0       	ldi	r22, 0x00	; 0
    2b8e:	8d 2d       	mov	r24, r13
    2b90:	0e 94 c8 14 	call	0x2990	; 0x2990 <temperature_set_TEC_output>
    2b94:	81 e0       	ldi	r24, 0x01	; 1
    2b96:	90 e0       	ldi	r25, 0x00	; 0
    2b98:	02 c0       	rjmp	.+4      	; 0x2b9e <temperature_TEC_hysteris_control_heating+0x17e>
    2b9a:	88 0f       	add	r24, r24
    2b9c:	99 1f       	adc	r25, r25
    2b9e:	ea 94       	dec	r14
    2ba0:	e2 f7       	brpl	.-8      	; 0x2b9a <temperature_TEC_hysteris_control_heating+0x17a>
    2ba2:	f8 01       	movw	r30, r16
    2ba4:	96 a1       	ldd	r25, Z+38	; 0x26
    2ba6:	89 2b       	or	r24, r25
    2ba8:	86 a3       	std	Z+38, r24	; 0x26
    2baa:	78 c0       	rjmp	.+240    	; 0x2c9c <temperature_TEC_hysteris_control_heating+0x27c>
    2bac:	80 17       	cp	r24, r16
    2bae:	91 07       	cpc	r25, r17
    2bb0:	08 f0       	brcs	.+2      	; 0x2bb4 <temperature_TEC_hysteris_control_heating+0x194>
    2bb2:	74 c0       	rjmp	.+232    	; 0x2c9c <temperature_TEC_hysteris_control_heating+0x27c>
    2bb4:	fe 01       	movw	r30, r28
    2bb6:	ee 0f       	add	r30, r30
    2bb8:	ff 1f       	adc	r31, r31
    2bba:	ee 54       	subi	r30, 0x4E	; 78
    2bbc:	fe 4f       	sbci	r31, 0xFE	; 254
    2bbe:	80 81       	ld	r24, Z
    2bc0:	91 81       	ldd	r25, Z+1	; 0x01
    2bc2:	80 17       	cp	r24, r16
    2bc4:	91 07       	cpc	r25, r17
    2bc6:	30 f0       	brcs	.+12     	; 0x2bd4 <temperature_TEC_hysteris_control_heating+0x1b4>
    2bc8:	22 5e       	subi	r18, 0xE2	; 226
    2bca:	3f 4f       	sbci	r19, 0xFF	; 255
    2bcc:	20 17       	cp	r18, r16
    2bce:	31 07       	cpc	r19, r17
    2bd0:	08 f0       	brcs	.+2      	; 0x2bd4 <temperature_TEC_hysteris_control_heating+0x1b4>
    2bd2:	64 c0       	rjmp	.+200    	; 0x2c9c <temperature_TEC_hysteris_control_heating+0x27c>
    2bd4:	fe 01       	movw	r30, r28
    2bd6:	ee 0f       	add	r30, r30
    2bd8:	ff 1f       	adc	r31, r31
    2bda:	ed 52       	subi	r30, 0x2D	; 45
    2bdc:	f4 4f       	sbci	r31, 0xF4	; 244
    2bde:	80 81       	ld	r24, Z
    2be0:	91 81       	ldd	r25, Z+1	; 0x01
    2be2:	01 96       	adiw	r24, 0x01	; 1
    2be4:	91 83       	std	Z+1, r25	; 0x01
    2be6:	80 83       	st	Z, r24
    2be8:	85 3f       	cpi	r24, 0xF5	; 245
    2bea:	91 40       	sbci	r25, 0x01	; 1
    2bec:	08 f4       	brcc	.+2      	; 0x2bf0 <temperature_TEC_hysteris_control_heating+0x1d0>
    2bee:	56 c0       	rjmp	.+172    	; 0x2c9c <temperature_TEC_hysteris_control_heating+0x27c>
    2bf0:	fe 01       	movw	r30, r28
    2bf2:	ee 54       	subi	r30, 0x4E	; 78
    2bf4:	fe 4f       	sbci	r31, 0xFE	; 254
    2bf6:	10 aa       	std	Z+48, r1	; 0x30
    2bf8:	fe 01       	movw	r30, r28
    2bfa:	ee 0f       	add	r30, r30
    2bfc:	ff 1f       	adc	r31, r31
    2bfe:	ed 52       	subi	r30, 0x2D	; 45
    2c00:	f4 4f       	sbci	r31, 0xF4	; 244
    2c02:	11 82       	std	Z+1, r1	; 0x01
    2c04:	10 82       	st	Z, r1
    2c06:	80 91 ca 0b 	lds	r24, 0x0BCA	; 0x800bca <sPrintLog>
    2c0a:	88 23       	and	r24, r24
    2c0c:	61 f0       	breq	.+24     	; 0x2c26 <temperature_TEC_hysteris_control_heating+0x206>
    2c0e:	1f 92       	push	r1
    2c10:	df 92       	push	r13
    2c12:	8a e3       	ldi	r24, 0x3A	; 58
    2c14:	9a e0       	ldi	r25, 0x0A	; 10
    2c16:	9f 93       	push	r25
    2c18:	8f 93       	push	r24
    2c1a:	0e 94 3e 20 	call	0x407c	; 0x407c <UARTprintf>
    2c1e:	0f 90       	pop	r0
    2c20:	0f 90       	pop	r0
    2c22:	0f 90       	pop	r0
    2c24:	0f 90       	pop	r0
    2c26:	cc 0f       	add	r28, r28
    2c28:	dd 1f       	adc	r29, r29
    2c2a:	c0 53       	subi	r28, 0x30	; 48
    2c2c:	de 4f       	sbci	r29, 0xFE	; 254
    2c2e:	82 e3       	ldi	r24, 0x32	; 50
    2c30:	90 e0       	ldi	r25, 0x00	; 0
    2c32:	99 83       	std	Y+1, r25	; 0x01
    2c34:	88 83       	st	Y, r24
    2c36:	42 e3       	ldi	r20, 0x32	; 50
    2c38:	50 e0       	ldi	r21, 0x00	; 0
    2c3a:	60 e0       	ldi	r22, 0x00	; 0
    2c3c:	8d 2d       	mov	r24, r13
    2c3e:	0e 94 c8 14 	call	0x2990	; 0x2990 <temperature_set_TEC_output>
    2c42:	2c c0       	rjmp	.+88     	; 0x2c9c <temperature_TEC_hysteris_control_heating+0x27c>
    2c44:	fe 01       	movw	r30, r28
    2c46:	ee 0f       	add	r30, r30
    2c48:	ff 1f       	adc	r31, r31
    2c4a:	e0 54       	subi	r30, 0x40	; 64
    2c4c:	fe 4f       	sbci	r31, 0xFE	; 254
    2c4e:	80 81       	ld	r24, Z
    2c50:	91 81       	ldd	r25, Z+1	; 0x01
    2c52:	02 96       	adiw	r24, 0x02	; 2
    2c54:	80 17       	cp	r24, r16
    2c56:	91 07       	cpc	r25, r17
    2c58:	08 f5       	brcc	.+66     	; 0x2c9c <temperature_TEC_hysteris_control_heating+0x27c>
    2c5a:	8d 2d       	mov	r24, r13
    2c5c:	0e 94 9c 26 	call	0x4d38	; 0x4d38 <TEC_shutdown>
    2c60:	e2 eb       	ldi	r30, 0xB2	; 178
    2c62:	f1 e0       	ldi	r31, 0x01	; 1
    2c64:	cc 0f       	add	r28, r28
    2c66:	dd 1f       	adc	r29, r29
    2c68:	c0 53       	subi	r28, 0x30	; 48
    2c6a:	de 4f       	sbci	r29, 0xFE	; 254
    2c6c:	82 e3       	ldi	r24, 0x32	; 50
    2c6e:	90 e0       	ldi	r25, 0x00	; 0
    2c70:	99 83       	std	Y+1, r25	; 0x01
    2c72:	88 83       	st	Y, r24
    2c74:	81 e0       	ldi	r24, 0x01	; 1
    2c76:	90 e0       	ldi	r25, 0x00	; 0
    2c78:	02 c0       	rjmp	.+4      	; 0x2c7e <temperature_TEC_hysteris_control_heating+0x25e>
    2c7a:	88 0f       	add	r24, r24
    2c7c:	99 1f       	adc	r25, r25
    2c7e:	ea 94       	dec	r14
    2c80:	e2 f7       	brpl	.-8      	; 0x2c7a <temperature_TEC_hysteris_control_heating+0x25a>
    2c82:	80 95       	com	r24
    2c84:	96 a1       	ldd	r25, Z+38	; 0x26
    2c86:	89 23       	and	r24, r25
    2c88:	86 a3       	std	Z+38, r24	; 0x26
    2c8a:	08 c0       	rjmp	.+16     	; 0x2c9c <temperature_TEC_hysteris_control_heating+0x27c>
    2c8c:	fe 01       	movw	r30, r28
    2c8e:	ee 0f       	add	r30, r30
    2c90:	ff 1f       	adc	r31, r31
    2c92:	e5 53       	subi	r30, 0x35	; 53
    2c94:	f4 4f       	sbci	r31, 0xF4	; 244
    2c96:	51 83       	std	Z+1, r21	; 0x01
    2c98:	40 83       	st	Z, r20
    2c9a:	d4 cf       	rjmp	.-88     	; 0x2c44 <temperature_TEC_hysteris_control_heating+0x224>
    2c9c:	df 91       	pop	r29
    2c9e:	cf 91       	pop	r28
    2ca0:	1f 91       	pop	r17
    2ca2:	0f 91       	pop	r16
    2ca4:	ff 90       	pop	r15
    2ca6:	ef 90       	pop	r14
    2ca8:	df 90       	pop	r13
    2caa:	08 95       	ret

00002cac <temperature_TEC_hysteris_control_cooling>:
    2cac:	df 92       	push	r13
    2cae:	ef 92       	push	r14
    2cb0:	ff 92       	push	r15
    2cb2:	0f 93       	push	r16
    2cb4:	1f 93       	push	r17
    2cb6:	cf 93       	push	r28
    2cb8:	df 93       	push	r29
    2cba:	8c 01       	movw	r16, r24
    2cbc:	d6 2e       	mov	r13, r22
    2cbe:	c6 2f       	mov	r28, r22
    2cc0:	d0 e0       	ldi	r29, 0x00	; 0
    2cc2:	7e 01       	movw	r14, r28
    2cc4:	ee 0c       	add	r14, r14
    2cc6:	ff 1c       	adc	r15, r15
    2cc8:	80 91 d8 01 	lds	r24, 0x01D8	; 0x8001d8 <s_Temperature_CurrentState+0x26>
    2ccc:	90 e0       	ldi	r25, 0x00	; 0
    2cce:	0e 2c       	mov	r0, r14
    2cd0:	02 c0       	rjmp	.+4      	; 0x2cd6 <temperature_TEC_hysteris_control_cooling+0x2a>
    2cd2:	95 95       	asr	r25
    2cd4:	87 95       	ror	r24
    2cd6:	0a 94       	dec	r0
    2cd8:	e2 f7       	brpl	.-8      	; 0x2cd2 <temperature_TEC_hysteris_control_cooling+0x26>
    2cda:	80 ff       	sbrs	r24, 0
    2cdc:	82 c0       	rjmp	.+260    	; 0x2de2 <temperature_TEC_hysteris_control_cooling+0x136>
    2cde:	f7 01       	movw	r30, r14
    2ce0:	e0 53       	subi	r30, 0x30	; 48
    2ce2:	fe 4f       	sbci	r31, 0xFE	; 254
    2ce4:	80 81       	ld	r24, Z
    2ce6:	91 81       	ldd	r25, Z+1	; 0x01
    2ce8:	f7 01       	movw	r30, r14
    2cea:	e8 53       	subi	r30, 0x38	; 56
    2cec:	fe 4f       	sbci	r31, 0xFE	; 254
    2cee:	20 81       	ld	r18, Z
    2cf0:	31 81       	ldd	r19, Z+1	; 0x01
    2cf2:	82 17       	cp	r24, r18
    2cf4:	93 07       	cpc	r25, r19
    2cf6:	68 f5       	brcc	.+90     	; 0x2d52 <temperature_TEC_hysteris_control_cooling+0xa6>
    2cf8:	f7 01       	movw	r30, r14
    2cfa:	e5 53       	subi	r30, 0x35	; 53
    2cfc:	f4 4f       	sbci	r31, 0xF4	; 244
    2cfe:	40 81       	ld	r20, Z
    2d00:	51 81       	ldd	r21, Z+1	; 0x01
    2d02:	4f 5f       	subi	r20, 0xFF	; 255
    2d04:	5f 4f       	sbci	r21, 0xFF	; 255
    2d06:	44 31       	cpi	r20, 0x14	; 20
    2d08:	51 05       	cpc	r21, r1
    2d0a:	09 f0       	breq	.+2      	; 0x2d0e <temperature_TEC_hysteris_control_cooling+0x62>
    2d0c:	09 c1       	rjmp	.+530    	; 0x2f20 <temperature_TEC_hysteris_control_cooling+0x274>
    2d0e:	f7 01       	movw	r30, r14
    2d10:	e5 53       	subi	r30, 0x35	; 53
    2d12:	f4 4f       	sbci	r31, 0xF4	; 244
    2d14:	11 82       	std	Z+1, r1	; 0x01
    2d16:	10 82       	st	Z, r1
    2d18:	44 96       	adiw	r24, 0x14	; 20
    2d1a:	28 17       	cp	r18, r24
    2d1c:	39 07       	cpc	r19, r25
    2d1e:	30 f0       	brcs	.+12     	; 0x2d2c <temperature_TEC_hysteris_control_cooling+0x80>
    2d20:	f7 01       	movw	r30, r14
    2d22:	e0 53       	subi	r30, 0x30	; 48
    2d24:	fe 4f       	sbci	r31, 0xFE	; 254
    2d26:	91 83       	std	Z+1, r25	; 0x01
    2d28:	80 83       	st	Z, r24
    2d2a:	07 c0       	rjmp	.+14     	; 0x2d3a <temperature_TEC_hysteris_control_cooling+0x8e>
    2d2c:	fe 01       	movw	r30, r28
    2d2e:	ee 0f       	add	r30, r30
    2d30:	ff 1f       	adc	r31, r31
    2d32:	e0 53       	subi	r30, 0x30	; 48
    2d34:	fe 4f       	sbci	r31, 0xFE	; 254
    2d36:	31 83       	std	Z+1, r19	; 0x01
    2d38:	20 83       	st	Z, r18
    2d3a:	fe 01       	movw	r30, r28
    2d3c:	ee 0f       	add	r30, r30
    2d3e:	ff 1f       	adc	r31, r31
    2d40:	e0 53       	subi	r30, 0x30	; 48
    2d42:	fe 4f       	sbci	r31, 0xFE	; 254
    2d44:	40 81       	ld	r20, Z
    2d46:	51 81       	ldd	r21, Z+1	; 0x01
    2d48:	60 e0       	ldi	r22, 0x00	; 0
    2d4a:	8d 2d       	mov	r24, r13
    2d4c:	0e 94 c8 14 	call	0x2990	; 0x2990 <temperature_set_TEC_output>
    2d50:	3d c0       	rjmp	.+122    	; 0x2dcc <temperature_TEC_hysteris_control_cooling+0x120>
    2d52:	28 17       	cp	r18, r24
    2d54:	39 07       	cpc	r19, r25
    2d56:	08 f0       	brcs	.+2      	; 0x2d5a <temperature_TEC_hysteris_control_cooling+0xae>
    2d58:	bf c0       	rjmp	.+382    	; 0x2ed8 <temperature_TEC_hysteris_control_cooling+0x22c>
    2d5a:	fe 01       	movw	r30, r28
    2d5c:	ee 0f       	add	r30, r30
    2d5e:	ff 1f       	adc	r31, r31
    2d60:	e5 53       	subi	r30, 0x35	; 53
    2d62:	f4 4f       	sbci	r31, 0xF4	; 244
    2d64:	40 81       	ld	r20, Z
    2d66:	51 81       	ldd	r21, Z+1	; 0x01
    2d68:	4f 5f       	subi	r20, 0xFF	; 255
    2d6a:	5f 4f       	sbci	r21, 0xFF	; 255
    2d6c:	44 31       	cpi	r20, 0x14	; 20
    2d6e:	51 05       	cpc	r21, r1
    2d70:	41 f0       	breq	.+16     	; 0x2d82 <temperature_TEC_hysteris_control_cooling+0xd6>
    2d72:	fe 01       	movw	r30, r28
    2d74:	ee 0f       	add	r30, r30
    2d76:	ff 1f       	adc	r31, r31
    2d78:	e5 53       	subi	r30, 0x35	; 53
    2d7a:	f4 4f       	sbci	r31, 0xF4	; 244
    2d7c:	51 83       	std	Z+1, r21	; 0x01
    2d7e:	40 83       	st	Z, r20
    2d80:	ab c0       	rjmp	.+342    	; 0x2ed8 <temperature_TEC_hysteris_control_cooling+0x22c>
    2d82:	fe 01       	movw	r30, r28
    2d84:	ee 0f       	add	r30, r30
    2d86:	ff 1f       	adc	r31, r31
    2d88:	e5 53       	subi	r30, 0x35	; 53
    2d8a:	f4 4f       	sbci	r31, 0xF4	; 244
    2d8c:	11 82       	std	Z+1, r1	; 0x01
    2d8e:	10 82       	st	Z, r1
    2d90:	44 97       	sbiw	r24, 0x14	; 20
    2d92:	82 17       	cp	r24, r18
    2d94:	93 07       	cpc	r25, r19
    2d96:	40 f0       	brcs	.+16     	; 0x2da8 <temperature_TEC_hysteris_control_cooling+0xfc>
    2d98:	fe 01       	movw	r30, r28
    2d9a:	ee 0f       	add	r30, r30
    2d9c:	ff 1f       	adc	r31, r31
    2d9e:	e0 53       	subi	r30, 0x30	; 48
    2da0:	fe 4f       	sbci	r31, 0xFE	; 254
    2da2:	91 83       	std	Z+1, r25	; 0x01
    2da4:	80 83       	st	Z, r24
    2da6:	07 c0       	rjmp	.+14     	; 0x2db6 <temperature_TEC_hysteris_control_cooling+0x10a>
    2da8:	fe 01       	movw	r30, r28
    2daa:	ee 0f       	add	r30, r30
    2dac:	ff 1f       	adc	r31, r31
    2dae:	e0 53       	subi	r30, 0x30	; 48
    2db0:	fe 4f       	sbci	r31, 0xFE	; 254
    2db2:	31 83       	std	Z+1, r19	; 0x01
    2db4:	20 83       	st	Z, r18
    2db6:	fe 01       	movw	r30, r28
    2db8:	ee 0f       	add	r30, r30
    2dba:	ff 1f       	adc	r31, r31
    2dbc:	e0 53       	subi	r30, 0x30	; 48
    2dbe:	fe 4f       	sbci	r31, 0xFE	; 254
    2dc0:	40 81       	ld	r20, Z
    2dc2:	51 81       	ldd	r21, Z+1	; 0x01
    2dc4:	60 e0       	ldi	r22, 0x00	; 0
    2dc6:	8d 2d       	mov	r24, r13
    2dc8:	0e 94 c8 14 	call	0x2990	; 0x2990 <temperature_set_TEC_output>
    2dcc:	80 91 d8 01 	lds	r24, 0x01D8	; 0x8001d8 <s_Temperature_CurrentState+0x26>
    2dd0:	90 e0       	ldi	r25, 0x00	; 0
    2dd2:	0e 2c       	mov	r0, r14
    2dd4:	02 c0       	rjmp	.+4      	; 0x2dda <temperature_TEC_hysteris_control_cooling+0x12e>
    2dd6:	95 95       	asr	r25
    2dd8:	87 95       	ror	r24
    2dda:	0a 94       	dec	r0
    2ddc:	e2 f7       	brpl	.-8      	; 0x2dd6 <temperature_TEC_hysteris_control_cooling+0x12a>
    2dde:	80 fd       	sbrc	r24, 0
    2de0:	7b c0       	rjmp	.+246    	; 0x2ed8 <temperature_TEC_hysteris_control_cooling+0x22c>
    2de2:	fe 01       	movw	r30, r28
    2de4:	ee 0f       	add	r30, r30
    2de6:	ff 1f       	adc	r31, r31
    2de8:	e0 54       	subi	r30, 0x40	; 64
    2dea:	fe 4f       	sbci	r31, 0xFE	; 254
    2dec:	80 81       	ld	r24, Z
    2dee:	91 81       	ldd	r25, Z+1	; 0x01
    2df0:	9c 01       	movw	r18, r24
    2df2:	2e 5f       	subi	r18, 0xFE	; 254
    2df4:	3f 4f       	sbci	r19, 0xFF	; 255
    2df6:	20 17       	cp	r18, r16
    2df8:	31 07       	cpc	r19, r17
    2dfa:	f8 f4       	brcc	.+62     	; 0x2e3a <temperature_TEC_hysteris_control_cooling+0x18e>
    2dfc:	8d 2d       	mov	r24, r13
    2dfe:	0e 94 82 26 	call	0x4d04	; 0x4d04 <TEC_enable>
    2e02:	02 eb       	ldi	r16, 0xB2	; 178
    2e04:	11 e0       	ldi	r17, 0x01	; 1
    2e06:	cc 0f       	add	r28, r28
    2e08:	dd 1f       	adc	r29, r29
    2e0a:	c0 53       	subi	r28, 0x30	; 48
    2e0c:	de 4f       	sbci	r29, 0xFE	; 254
    2e0e:	82 e3       	ldi	r24, 0x32	; 50
    2e10:	90 e0       	ldi	r25, 0x00	; 0
    2e12:	99 83       	std	Y+1, r25	; 0x01
    2e14:	88 83       	st	Y, r24
    2e16:	42 e3       	ldi	r20, 0x32	; 50
    2e18:	50 e0       	ldi	r21, 0x00	; 0
    2e1a:	60 e0       	ldi	r22, 0x00	; 0
    2e1c:	8d 2d       	mov	r24, r13
    2e1e:	0e 94 c8 14 	call	0x2990	; 0x2990 <temperature_set_TEC_output>
    2e22:	81 e0       	ldi	r24, 0x01	; 1
    2e24:	90 e0       	ldi	r25, 0x00	; 0
    2e26:	02 c0       	rjmp	.+4      	; 0x2e2c <temperature_TEC_hysteris_control_cooling+0x180>
    2e28:	88 0f       	add	r24, r24
    2e2a:	99 1f       	adc	r25, r25
    2e2c:	ea 94       	dec	r14
    2e2e:	e2 f7       	brpl	.-8      	; 0x2e28 <temperature_TEC_hysteris_control_cooling+0x17c>
    2e30:	f8 01       	movw	r30, r16
    2e32:	96 a1       	ldd	r25, Z+38	; 0x26
    2e34:	89 2b       	or	r24, r25
    2e36:	86 a3       	std	Z+38, r24	; 0x26
    2e38:	7b c0       	rjmp	.+246    	; 0x2f30 <temperature_TEC_hysteris_control_cooling+0x284>
    2e3a:	9c 01       	movw	r18, r24
    2e3c:	22 50       	subi	r18, 0x02	; 2
    2e3e:	31 09       	sbc	r19, r1
    2e40:	02 17       	cp	r16, r18
    2e42:	13 07       	cpc	r17, r19
    2e44:	08 f0       	brcs	.+2      	; 0x2e48 <temperature_TEC_hysteris_control_cooling+0x19c>
    2e46:	74 c0       	rjmp	.+232    	; 0x2f30 <temperature_TEC_hysteris_control_cooling+0x284>
    2e48:	fe 01       	movw	r30, r28
    2e4a:	ee 0f       	add	r30, r30
    2e4c:	ff 1f       	adc	r31, r31
    2e4e:	ee 54       	subi	r30, 0x4E	; 78
    2e50:	fe 4f       	sbci	r31, 0xFE	; 254
    2e52:	20 81       	ld	r18, Z
    2e54:	31 81       	ldd	r19, Z+1	; 0x01
    2e56:	02 17       	cp	r16, r18
    2e58:	13 07       	cpc	r17, r19
    2e5a:	28 f0       	brcs	.+10     	; 0x2e66 <temperature_TEC_hysteris_control_cooling+0x1ba>
    2e5c:	4e 97       	sbiw	r24, 0x1e	; 30
    2e5e:	08 17       	cp	r16, r24
    2e60:	19 07       	cpc	r17, r25
    2e62:	08 f0       	brcs	.+2      	; 0x2e66 <temperature_TEC_hysteris_control_cooling+0x1ba>
    2e64:	65 c0       	rjmp	.+202    	; 0x2f30 <temperature_TEC_hysteris_control_cooling+0x284>
    2e66:	fe 01       	movw	r30, r28
    2e68:	ee 0f       	add	r30, r30
    2e6a:	ff 1f       	adc	r31, r31
    2e6c:	ed 52       	subi	r30, 0x2D	; 45
    2e6e:	f4 4f       	sbci	r31, 0xF4	; 244
    2e70:	80 81       	ld	r24, Z
    2e72:	91 81       	ldd	r25, Z+1	; 0x01
    2e74:	01 96       	adiw	r24, 0x01	; 1
    2e76:	91 83       	std	Z+1, r25	; 0x01
    2e78:	80 83       	st	Z, r24
    2e7a:	85 3f       	cpi	r24, 0xF5	; 245
    2e7c:	91 40       	sbci	r25, 0x01	; 1
    2e7e:	08 f4       	brcc	.+2      	; 0x2e82 <temperature_TEC_hysteris_control_cooling+0x1d6>
    2e80:	57 c0       	rjmp	.+174    	; 0x2f30 <temperature_TEC_hysteris_control_cooling+0x284>
    2e82:	81 e0       	ldi	r24, 0x01	; 1
    2e84:	fe 01       	movw	r30, r28
    2e86:	ee 54       	subi	r30, 0x4E	; 78
    2e88:	fe 4f       	sbci	r31, 0xFE	; 254
    2e8a:	80 ab       	std	Z+48, r24	; 0x30
    2e8c:	fe 01       	movw	r30, r28
    2e8e:	ee 0f       	add	r30, r30
    2e90:	ff 1f       	adc	r31, r31
    2e92:	ed 52       	subi	r30, 0x2D	; 45
    2e94:	f4 4f       	sbci	r31, 0xF4	; 244
    2e96:	11 82       	std	Z+1, r1	; 0x01
    2e98:	10 82       	st	Z, r1
    2e9a:	80 91 ca 0b 	lds	r24, 0x0BCA	; 0x800bca <sPrintLog>
    2e9e:	88 23       	and	r24, r24
    2ea0:	61 f0       	breq	.+24     	; 0x2eba <temperature_TEC_hysteris_control_cooling+0x20e>
    2ea2:	1f 92       	push	r1
    2ea4:	df 92       	push	r13
    2ea6:	87 e6       	ldi	r24, 0x67	; 103
    2ea8:	9a e0       	ldi	r25, 0x0A	; 10
    2eaa:	9f 93       	push	r25
    2eac:	8f 93       	push	r24
    2eae:	0e 94 3e 20 	call	0x407c	; 0x407c <UARTprintf>
    2eb2:	0f 90       	pop	r0
    2eb4:	0f 90       	pop	r0
    2eb6:	0f 90       	pop	r0
    2eb8:	0f 90       	pop	r0
    2eba:	cc 0f       	add	r28, r28
    2ebc:	dd 1f       	adc	r29, r29
    2ebe:	c0 53       	subi	r28, 0x30	; 48
    2ec0:	de 4f       	sbci	r29, 0xFE	; 254
    2ec2:	82 e3       	ldi	r24, 0x32	; 50
    2ec4:	90 e0       	ldi	r25, 0x00	; 0
    2ec6:	99 83       	std	Y+1, r25	; 0x01
    2ec8:	88 83       	st	Y, r24
    2eca:	42 e3       	ldi	r20, 0x32	; 50
    2ecc:	50 e0       	ldi	r21, 0x00	; 0
    2ece:	61 e0       	ldi	r22, 0x01	; 1
    2ed0:	8d 2d       	mov	r24, r13
    2ed2:	0e 94 c8 14 	call	0x2990	; 0x2990 <temperature_set_TEC_output>
    2ed6:	2c c0       	rjmp	.+88     	; 0x2f30 <temperature_TEC_hysteris_control_cooling+0x284>
    2ed8:	fe 01       	movw	r30, r28
    2eda:	ee 0f       	add	r30, r30
    2edc:	ff 1f       	adc	r31, r31
    2ede:	e0 54       	subi	r30, 0x40	; 64
    2ee0:	fe 4f       	sbci	r31, 0xFE	; 254
    2ee2:	80 81       	ld	r24, Z
    2ee4:	91 81       	ldd	r25, Z+1	; 0x01
    2ee6:	02 97       	sbiw	r24, 0x02	; 2
    2ee8:	08 17       	cp	r16, r24
    2eea:	19 07       	cpc	r17, r25
    2eec:	08 f5       	brcc	.+66     	; 0x2f30 <temperature_TEC_hysteris_control_cooling+0x284>
    2eee:	8d 2d       	mov	r24, r13
    2ef0:	0e 94 9c 26 	call	0x4d38	; 0x4d38 <TEC_shutdown>
    2ef4:	e2 eb       	ldi	r30, 0xB2	; 178
    2ef6:	f1 e0       	ldi	r31, 0x01	; 1
    2ef8:	cc 0f       	add	r28, r28
    2efa:	dd 1f       	adc	r29, r29
    2efc:	c0 53       	subi	r28, 0x30	; 48
    2efe:	de 4f       	sbci	r29, 0xFE	; 254
    2f00:	82 e3       	ldi	r24, 0x32	; 50
    2f02:	90 e0       	ldi	r25, 0x00	; 0
    2f04:	99 83       	std	Y+1, r25	; 0x01
    2f06:	88 83       	st	Y, r24
    2f08:	81 e0       	ldi	r24, 0x01	; 1
    2f0a:	90 e0       	ldi	r25, 0x00	; 0
    2f0c:	02 c0       	rjmp	.+4      	; 0x2f12 <temperature_TEC_hysteris_control_cooling+0x266>
    2f0e:	88 0f       	add	r24, r24
    2f10:	99 1f       	adc	r25, r25
    2f12:	ea 94       	dec	r14
    2f14:	e2 f7       	brpl	.-8      	; 0x2f0e <temperature_TEC_hysteris_control_cooling+0x262>
    2f16:	80 95       	com	r24
    2f18:	96 a1       	ldd	r25, Z+38	; 0x26
    2f1a:	89 23       	and	r24, r25
    2f1c:	86 a3       	std	Z+38, r24	; 0x26
    2f1e:	08 c0       	rjmp	.+16     	; 0x2f30 <temperature_TEC_hysteris_control_cooling+0x284>
    2f20:	fe 01       	movw	r30, r28
    2f22:	ee 0f       	add	r30, r30
    2f24:	ff 1f       	adc	r31, r31
    2f26:	e5 53       	subi	r30, 0x35	; 53
    2f28:	f4 4f       	sbci	r31, 0xF4	; 244
    2f2a:	51 83       	std	Z+1, r21	; 0x01
    2f2c:	40 83       	st	Z, r20
    2f2e:	d4 cf       	rjmp	.-88     	; 0x2ed8 <temperature_TEC_hysteris_control_cooling+0x22c>
    2f30:	df 91       	pop	r29
    2f32:	cf 91       	pop	r28
    2f34:	1f 91       	pop	r17
    2f36:	0f 91       	pop	r16
    2f38:	ff 90       	pop	r15
    2f3a:	ef 90       	pop	r14
    2f3c:	df 90       	pop	r13
    2f3e:	08 95       	ret

00002f40 <temperature_enable_auto_control_TEC>:
    2f40:	28 2f       	mov	r18, r24
    2f42:	30 e0       	ldi	r19, 0x00	; 0
    2f44:	e2 eb       	ldi	r30, 0xB2	; 178
    2f46:	f1 e0       	ldi	r31, 0x01	; 1
    2f48:	b9 01       	movw	r22, r18
    2f4a:	66 0f       	add	r22, r22
    2f4c:	77 1f       	adc	r23, r23
    2f4e:	6f 5f       	subi	r22, 0xFF	; 255
    2f50:	7f 4f       	sbci	r23, 0xFF	; 255
    2f52:	41 e0       	ldi	r20, 0x01	; 1
    2f54:	50 e0       	ldi	r21, 0x00	; 0
    2f56:	02 c0       	rjmp	.+4      	; 0x2f5c <temperature_enable_auto_control_TEC+0x1c>
    2f58:	44 0f       	add	r20, r20
    2f5a:	55 1f       	adc	r21, r21
    2f5c:	6a 95       	dec	r22
    2f5e:	e2 f7       	brpl	.-8      	; 0x2f58 <temperature_enable_auto_control_TEC+0x18>
    2f60:	96 a1       	ldd	r25, Z+38	; 0x26
    2f62:	49 2b       	or	r20, r25
    2f64:	46 a3       	std	Z+38, r20	; 0x26
    2f66:	22 0f       	add	r18, r18
    2f68:	33 1f       	adc	r19, r19
    2f6a:	f9 01       	movw	r30, r18
    2f6c:	e8 53       	subi	r30, 0x38	; 56
    2f6e:	fe 4f       	sbci	r31, 0xFE	; 254
    2f70:	40 81       	ld	r20, Z
    2f72:	51 81       	ldd	r21, Z+1	; 0x01
    2f74:	e8 2f       	mov	r30, r24
    2f76:	e6 95       	lsr	r30
    2f78:	f0 e0       	ldi	r31, 0x00	; 0
    2f7a:	ee 54       	subi	r30, 0x4E	; 78
    2f7c:	fe 4f       	sbci	r31, 0xFE	; 254
    2f7e:	60 a9       	ldd	r22, Z+48	; 0x30
    2f80:	0e 94 c8 14 	call	0x2990	; 0x2990 <temperature_set_TEC_output>
    2f84:	08 95       	ret

00002f86 <temperature_get_voltage>:
    2f86:	e8 2f       	mov	r30, r24
    2f88:	f0 e0       	ldi	r31, 0x00	; 0
    2f8a:	ee 0f       	add	r30, r30
    2f8c:	ff 1f       	adc	r31, r31
    2f8e:	e8 53       	subi	r30, 0x38	; 56
    2f90:	fe 4f       	sbci	r31, 0xFE	; 254
    2f92:	80 81       	ld	r24, Z
    2f94:	91 81       	ldd	r25, Z+1	; 0x01
    2f96:	08 95       	ret

00002f98 <temperature_get_setpoint>:
    2f98:	e8 2f       	mov	r30, r24
    2f9a:	f0 e0       	ldi	r31, 0x00	; 0
    2f9c:	ee 0f       	add	r30, r30
    2f9e:	ff 1f       	adc	r31, r31
    2fa0:	e0 54       	subi	r30, 0x40	; 64
    2fa2:	fe 4f       	sbci	r31, 0xFE	; 254
    2fa4:	80 81       	ld	r24, Z
    2fa6:	91 81       	ldd	r25, Z+1	; 0x01
    2fa8:	08 95       	ret

00002faa <temperature_set_auto_voltage>:

void	temperature_set_auto_voltage(uint8_t	channel, uint16_t voltage)
{
	s_Temperature_CurrentState.TEC_output_voltage[channel] = voltage;
    2faa:	e8 2f       	mov	r30, r24
    2fac:	f0 e0       	ldi	r31, 0x00	; 0
    2fae:	ee 0f       	add	r30, r30
    2fb0:	ff 1f       	adc	r31, r31
    2fb2:	e8 53       	subi	r30, 0x38	; 56
    2fb4:	fe 4f       	sbci	r31, 0xFE	; 254
    2fb6:	71 83       	std	Z+1, r23	; 0x01
    2fb8:	60 83       	st	Z, r22
    2fba:	08 95       	ret

00002fbc <temperature_get_status>:
}

void	temperature_get_status(void)
{
	uint8_t	_status = s_Temperature_CurrentState.TEC_status;
    2fbc:	e2 eb       	ldi	r30, 0xB2	; 178
    2fbe:	f1 e0       	ldi	r31, 0x01	; 1
    2fc0:	86 a1       	ldd	r24, Z+38	; 0x26
	((_status & (1 << TEC2_ENA)) >> TEC2_ENA), ((_status & (1 <<TEC3_ENA)) >> TEC3_ENA),
	s_Temperature_CurrentState.mode[0], s_Temperature_CurrentState.mode[1],
	s_Temperature_CurrentState.channel_temperature_setpoint[0], s_Temperature_CurrentState.channel_temperature_setpoint[1]);
*/
	
	UARTprintf("%d %d %d %d    %d %d %d %d    %d %d %d %d    %d %d %d %d    %d %d %d %d    %d %d %d %d\r\n",
    2fc2:	93 a9       	ldd	r25, Z+51	; 0x33
    2fc4:	1f 92       	push	r1
    2fc6:	9f 93       	push	r25
    2fc8:	92 a9       	ldd	r25, Z+50	; 0x32
    2fca:	1f 92       	push	r1
    2fcc:	9f 93       	push	r25
    2fce:	91 a9       	ldd	r25, Z+49	; 0x31
    2fd0:	1f 92       	push	r1
    2fd2:	9f 93       	push	r25
    2fd4:	90 a9       	ldd	r25, Z+48	; 0x30
    2fd6:	1f 92       	push	r1
    2fd8:	9f 93       	push	r25
    2fda:	86 fb       	bst	r24, 6
    2fdc:	99 27       	eor	r25, r25
    2fde:	90 f9       	bld	r25, 0
    2fe0:	1f 92       	push	r1
    2fe2:	9f 93       	push	r25
    2fe4:	84 fb       	bst	r24, 4
    2fe6:	99 27       	eor	r25, r25
    2fe8:	90 f9       	bld	r25, 0
    2fea:	1f 92       	push	r1
    2fec:	9f 93       	push	r25
    2fee:	82 fb       	bst	r24, 2
    2ff0:	99 27       	eor	r25, r25
    2ff2:	90 f9       	bld	r25, 0
    2ff4:	1f 92       	push	r1
    2ff6:	9f 93       	push	r25
    2ff8:	98 2f       	mov	r25, r24
    2ffa:	91 70       	andi	r25, 0x01	; 1
    2ffc:	1f 92       	push	r1
    2ffe:	9f 93       	push	r25
    3000:	98 2f       	mov	r25, r24
    3002:	99 1f       	adc	r25, r25
    3004:	99 27       	eor	r25, r25
    3006:	99 1f       	adc	r25, r25
    3008:	1f 92       	push	r1
    300a:	9f 93       	push	r25
    300c:	85 fb       	bst	r24, 5
    300e:	99 27       	eor	r25, r25
    3010:	90 f9       	bld	r25, 0
    3012:	1f 92       	push	r1
    3014:	9f 93       	push	r25
    3016:	83 fb       	bst	r24, 3
    3018:	99 27       	eor	r25, r25
    301a:	90 f9       	bld	r25, 0
    301c:	1f 92       	push	r1
    301e:	9f 93       	push	r25
    3020:	86 95       	lsr	r24
    3022:	81 70       	andi	r24, 0x01	; 1
    3024:	1f 92       	push	r1
    3026:	8f 93       	push	r24
    3028:	85 8d       	ldd	r24, Z+29	; 0x1d
    302a:	8f 93       	push	r24
    302c:	84 8d       	ldd	r24, Z+28	; 0x1c
    302e:	8f 93       	push	r24
    3030:	83 8d       	ldd	r24, Z+27	; 0x1b
    3032:	8f 93       	push	r24
    3034:	82 8d       	ldd	r24, Z+26	; 0x1a
    3036:	8f 93       	push	r24
    3038:	81 8d       	ldd	r24, Z+25	; 0x19
    303a:	8f 93       	push	r24
    303c:	80 8d       	ldd	r24, Z+24	; 0x18
    303e:	8f 93       	push	r24
    3040:	87 89       	ldd	r24, Z+23	; 0x17
    3042:	8f 93       	push	r24
    3044:	86 89       	ldd	r24, Z+22	; 0x16
    3046:	8f 93       	push	r24
    3048:	85 a1       	ldd	r24, Z+37	; 0x25
    304a:	8f 93       	push	r24
    304c:	84 a1       	ldd	r24, Z+36	; 0x24
    304e:	8f 93       	push	r24
    3050:	83 a1       	ldd	r24, Z+35	; 0x23
    3052:	8f 93       	push	r24
    3054:	82 a1       	ldd	r24, Z+34	; 0x22
    3056:	8f 93       	push	r24
    3058:	81 a1       	ldd	r24, Z+33	; 0x21
    305a:	8f 93       	push	r24
    305c:	80 a1       	ldd	r24, Z+32	; 0x20
    305e:	8f 93       	push	r24
    3060:	87 8d       	ldd	r24, Z+31	; 0x1f
    3062:	8f 93       	push	r24
    3064:	86 8d       	ldd	r24, Z+30	; 0x1e
    3066:	8f 93       	push	r24
    3068:	87 81       	ldd	r24, Z+7	; 0x07
    306a:	8f 93       	push	r24
    306c:	86 81       	ldd	r24, Z+6	; 0x06
    306e:	8f 93       	push	r24
    3070:	85 81       	ldd	r24, Z+5	; 0x05
    3072:	8f 93       	push	r24
    3074:	84 81       	ldd	r24, Z+4	; 0x04
    3076:	8f 93       	push	r24
    3078:	83 81       	ldd	r24, Z+3	; 0x03
    307a:	8f 93       	push	r24
    307c:	82 81       	ldd	r24, Z+2	; 0x02
    307e:	8f 93       	push	r24
    3080:	81 81       	ldd	r24, Z+1	; 0x01
    3082:	8f 93       	push	r24
    3084:	80 81       	ld	r24, Z
    3086:	8f 93       	push	r24
    3088:	84 e9       	ldi	r24, 0x94	; 148
    308a:	9a e0       	ldi	r25, 0x0A	; 10
    308c:	9f 93       	push	r25
    308e:	8f 93       	push	r24
    3090:	0e 94 3e 20 	call	0x407c	; 0x407c <UARTprintf>
	((_status & (1 << TEC2_ENA)) >> TEC2_ENA), ((_status & (1 <<TEC3_ENA)) >> TEC3_ENA),
	s_Temperature_CurrentState.mode[0],s_Temperature_CurrentState.mode[1],
	s_Temperature_CurrentState.mode[2],s_Temperature_CurrentState.mode[3]
	);
	
}
    3094:	8d b7       	in	r24, 0x3d	; 61
    3096:	9e b7       	in	r25, 0x3e	; 62
    3098:	c2 96       	adiw	r24, 0x32	; 50
    309a:	0f b6       	in	r0, 0x3f	; 63
    309c:	f8 94       	cli
    309e:	9e bf       	out	0x3e, r25	; 62
    30a0:	0f be       	out	0x3f, r0	; 63
    30a2:	8d bf       	out	0x3d, r24	; 61
    30a4:	08 95       	ret

000030a6 <temperature_task_update>:
	s_Temperature_CurrentState.TEC_status &= ~(1 << (channel*2));
}


static	void	temperature_task_update(void)
{
    30a6:	af 92       	push	r10
    30a8:	bf 92       	push	r11
    30aa:	cf 92       	push	r12
    30ac:	df 92       	push	r13
    30ae:	ef 92       	push	r14
    30b0:	ff 92       	push	r15
    30b2:	0f 93       	push	r16
    30b4:	1f 93       	push	r17
    30b6:	cf 93       	push	r28
    30b8:	df 93       	push	r29
	int16_t _NTC_channel0_temperature = get_NTC_temperature_using_table(0);
    30ba:	80 e0       	ldi	r24, 0x00	; 0
    30bc:	0e 94 01 26 	call	0x4c02	; 0x4c02 <get_NTC_temperature_using_table>
    30c0:	8c 01       	movw	r16, r24
	int16_t _NTC_channel1_temperature = get_NTC_temperature_using_table(1);
    30c2:	81 e0       	ldi	r24, 0x01	; 1
    30c4:	0e 94 01 26 	call	0x4c02	; 0x4c02 <get_NTC_temperature_using_table>
    30c8:	7c 01       	movw	r14, r24
	int16_t _NTC_channel2_temperature = get_NTC_temperature_using_table(2);
    30ca:	82 e0       	ldi	r24, 0x02	; 2
    30cc:	0e 94 01 26 	call	0x4c02	; 0x4c02 <get_NTC_temperature_using_table>
    30d0:	5c 01       	movw	r10, r24
	int16_t _NTC_channel3_temperature = get_NTC_temperature_using_table(3);
    30d2:	83 e0       	ldi	r24, 0x03	; 3
    30d4:	0e 94 01 26 	call	0x4c02	; 0x4c02 <get_NTC_temperature_using_table>
    30d8:	6c 01       	movw	r12, r24
	
	if ((s_Temperature_CurrentState.TEC_status & (1 << TEC0_AUTO)) == (1 << TEC0_AUTO))		//channel 0 is enabled and auto
    30da:	80 91 d8 01 	lds	r24, 0x01D8	; 0x8001d8 <s_Temperature_CurrentState+0x26>
    30de:	81 ff       	sbrs	r24, 1
    30e0:	0d c0       	rjmp	.+26     	; 0x30fc <temperature_task_update+0x56>
	{
		if (s_Temperature_CurrentState.mode[0] == HEATING)
    30e2:	80 91 e2 01 	lds	r24, 0x01E2	; 0x8001e2 <s_Temperature_CurrentState+0x30>
    30e6:	81 30       	cpi	r24, 0x01	; 1
    30e8:	29 f4       	brne	.+10     	; 0x30f4 <temperature_task_update+0x4e>
		{
			temperature_TEC_hysteris_control_heating(_NTC_channel0_temperature, 0);
    30ea:	60 e0       	ldi	r22, 0x00	; 0
    30ec:	c8 01       	movw	r24, r16
    30ee:	0e 94 10 15 	call	0x2a20	; 0x2a20 <temperature_TEC_hysteris_control_heating>
    30f2:	04 c0       	rjmp	.+8      	; 0x30fc <temperature_task_update+0x56>
		}
		else
		{
			temperature_TEC_hysteris_control_cooling(_NTC_channel0_temperature, 0);
    30f4:	60 e0       	ldi	r22, 0x00	; 0
    30f6:	c8 01       	movw	r24, r16
    30f8:	0e 94 56 16 	call	0x2cac	; 0x2cac <temperature_TEC_hysteris_control_cooling>
		}
	}
	
	if ((s_Temperature_CurrentState.TEC_status & (1 << TEC1_AUTO)) == (1 << TEC1_AUTO))		//channel 1 is enabled and auto
    30fc:	80 91 d8 01 	lds	r24, 0x01D8	; 0x8001d8 <s_Temperature_CurrentState+0x26>
    3100:	83 ff       	sbrs	r24, 3
    3102:	0d c0       	rjmp	.+26     	; 0x311e <temperature_task_update+0x78>
	{
		if (s_Temperature_CurrentState.mode[1] == HEATING)
    3104:	80 91 e3 01 	lds	r24, 0x01E3	; 0x8001e3 <s_Temperature_CurrentState+0x31>
    3108:	81 30       	cpi	r24, 0x01	; 1
    310a:	29 f4       	brne	.+10     	; 0x3116 <temperature_task_update+0x70>
		{
			temperature_TEC_hysteris_control_heating(_NTC_channel0_temperature, 1);
    310c:	61 e0       	ldi	r22, 0x01	; 1
    310e:	c8 01       	movw	r24, r16
    3110:	0e 94 10 15 	call	0x2a20	; 0x2a20 <temperature_TEC_hysteris_control_heating>
    3114:	04 c0       	rjmp	.+8      	; 0x311e <temperature_task_update+0x78>
		}
		else
		{
			temperature_TEC_hysteris_control_cooling(_NTC_channel0_temperature, 1);
    3116:	61 e0       	ldi	r22, 0x01	; 1
    3118:	c8 01       	movw	r24, r16
    311a:	0e 94 56 16 	call	0x2cac	; 0x2cac <temperature_TEC_hysteris_control_cooling>
		}
	}
	
	if ((s_Temperature_CurrentState.TEC_status & (1 << TEC2_AUTO)) == (1 << TEC2_AUTO))		//channel 2 is enabled and auto
    311e:	80 91 d8 01 	lds	r24, 0x01D8	; 0x8001d8 <s_Temperature_CurrentState+0x26>
    3122:	85 ff       	sbrs	r24, 5
    3124:	0d c0       	rjmp	.+26     	; 0x3140 <temperature_task_update+0x9a>
	{
		if (s_Temperature_CurrentState.mode[2] == HEATING)
    3126:	80 91 e4 01 	lds	r24, 0x01E4	; 0x8001e4 <s_Temperature_CurrentState+0x32>
    312a:	81 30       	cpi	r24, 0x01	; 1
    312c:	29 f4       	brne	.+10     	; 0x3138 <temperature_task_update+0x92>
		{
			temperature_TEC_hysteris_control_heating(_NTC_channel1_temperature, 2);
    312e:	62 e0       	ldi	r22, 0x02	; 2
    3130:	c7 01       	movw	r24, r14
    3132:	0e 94 10 15 	call	0x2a20	; 0x2a20 <temperature_TEC_hysteris_control_heating>
    3136:	04 c0       	rjmp	.+8      	; 0x3140 <temperature_task_update+0x9a>
		}
		else
		{
			temperature_TEC_hysteris_control_cooling(_NTC_channel1_temperature, 2);
    3138:	62 e0       	ldi	r22, 0x02	; 2
    313a:	c7 01       	movw	r24, r14
    313c:	0e 94 56 16 	call	0x2cac	; 0x2cac <temperature_TEC_hysteris_control_cooling>
		}
	}
	
	if ((s_Temperature_CurrentState.TEC_status & (1 << TEC3_AUTO)) == (1 << TEC3_AUTO))		//channel 3 is enabled and auto
    3140:	80 91 d8 01 	lds	r24, 0x01D8	; 0x8001d8 <s_Temperature_CurrentState+0x26>
    3144:	88 23       	and	r24, r24
    3146:	7c f4       	brge	.+30     	; 0x3166 <temperature_task_update+0xc0>
	{
		if (s_Temperature_CurrentState.mode[3] == HEATING)
    3148:	80 91 e5 01 	lds	r24, 0x01E5	; 0x8001e5 <s_Temperature_CurrentState+0x33>
    314c:	81 30       	cpi	r24, 0x01	; 1
    314e:	31 f4       	brne	.+12     	; 0x315c <temperature_task_update+0xb6>
		{
			temperature_TEC_hysteris_control_heating(10, 3);
    3150:	63 e0       	ldi	r22, 0x03	; 3
    3152:	8a e0       	ldi	r24, 0x0A	; 10
    3154:	90 e0       	ldi	r25, 0x00	; 0
    3156:	0e 94 10 15 	call	0x2a20	; 0x2a20 <temperature_TEC_hysteris_control_heating>
    315a:	05 c0       	rjmp	.+10     	; 0x3166 <temperature_task_update+0xc0>
		}
		else
		{
			temperature_TEC_hysteris_control_cooling(10, 3);
    315c:	63 e0       	ldi	r22, 0x03	; 3
    315e:	8a e0       	ldi	r24, 0x0A	; 10
    3160:	90 e0       	ldi	r25, 0x00	; 0
    3162:	0e 94 56 16 	call	0x2cac	; 0x2cac <temperature_TEC_hysteris_control_cooling>
		}
	}
	
	s_Temperature_CurrentState.NTC_channel_temperature[0] = _NTC_channel0_temperature;
    3166:	c2 eb       	ldi	r28, 0xB2	; 178
    3168:	d1 e0       	ldi	r29, 0x01	; 1
    316a:	19 83       	std	Y+1, r17	; 0x01
    316c:	08 83       	st	Y, r16
	s_Temperature_CurrentState.NTC_channel_temperature[1] = _NTC_channel1_temperature;
    316e:	fb 82       	std	Y+3, r15	; 0x03
    3170:	ea 82       	std	Y+2, r14	; 0x02
	s_Temperature_CurrentState.NTC_channel_temperature[2] = _NTC_channel2_temperature;
    3172:	bd 82       	std	Y+5, r11	; 0x05
    3174:	ac 82       	std	Y+4, r10	; 0x04
	s_Temperature_CurrentState.NTC_channel_temperature[3] = _NTC_channel3_temperature;
    3176:	df 82       	std	Y+7, r13	; 0x07
    3178:	ce 82       	std	Y+6, r12	; 0x06
	// 		// update temperature from onewire sensor
	// 		s_Temperature_CurrentState.onewire_channel_temperature[0] = get_NTC_temperature(0) /*get_onewire_temperature(0)*/;
	// 		s_Temperature_CurrentState.onewire_channel_temperature[1] = get_NTC_temperature(1) /*get_onewire_temperature(1)*/;
	
	// update temperature from BMP390 sensor
	s_Temperature_CurrentState.i2c_sensor_temperature = get_BMP390_temperature();
    317a:	0e 94 13 24 	call	0x4826	; 0x4826 <get_BMP390_temperature>
    317e:	9d 87       	std	Y+13, r25	; 0x0d
    3180:	8c 87       	std	Y+12, r24	; 0x0c
	
	if (SCH_TIM_HasCompleted(SCH_TIM_TEMPERATURE_LOG))
    3182:	81 e0       	ldi	r24, 0x01	; 1
    3184:	0e 94 e9 26 	call	0x4dd2	; 0x4dd2 <SCH_TIM_HasCompleted>
    3188:	88 23       	and	r24, r24
    318a:	69 f0       	breq	.+26     	; 0x31a6 <temperature_task_update+0x100>
	{
		if (sPrintLog)
    318c:	80 91 ca 0b 	lds	r24, 0x0BCA	; 0x800bca <sPrintLog>
    3190:	88 23       	and	r24, r24
    3192:	49 f0       	breq	.+18     	; 0x31a6 <temperature_task_update+0x100>
		{
			SCH_TIM_Start(SCH_TIM_TEMPERATURE_LOG,TEMPERATURE_LOG_PERIOD);
    3194:	48 ee       	ldi	r20, 0xE8	; 232
    3196:	53 e0       	ldi	r21, 0x03	; 3
    3198:	60 e0       	ldi	r22, 0x00	; 0
    319a:	70 e0       	ldi	r23, 0x00	; 0
    319c:	81 e0       	ldi	r24, 0x01	; 1
    319e:	0e 94 de 26 	call	0x4dbc	; 0x4dbc <SCH_TIM_Start>
			temperature_get_status();
    31a2:	0e 94 de 17 	call	0x2fbc	; 0x2fbc <temperature_get_status>
		}
	}

}
    31a6:	df 91       	pop	r29
    31a8:	cf 91       	pop	r28
    31aa:	1f 91       	pop	r17
    31ac:	0f 91       	pop	r16
    31ae:	ff 90       	pop	r15
    31b0:	ef 90       	pop	r14
    31b2:	df 90       	pop	r13
    31b4:	cf 90       	pop	r12
    31b6:	bf 90       	pop	r11
    31b8:	af 90       	pop	r10
    31ba:	08 95       	ret

000031bc <temperature_enable_log>:
	
}

void	temperature_enable_log(void)
{
	sPrintLog  = 1;
    31bc:	81 e0       	ldi	r24, 0x01	; 1
    31be:	80 93 ca 0b 	sts	0x0BCA, r24	; 0x800bca <sPrintLog>
    31c2:	08 95       	ret

000031c4 <temperature_disable_log>:
}

void	temperature_disable_log(void)
{
	sPrintLog  = 0;
    31c4:	10 92 ca 0b 	sts	0x0BCA, r1	; 0x800bca <sPrintLog>
    31c8:	08 95       	ret

000031ca <watchdog_pulse>:
{
	TPL5010_init();
}
static void watchdog_pulse(void)
{
	TPL5010_done_pulse ();
    31ca:	0e 94 bb 26 	call	0x4d76	; 0x4d76 <TPL5010_done_pulse>
    31ce:	08 95       	ret

000031d0 <watchdog_init>:
		watchdog_pulse         // timerCallbackFunction;
	}
};
void watchdog_init(void)
{
	TPL5010_init();
    31d0:	0e 94 b6 26 	call	0x4d6c	; 0x4d6c <TPL5010_init>
    31d4:	08 95       	ret

000031d6 <watchdog_create_timer>:
	TPL5010_done_pulse ();
}

void	watchdog_create_timer(void)
{
	SCH_TIM_CreateTimer(&s_WatchdogTimerContext.timerHandle, &s_WatchdogTimerContext.timerProperty);
    31d6:	6e ee       	ldi	r22, 0xEE	; 238
    31d8:	71 e0       	ldi	r23, 0x01	; 1
    31da:	8d ee       	ldi	r24, 0xED	; 237
    31dc:	91 e0       	ldi	r25, 0x01	; 1
    31de:	0e 94 2a 27 	call	0x4e54	; 0x4e54 <SCH_TIM_CreateTimer>
	SCH_TIM_RestartTimer(s_WatchdogTimerContext.timerHandle);
    31e2:	80 91 ed 01 	lds	r24, 0x01ED	; 0x8001ed <s_WatchdogTimerContext>
    31e6:	0e 94 5b 27 	call	0x4eb6	; 0x4eb6 <SCH_TIM_RestartTimer>
    31ea:	08 95       	ret

000031ec <init_adc>:
#include "AD.h"


void init_adc(void)
{
	ADMUX = (0);
    31ec:	17 b8       	out	0x07, r1	; 7
	ADMUX |= (1 << REFS0);
    31ee:	3e 9a       	sbi	0x07, 6	; 7
	//Prescaler of 128. 16Mhz/128 = 125kHz
	ADCSRA |= (1<<ADPS2)|(1<<ADPS1)|(1<<ADPS0)|(1<<ADEN);
    31f0:	86 b1       	in	r24, 0x06	; 6
    31f2:	87 68       	ori	r24, 0x87	; 135
    31f4:	86 b9       	out	0x06, r24	; 6
    31f6:	08 95       	ret

000031f8 <adc_read>:
{
	#ifdef IOU_HW_V1_2_0
		if (channel == 0) channel = 1;
		else if (channel == 1) channel = 0;
	#endif
	ADMUX = ADMUX & 0xF0;
    31f8:	97 b1       	in	r25, 0x07	; 7
    31fa:	90 7f       	andi	r25, 0xF0	; 240
    31fc:	97 b9       	out	0x07, r25	; 7
	ADMUX |= (channel & 0x0F);
    31fe:	97 b1       	in	r25, 0x07	; 7
    3200:	8f 70       	andi	r24, 0x0F	; 15
    3202:	98 2b       	or	r25, r24
    3204:	97 b9       	out	0x07, r25	; 7
	ADCSRA |= (1<<ADSC);
    3206:	36 9a       	sbi	0x06, 6	; 6
	while (ADCSRA & (1<<ADSC) );
    3208:	36 99       	sbic	0x06, 6	; 6
    320a:	fe cf       	rjmp	.-4      	; 0x3208 <adc_read+0x10>
	
	return (ADCL | (ADCH << 8));
    320c:	84 b1       	in	r24, 0x04	; 4
    320e:	25 b1       	in	r18, 0x05	; 5
    3210:	90 e0       	ldi	r25, 0x00	; 0
}
    3212:	92 2b       	or	r25, r18
    3214:	08 95       	ret

00003216 <pwm1_init>:
	TCCR1B |= (1 << CS11) | (1 << CS10);	// Set prescaler to 64 and start the timer
	
	ICR1  = _TimePeriodUs * 0.125;					// Voi F = 8M thi T = 0.125us, va prescaler = 64 nen T' = 8us
	
	OCR1C = _DutyCyclePercent * ICR1 * 0.01;		// Output Compare
}
    3216:	cf 93       	push	r28
    3218:	c4 2f       	mov	r28, r20
    321a:	48 b3       	in	r20, 0x18	; 24
    321c:	21 e0       	ldi	r18, 0x01	; 1
    321e:	30 e0       	ldi	r19, 0x00	; 0
    3220:	f9 01       	movw	r30, r18
    3222:	02 c0       	rjmp	.+4      	; 0x3228 <pwm1_init+0x12>
    3224:	ee 0f       	add	r30, r30
    3226:	ff 1f       	adc	r31, r31
    3228:	8a 95       	dec	r24
    322a:	e2 f7       	brpl	.-8      	; 0x3224 <pwm1_init+0xe>
    322c:	cf 01       	movw	r24, r30
    322e:	9e 2f       	mov	r25, r30
    3230:	90 95       	com	r25
    3232:	49 23       	and	r20, r25
    3234:	48 bb       	out	0x18, r20	; 24
    3236:	97 b3       	in	r25, 0x17	; 23
    3238:	89 2b       	or	r24, r25
    323a:	87 bb       	out	0x17, r24	; 23
    323c:	8f b5       	in	r24, 0x2f	; 47
    323e:	82 60       	ori	r24, 0x02	; 2
    3240:	8f bd       	out	0x2f, r24	; 47
    3242:	8e b5       	in	r24, 0x2e	; 46
    3244:	88 61       	ori	r24, 0x18	; 24
    3246:	8e bd       	out	0x2e, r24	; 46
    3248:	8f b5       	in	r24, 0x2f	; 47
    324a:	80 62       	ori	r24, 0x20	; 32
    324c:	8f bd       	out	0x2f, r24	; 47
    324e:	8e b5       	in	r24, 0x2e	; 46
    3250:	83 60       	ori	r24, 0x03	; 3
    3252:	8e bd       	out	0x2e, r24	; 46
    3254:	80 e0       	ldi	r24, 0x00	; 0
    3256:	90 e0       	ldi	r25, 0x00	; 0
    3258:	0e 94 97 2b 	call	0x572e	; 0x572e <__floatunsisf>
    325c:	20 e0       	ldi	r18, 0x00	; 0
    325e:	30 e0       	ldi	r19, 0x00	; 0
    3260:	40 e0       	ldi	r20, 0x00	; 0
    3262:	5e e3       	ldi	r21, 0x3E	; 62
    3264:	0e 94 25 2c 	call	0x584a	; 0x584a <__mulsf3>
    3268:	0e 94 68 2b 	call	0x56d0	; 0x56d0 <__fixunssfsi>
    326c:	77 bd       	out	0x27, r23	; 39
    326e:	66 bd       	out	0x26, r22	; 38
    3270:	86 b5       	in	r24, 0x26	; 38
    3272:	97 b5       	in	r25, 0x27	; 39
    3274:	c8 9f       	mul	r28, r24
    3276:	b0 01       	movw	r22, r0
    3278:	c9 9f       	mul	r28, r25
    327a:	70 0d       	add	r23, r0
    327c:	11 24       	eor	r1, r1
    327e:	80 e0       	ldi	r24, 0x00	; 0
    3280:	90 e0       	ldi	r25, 0x00	; 0
    3282:	0e 94 97 2b 	call	0x572e	; 0x572e <__floatunsisf>
    3286:	2a e0       	ldi	r18, 0x0A	; 10
    3288:	37 ed       	ldi	r19, 0xD7	; 215
    328a:	43 e2       	ldi	r20, 0x23	; 35
    328c:	5c e3       	ldi	r21, 0x3C	; 60
    328e:	0e 94 25 2c 	call	0x584a	; 0x584a <__mulsf3>
    3292:	0e 94 68 2b 	call	0x56d0	; 0x56d0 <__fixunssfsi>
    3296:	79 bd       	out	0x29, r23	; 41
    3298:	68 bd       	out	0x28, r22	; 40
    329a:	cf 91       	pop	r28
    329c:	08 95       	ret

0000329e <pwm1_set_DutyCyclePercent>:

void pwm1_set_DutyCyclePercent(const uint8_t _DutyCyclePercent)
{
	OCR1B = _DutyCyclePercent * ICR1 * 0.01;
    329e:	26 b5       	in	r18, 0x26	; 38
    32a0:	37 b5       	in	r19, 0x27	; 39
    32a2:	48 2f       	mov	r20, r24
    32a4:	42 9f       	mul	r20, r18
    32a6:	c0 01       	movw	r24, r0
    32a8:	43 9f       	mul	r20, r19
    32aa:	90 0d       	add	r25, r0
    32ac:	11 24       	eor	r1, r1
    32ae:	bc 01       	movw	r22, r24
    32b0:	80 e0       	ldi	r24, 0x00	; 0
    32b2:	90 e0       	ldi	r25, 0x00	; 0
    32b4:	0e 94 97 2b 	call	0x572e	; 0x572e <__floatunsisf>
    32b8:	2a e0       	ldi	r18, 0x0A	; 10
    32ba:	37 ed       	ldi	r19, 0xD7	; 215
    32bc:	43 e2       	ldi	r20, 0x23	; 35
    32be:	5c e3       	ldi	r21, 0x3C	; 60
    32c0:	0e 94 25 2c 	call	0x584a	; 0x584a <__mulsf3>
    32c4:	0e 94 68 2b 	call	0x56d0	; 0x56d0 <__fixunssfsi>
    32c8:	79 bd       	out	0x29, r23	; 41
    32ca:	68 bd       	out	0x28, r22	; 40
    32cc:	08 95       	ret

000032ce <SPI_Init>:
// Initialize the SPI as master
void SPI_Init(void)
{
	

	 	MCP2515_SS0_DDR |= (1 << MCP2515_SS0_PIN);
    32ce:	b8 9a       	sbi	0x17, 0	; 23
	 	MCP2515_SS0_PORT |= (1 << MCP2515_SS0_PIN);      //kh?i ??ng chân SS là output và xu?t 1 tr??c khi kh?i ??ng SPI
    32d0:	c0 9a       	sbi	0x18, 0	; 24
		   
	// make the MOSI, SCK, and SS pins outputs
	SPI_DDR |= ( 1 << SPI_MOSI ) | ( 1 << SPI_SCK ) ;
    32d2:	87 b3       	in	r24, 0x17	; 23
    32d4:	86 60       	ori	r24, 0x06	; 6
    32d6:	87 bb       	out	0x17, r24	; 23

	// make sure the MISO pin is input
	SPI_DDR &= ~( 1 << SPI_MISO );
    32d8:	bb 98       	cbi	0x17, 3	; 23

	// set up the SPI module: SPI enabled, MSB first, master mode,
	//  clock polarity and phase = 0, F_osc/16
	SPI_SPCR |= ( 1 << SPI_SPE ) | ( 1 << SPI_MSTR ) | ( 1 << SPI_SPR0 );
    32da:	8d b1       	in	r24, 0x0d	; 13
    32dc:	81 65       	ori	r24, 0x51	; 81
    32de:	8d b9       	out	0x0d, r24	; 13
    32e0:	08 95       	ret

000032e2 <SPI_SendByte>:

// Transfer a byte of data
uint8_t SPI_SendByte( uint8_t data )
{
	// Start transmission
	SPDR = data;
    32e2:	8f b9       	out	0x0f, r24	; 15
//	SPDR = 01;

	// Wait for the transmission to complete
	while (!(SPSR & (1 << SPIF)));
    32e4:	77 9b       	sbis	0x0e, 7	; 14
    32e6:	fe cf       	rjmp	.-4      	; 0x32e4 <SPI_SendByte+0x2>

	// return the byte received from the slave
	return SPDR;
    32e8:	8f b1       	in	r24, 0x0f	; 15
}
    32ea:	08 95       	ret

000032ec <timer_start_timer0>:
    32ec:	83 b7       	in	r24, 0x33	; 51
    32ee:	84 60       	ori	r24, 0x04	; 4
    32f0:	83 bf       	out	0x33, r24	; 51
    32f2:	87 b7       	in	r24, 0x37	; 55
    32f4:	82 60       	ori	r24, 0x02	; 2
    32f6:	87 bf       	out	0x37, r24	; 55
    32f8:	78 94       	sei
    32fa:	08 95       	ret

000032fc <timer_timer0_init>:
    32fc:	83 b7       	in	r24, 0x33	; 51
    32fe:	88 60       	ori	r24, 0x08	; 8
    3300:	83 bf       	out	0x33, r24	; 51
    3302:	12 be       	out	0x32, r1	; 50
    3304:	8c e7       	ldi	r24, 0x7C	; 124
    3306:	81 bf       	out	0x31, r24	; 49
    3308:	08 95       	ret

0000330a <twi_start>:
  bool flag = twi_timed_out_flag;
  if (clear_flag){
    twi_timed_out_flag = false;
  }
  return(flag);
}
    330a:	84 ea       	ldi	r24, 0xA4	; 164
    330c:	80 93 74 00 	sts	0x0074, r24	; 0x800074 <__TEXT_REGION_LENGTH__+0x7f0074>
    3310:	8a ef       	ldi	r24, 0xFA	; 250
    3312:	e4 e7       	ldi	r30, 0x74	; 116
    3314:	f0 e0       	ldi	r31, 0x00	; 0
    3316:	02 c0       	rjmp	.+4      	; 0x331c <twi_start+0x12>
    3318:	81 50       	subi	r24, 0x01	; 1
    331a:	19 f0       	breq	.+6      	; 0x3322 <twi_start+0x18>
    331c:	90 81       	ld	r25, Z
    331e:	99 23       	and	r25, r25
    3320:	dc f7       	brge	.-10     	; 0x3318 <twi_start+0xe>
    3322:	08 95       	ret

00003324 <twi_stop>:
    3324:	84 e9       	ldi	r24, 0x94	; 148
    3326:	80 93 74 00 	sts	0x0074, r24	; 0x800074 <__TEXT_REGION_LENGTH__+0x7f0074>
    332a:	8a ef       	ldi	r24, 0xFA	; 250
    332c:	e4 e7       	ldi	r30, 0x74	; 116
    332e:	f0 e0       	ldi	r31, 0x00	; 0
    3330:	02 c0       	rjmp	.+4      	; 0x3336 <twi_stop+0x12>
    3332:	81 50       	subi	r24, 0x01	; 1
    3334:	19 f0       	breq	.+6      	; 0x333c <twi_stop+0x18>
    3336:	90 81       	ld	r25, Z
    3338:	94 fd       	sbrc	r25, 4
    333a:	fb cf       	rjmp	.-10     	; 0x3332 <twi_stop+0xe>
    333c:	08 95       	ret

0000333e <twi_write>:
    333e:	80 93 73 00 	sts	0x0073, r24	; 0x800073 <__TEXT_REGION_LENGTH__+0x7f0073>
    3342:	84 e8       	ldi	r24, 0x84	; 132
    3344:	80 93 74 00 	sts	0x0074, r24	; 0x800074 <__TEXT_REGION_LENGTH__+0x7f0074>
    3348:	8a ef       	ldi	r24, 0xFA	; 250
    334a:	e4 e7       	ldi	r30, 0x74	; 116
    334c:	f0 e0       	ldi	r31, 0x00	; 0
    334e:	02 c0       	rjmp	.+4      	; 0x3354 <twi_write+0x16>
    3350:	81 50       	subi	r24, 0x01	; 1
    3352:	19 f0       	breq	.+6      	; 0x335a <twi_write+0x1c>
    3354:	90 81       	ld	r25, Z
    3356:	99 23       	and	r25, r25
    3358:	dc f7       	brge	.-10     	; 0x3350 <twi_write+0x12>
    335a:	08 95       	ret

0000335c <twi_read_ack>:
    335c:	84 ec       	ldi	r24, 0xC4	; 196
    335e:	80 93 74 00 	sts	0x0074, r24	; 0x800074 <__TEXT_REGION_LENGTH__+0x7f0074>
    3362:	8a ef       	ldi	r24, 0xFA	; 250
    3364:	e4 e7       	ldi	r30, 0x74	; 116
    3366:	f0 e0       	ldi	r31, 0x00	; 0
    3368:	02 c0       	rjmp	.+4      	; 0x336e <twi_read_ack+0x12>
    336a:	81 50       	subi	r24, 0x01	; 1
    336c:	29 f0       	breq	.+10     	; 0x3378 <twi_read_ack+0x1c>
    336e:	90 81       	ld	r25, Z
    3370:	99 23       	and	r25, r25
    3372:	dc f7       	brge	.-10     	; 0x336a <twi_read_ack+0xe>
    3374:	80 91 73 00 	lds	r24, 0x0073	; 0x800073 <__TEXT_REGION_LENGTH__+0x7f0073>
    3378:	08 95       	ret

0000337a <twi_read_nack>:
    337a:	84 e8       	ldi	r24, 0x84	; 132
    337c:	80 93 74 00 	sts	0x0074, r24	; 0x800074 <__TEXT_REGION_LENGTH__+0x7f0074>
    3380:	8a ef       	ldi	r24, 0xFA	; 250
    3382:	e4 e7       	ldi	r30, 0x74	; 116
    3384:	f0 e0       	ldi	r31, 0x00	; 0
    3386:	02 c0       	rjmp	.+4      	; 0x338c <twi_read_nack+0x12>
    3388:	81 50       	subi	r24, 0x01	; 1
    338a:	29 f0       	breq	.+10     	; 0x3396 <twi_read_nack+0x1c>
    338c:	90 81       	ld	r25, Z
    338e:	99 23       	and	r25, r25
    3390:	dc f7       	brge	.-10     	; 0x3388 <twi_read_nack+0xe>
    3392:	80 91 73 00 	lds	r24, 0x0073	; 0x800073 <__TEXT_REGION_LENGTH__+0x7f0073>
    3396:	08 95       	ret

00003398 <twi_releaseBus>:
    3398:	85 ec       	ldi	r24, 0xC5	; 197
    339a:	80 93 74 00 	sts	0x0074, r24	; 0x800074 <__TEXT_REGION_LENGTH__+0x7f0074>
    339e:	10 92 0a 0c 	sts	0x0C0A, r1	; 0x800c0a <twi_state>
    33a2:	08 95       	ret

000033a4 <__vector_33>:

ISR(TWI_vect)
{
    33a4:	1f 92       	push	r1
    33a6:	0f 92       	push	r0
    33a8:	0f b6       	in	r0, 0x3f	; 63
    33aa:	0f 92       	push	r0
    33ac:	11 24       	eor	r1, r1
    33ae:	2f 93       	push	r18
    33b0:	3f 93       	push	r19
    33b2:	4f 93       	push	r20
    33b4:	5f 93       	push	r21
    33b6:	6f 93       	push	r22
    33b8:	7f 93       	push	r23
    33ba:	8f 93       	push	r24
    33bc:	9f 93       	push	r25
    33be:	af 93       	push	r26
    33c0:	bf 93       	push	r27
    33c2:	ef 93       	push	r30
    33c4:	ff 93       	push	r31
  switch(TW_STATUS){
    33c6:	80 91 71 00 	lds	r24, 0x0071	; 0x800071 <__TEXT_REGION_LENGTH__+0x7f0071>
    33ca:	e8 2f       	mov	r30, r24
    33cc:	e8 7f       	andi	r30, 0xF8	; 248
    33ce:	8e 2f       	mov	r24, r30
    33d0:	90 e0       	ldi	r25, 0x00	; 0
    33d2:	89 3c       	cpi	r24, 0xC9	; 201
    33d4:	91 05       	cpc	r25, r1
    33d6:	08 f0       	brcs	.+2      	; 0x33da <__vector_33+0x36>
    33d8:	f5 c0       	rjmp	.+490    	; 0x35c4 <__vector_33+0x220>
    33da:	fc 01       	movw	r30, r24
    33dc:	e7 5a       	subi	r30, 0xA7	; 167
    33de:	ff 4f       	sbci	r31, 0xFF	; 255
    33e0:	0c 94 41 30 	jmp	0x6082	; 0x6082 <__tablejump2__>
    case TW_START:     // sent start condition
    case TW_REP_START: // sent repeated start condition
      // copy device address and r/w bit to output register and ack
	  //twi_slarw = TW_WRITE;
	  //twi_slarw |= SLV_ADDRESS << 1;
      TWDR = twi_slarw;
    33e4:	80 91 09 0c 	lds	r24, 0x0C09	; 0x800c09 <twi_slarw>
    33e8:	80 93 73 00 	sts	0x0073, r24	; 0x800073 <__TEXT_REGION_LENGTH__+0x7f0073>
      TWCR=(1<<TWEN)|(0<<TWSTA)|(1<<TWINT)|(1<<TWIE);
    33ec:	85 e8       	ldi	r24, 0x85	; 133
    33ee:	80 93 74 00 	sts	0x0074, r24	; 0x800074 <__TEXT_REGION_LENGTH__+0x7f0074>
	  //twi_reply(1);
      break;
    33f2:	e8 c0       	rjmp	.+464    	; 0x35c4 <__vector_33+0x220>
    // Master Transmitter
	//-------------------------------------------------------------------------------------------------------------------------------
    case TW_MT_SLA_ACK:  // slave receiver acked address
    case TW_MT_DATA_ACK: // slave receiver acked data
      // if there is data to send, send it, otherwise stop 
      if(twi_master_txBufferIndex < twi_master_txBufferLength){
    33f4:	90 91 fa 0b 	lds	r25, 0x0BFA	; 0x800bfa <twi_master_txBufferIndex>
    33f8:	80 91 f9 0b 	lds	r24, 0x0BF9	; 0x800bf9 <twi_master_txBufferLength>
    33fc:	98 17       	cp	r25, r24
    33fe:	80 f4       	brcc	.+32     	; 0x3420 <__vector_33+0x7c>
        // copy data to output register and ack
        TWDR = twi_master_txBuffer[twi_master_txBufferIndex++];
    3400:	e0 91 fa 0b 	lds	r30, 0x0BFA	; 0x800bfa <twi_master_txBufferIndex>
    3404:	81 e0       	ldi	r24, 0x01	; 1
    3406:	8e 0f       	add	r24, r30
    3408:	80 93 fa 0b 	sts	0x0BFA, r24	; 0x800bfa <twi_master_txBufferIndex>
    340c:	f0 e0       	ldi	r31, 0x00	; 0
    340e:	e5 50       	subi	r30, 0x05	; 5
    3410:	f4 4f       	sbci	r31, 0xF4	; 244
    3412:	80 81       	ld	r24, Z
    3414:	80 93 73 00 	sts	0x0073, r24	; 0x800073 <__TEXT_REGION_LENGTH__+0x7f0073>
 */
void twi_reply(uint8_t ack)
{
  // transmit master read ready signal, with or without ack
  if(ack){
    TWCR = (1<<TWEN) | (1<<TWIE) | (1<<TWINT) | (1<<TWEA);
    3418:	85 ec       	ldi	r24, 0xC5	; 197
    341a:	80 93 74 00 	sts	0x0074, r24	; 0x800074 <__TEXT_REGION_LENGTH__+0x7f0074>
    341e:	d2 c0       	rjmp	.+420    	; 0x35c4 <__vector_33+0x220>
      if(twi_master_txBufferIndex < twi_master_txBufferLength){
        // copy data to output register and ack
        TWDR = twi_master_txBuffer[twi_master_txBufferIndex++];
        twi_reply(1);
      }else{
        if (twi_sendStop){
    3420:	80 91 08 0c 	lds	r24, 0x0C08	; 0x800c08 <twi_sendStop>
    3424:	88 23       	and	r24, r24
    3426:	19 f0       	breq	.+6      	; 0x342e <__vector_33+0x8a>
          twi_stop();
    3428:	0e 94 92 19 	call	0x3324	; 0x3324 <twi_stop>
    342c:	cb c0       	rjmp	.+406    	; 0x35c4 <__vector_33+0x220>
       } else {
         twi_inRepStart = true;	// we're gonna send the START
    342e:	81 e0       	ldi	r24, 0x01	; 1
    3430:	80 93 07 0c 	sts	0x0C07, r24	; 0x800c07 <twi_inRepStart>
         // don't enable the interrupt. We'll generate the start, but we
         // avoid handling the interrupt until we're in the next transaction,
         // at the point where we would normally issue the start.
         TWCR = (1<<TWINT) | (1<<TWSTA)| (1<<TWEN) ;
    3434:	84 ea       	ldi	r24, 0xA4	; 164
    3436:	80 93 74 00 	sts	0x0074, r24	; 0x800074 <__TEXT_REGION_LENGTH__+0x7f0074>
         twi_state = TWI_READY;
    343a:	10 92 0a 0c 	sts	0x0C0A, r1	; 0x800c0a <twi_state>
    343e:	c2 c0       	rjmp	.+388    	; 0x35c4 <__vector_33+0x220>
        }
      }
      break;
    case TW_MT_SLA_NACK:  // address sent, nack received
      twi_error = TW_MT_SLA_NACK;
    3440:	80 e2       	ldi	r24, 0x20	; 32
    3442:	80 93 db 0b 	sts	0x0BDB, r24	; 0x800bdb <twi_error>
      twi_stop();
    3446:	0e 94 92 19 	call	0x3324	; 0x3324 <twi_stop>
      break;
    344a:	bc c0       	rjmp	.+376    	; 0x35c4 <__vector_33+0x220>
    case TW_MT_DATA_NACK: // data sent, nack received
      twi_error = TW_MT_DATA_NACK;
    344c:	80 e3       	ldi	r24, 0x30	; 48
    344e:	80 93 db 0b 	sts	0x0BDB, r24	; 0x800bdb <twi_error>
      twi_stop();
    3452:	0e 94 92 19 	call	0x3324	; 0x3324 <twi_stop>
      break;
    3456:	b6 c0       	rjmp	.+364    	; 0x35c4 <__vector_33+0x220>
    case TW_MT_ARB_LOST: // lost bus arbitration
      twi_error = TW_MT_ARB_LOST;
    3458:	88 e3       	ldi	r24, 0x38	; 56
    345a:	80 93 db 0b 	sts	0x0BDB, r24	; 0x800bdb <twi_error>
      twi_releaseBus();
    345e:	0e 94 cc 19 	call	0x3398	; 0x3398 <twi_releaseBus>
      break;
    3462:	b0 c0       	rjmp	.+352    	; 0x35c4 <__vector_33+0x220>
	//-------------------------------------------------------------------------------------------------------------------------------
    // Master Receiver
	//-------------------------------------------------------------------------------------------------------------------------------
    case TW_MR_DATA_ACK: // data received, ack sent
      // put byte into buffer
      twi_master_rxBuffer[twi_master_rxBufferIndex++] = TWDR;
    3464:	e0 91 f0 0b 	lds	r30, 0x0BF0	; 0x800bf0 <twi_master_rxBufferIndex>
    3468:	81 e0       	ldi	r24, 0x01	; 1
    346a:	8e 0f       	add	r24, r30
    346c:	80 93 f0 0b 	sts	0x0BF0, r24	; 0x800bf0 <twi_master_rxBufferIndex>
    3470:	80 91 73 00 	lds	r24, 0x0073	; 0x800073 <__TEXT_REGION_LENGTH__+0x7f0073>
    3474:	f0 e0       	ldi	r31, 0x00	; 0
    3476:	ef 50       	subi	r30, 0x0F	; 15
    3478:	f4 4f       	sbci	r31, 0xF4	; 244
    347a:	80 83       	st	Z, r24
      //__attribute__ ((fallthrough));
    case TW_MR_SLA_ACK:  // address sent, ack received
      // ack if more bytes are expected, otherwise nack
      if(twi_master_rxBufferIndex < twi_master_rxBufferLength){
    347c:	90 91 f0 0b 	lds	r25, 0x0BF0	; 0x800bf0 <twi_master_rxBufferIndex>
    3480:	80 91 ef 0b 	lds	r24, 0x0BEF	; 0x800bef <twi_master_rxBufferLength>
    3484:	98 17       	cp	r25, r24
    3486:	20 f4       	brcc	.+8      	; 0x3490 <__vector_33+0xec>
 */
void twi_reply(uint8_t ack)
{
  // transmit master read ready signal, with or without ack
  if(ack){
    TWCR = (1<<TWEN) | (1<<TWIE) | (1<<TWINT) | (1<<TWEA);
    3488:	85 ec       	ldi	r24, 0xC5	; 197
    348a:	80 93 74 00 	sts	0x0074, r24	; 0x800074 <__TEXT_REGION_LENGTH__+0x7f0074>
    348e:	9a c0       	rjmp	.+308    	; 0x35c4 <__vector_33+0x220>
  }else{
    TWCR = (1<<TWEN) | (1<<TWIE) | (1<<TWINT);
    3490:	85 e8       	ldi	r24, 0x85	; 133
    3492:	80 93 74 00 	sts	0x0074, r24	; 0x800074 <__TEXT_REGION_LENGTH__+0x7f0074>
    3496:	96 c0       	rjmp	.+300    	; 0x35c4 <__vector_33+0x220>
        twi_reply(0);
      }
      break;
    case TW_MR_DATA_NACK: // data received, nack sent
      // put final byte into buffer
      twi_master_rxBuffer[twi_master_rxBufferIndex++] = TWDR;
    3498:	e0 91 f0 0b 	lds	r30, 0x0BF0	; 0x800bf0 <twi_master_rxBufferIndex>
    349c:	81 e0       	ldi	r24, 0x01	; 1
    349e:	8e 0f       	add	r24, r30
    34a0:	80 93 f0 0b 	sts	0x0BF0, r24	; 0x800bf0 <twi_master_rxBufferIndex>
    34a4:	80 91 73 00 	lds	r24, 0x0073	; 0x800073 <__TEXT_REGION_LENGTH__+0x7f0073>
    34a8:	f0 e0       	ldi	r31, 0x00	; 0
    34aa:	ef 50       	subi	r30, 0x0F	; 15
    34ac:	f4 4f       	sbci	r31, 0xF4	; 244
    34ae:	80 83       	st	Z, r24
      if (twi_sendStop){
    34b0:	80 91 08 0c 	lds	r24, 0x0C08	; 0x800c08 <twi_sendStop>
    34b4:	88 23       	and	r24, r24
    34b6:	19 f0       	breq	.+6      	; 0x34be <__vector_33+0x11a>
        twi_stop();
    34b8:	0e 94 92 19 	call	0x3324	; 0x3324 <twi_stop>
    34bc:	83 c0       	rjmp	.+262    	; 0x35c4 <__vector_33+0x220>
      } else {
        twi_inRepStart = true;	// we're gonna send the START
    34be:	81 e0       	ldi	r24, 0x01	; 1
    34c0:	80 93 07 0c 	sts	0x0C07, r24	; 0x800c07 <twi_inRepStart>
        // don't enable the interrupt. We'll generate the start, but we
        // avoid handling the interrupt until we're in the next transaction,
        // at the point where we would normally issue the start.
        TWCR = (1<<TWINT) | (1<<TWSTA)| (1<<TWEN) ;
    34c4:	84 ea       	ldi	r24, 0xA4	; 164
    34c6:	80 93 74 00 	sts	0x0074, r24	; 0x800074 <__TEXT_REGION_LENGTH__+0x7f0074>
        twi_state = TWI_READY;
    34ca:	10 92 0a 0c 	sts	0x0C0A, r1	; 0x800c0a <twi_state>
    34ce:	7a c0       	rjmp	.+244    	; 0x35c4 <__vector_33+0x220>
      }
      break;
    case TW_MR_SLA_NACK: // address sent, nack received
      twi_stop();
    34d0:	0e 94 92 19 	call	0x3324	; 0x3324 <twi_stop>
      break;
    34d4:	77 c0       	rjmp	.+238    	; 0x35c4 <__vector_33+0x220>
    case TW_SR_SLA_ACK:   // addressed, returned ack
    case TW_SR_GCALL_ACK: // addressed generally, returned ack
    case TW_SR_ARB_LOST_SLA_ACK:   // lost arbitration, returned ack
    case TW_SR_ARB_LOST_GCALL_ACK: // lost arbitration, returned ack
      // enter slave receiver mode
      twi_state = TWI_SRX;
    34d6:	83 e0       	ldi	r24, 0x03	; 3
    34d8:	80 93 0a 0c 	sts	0x0C0A, r24	; 0x800c0a <twi_state>
      // indicate that rx buffer can be overwritten and ack
      twi_slv_rxBufferIndex = 0;
    34dc:	10 92 dc 0b 	sts	0x0BDC, r1	; 0x800bdc <twi_slv_rxBufferIndex>
 */
void twi_reply(uint8_t ack)
{
  // transmit master read ready signal, with or without ack
  if(ack){
    TWCR = (1<<TWEN) | (1<<TWIE) | (1<<TWINT) | (1<<TWEA);
    34e0:	85 ec       	ldi	r24, 0xC5	; 197
    34e2:	80 93 74 00 	sts	0x0074, r24	; 0x800074 <__TEXT_REGION_LENGTH__+0x7f0074>
    34e6:	6e c0       	rjmp	.+220    	; 0x35c4 <__vector_33+0x220>
      twi_reply(1);
      break;
    case TW_SR_DATA_ACK:       // data received, returned ack
    case TW_SR_GCALL_DATA_ACK: // data received generally, returned ack
      // if there is still room in the rx buffer
      if(twi_slv_rxBufferIndex < TWI_BUFFER_LENGTH){
    34e8:	80 91 dc 0b 	lds	r24, 0x0BDC	; 0x800bdc <twi_slv_rxBufferIndex>
    34ec:	88 30       	cpi	r24, 0x08	; 8
    34ee:	80 f4       	brcc	.+32     	; 0x3510 <__vector_33+0x16c>
        // put byte in buffer and ack
        twi_slv_rxBuffer[twi_slv_rxBufferIndex++] = TWDR;
    34f0:	e0 91 dc 0b 	lds	r30, 0x0BDC	; 0x800bdc <twi_slv_rxBufferIndex>
    34f4:	81 e0       	ldi	r24, 0x01	; 1
    34f6:	8e 0f       	add	r24, r30
    34f8:	80 93 dc 0b 	sts	0x0BDC, r24	; 0x800bdc <twi_slv_rxBufferIndex>
    34fc:	80 91 73 00 	lds	r24, 0x0073	; 0x800073 <__TEXT_REGION_LENGTH__+0x7f0073>
    3500:	f0 e0       	ldi	r31, 0x00	; 0
    3502:	e3 52       	subi	r30, 0x23	; 35
    3504:	f4 4f       	sbci	r31, 0xF4	; 244
    3506:	80 83       	st	Z, r24
 */
void twi_reply(uint8_t ack)
{
  // transmit master read ready signal, with or without ack
  if(ack){
    TWCR = (1<<TWEN) | (1<<TWIE) | (1<<TWINT) | (1<<TWEA);
    3508:	85 ec       	ldi	r24, 0xC5	; 197
    350a:	80 93 74 00 	sts	0x0074, r24	; 0x800074 <__TEXT_REGION_LENGTH__+0x7f0074>
    350e:	5a c0       	rjmp	.+180    	; 0x35c4 <__vector_33+0x220>
  }else{
    TWCR = (1<<TWEN) | (1<<TWIE) | (1<<TWINT);
    3510:	85 e8       	ldi	r24, 0x85	; 133
    3512:	80 93 74 00 	sts	0x0074, r24	; 0x800074 <__TEXT_REGION_LENGTH__+0x7f0074>
    3516:	56 c0       	rjmp	.+172    	; 0x35c4 <__vector_33+0x220>
        twi_reply(0);
      }
      break;
    case TW_SR_STOP: // stop or repeated start condition received
      // ack future responses and leave slave receiver state
      twi_releaseBus();
    3518:	0e 94 cc 19 	call	0x3398	; 0x3398 <twi_releaseBus>
      // put a null char after data if there's room
      if(twi_slv_rxBufferIndex < TWI_BUFFER_LENGTH){
    351c:	80 91 dc 0b 	lds	r24, 0x0BDC	; 0x800bdc <twi_slv_rxBufferIndex>
    3520:	88 30       	cpi	r24, 0x08	; 8
    3522:	30 f4       	brcc	.+12     	; 0x3530 <__vector_33+0x18c>
        twi_slv_rxBuffer[twi_slv_rxBufferIndex] = '\0';
    3524:	e0 91 dc 0b 	lds	r30, 0x0BDC	; 0x800bdc <twi_slv_rxBufferIndex>
    3528:	f0 e0       	ldi	r31, 0x00	; 0
    352a:	e3 52       	subi	r30, 0x23	; 35
    352c:	f4 4f       	sbci	r31, 0xF4	; 244
    352e:	10 82       	st	Z, r1
      }
      // callback to user defined callback
      twi_onSlaveReceive(twi_slv_rxBuffer, twi_slv_rxBufferIndex);
    3530:	60 91 dc 0b 	lds	r22, 0x0BDC	; 0x800bdc <twi_slv_rxBufferIndex>
    3534:	70 e0       	ldi	r23, 0x00	; 0
    3536:	e0 91 03 0c 	lds	r30, 0x0C03	; 0x800c03 <twi_onSlaveReceive>
    353a:	f0 91 04 0c 	lds	r31, 0x0C04	; 0x800c04 <twi_onSlaveReceive+0x1>
    353e:	8d ed       	ldi	r24, 0xDD	; 221
    3540:	9b e0       	ldi	r25, 0x0B	; 11
    3542:	09 95       	icall
      // since we submit rx buffer to "wire" library, we can reset it
      twi_slv_rxBufferIndex = 0;
    3544:	10 92 dc 0b 	sts	0x0BDC, r1	; 0x800bdc <twi_slv_rxBufferIndex>
      break;
    3548:	3d c0       	rjmp	.+122    	; 0x35c4 <__vector_33+0x220>
{
  // transmit master read ready signal, with or without ack
  if(ack){
    TWCR = (1<<TWEN) | (1<<TWIE) | (1<<TWINT) | (1<<TWEA);
  }else{
    TWCR = (1<<TWEN) | (1<<TWIE) | (1<<TWINT);
    354a:	85 e8       	ldi	r24, 0x85	; 133
    354c:	80 93 74 00 	sts	0x0074, r24	; 0x800074 <__TEXT_REGION_LENGTH__+0x7f0074>
    3550:	39 c0       	rjmp	.+114    	; 0x35c4 <__vector_33+0x220>
    // Slave Transmitter
	//-------------------------------------------------------------------------------------------------------------------------------
    case TW_ST_SLA_ACK:          // addressed, returned ack
    case TW_ST_ARB_LOST_SLA_ACK: // arbitration lost, returned ack
      // enter slave transmitter mode
      twi_state = TWI_STX;
    3552:	84 e0       	ldi	r24, 0x04	; 4
    3554:	80 93 0a 0c 	sts	0x0C0A, r24	; 0x800c0a <twi_state>
      // ready the tx buffer index for iteration
      twi_slv_txBufferIndex = 0;
    3558:	10 92 e6 0b 	sts	0x0BE6, r1	; 0x800be6 <twi_slv_txBufferIndex>
      // set tx buffer length to be zero, to verify if user changes it
      twi_slv_txBufferLength = 0;
    355c:	10 92 e5 0b 	sts	0x0BE5, r1	; 0x800be5 <twi_slv_txBufferLength>
      // request for txBuffer to be filled and length to be set
      // note: user must call twi_transmit(bytes, length) to do this
      twi_onSlaveTransmit();
    3560:	e0 91 05 0c 	lds	r30, 0x0C05	; 0x800c05 <twi_onSlaveTransmit>
    3564:	f0 91 06 0c 	lds	r31, 0x0C06	; 0x800c06 <twi_onSlaveTransmit+0x1>
    3568:	09 95       	icall
      // if they didn't change buffer & length, initialize it
      if(0 == twi_slv_txBufferLength){
    356a:	80 91 e5 0b 	lds	r24, 0x0BE5	; 0x800be5 <twi_slv_txBufferLength>
    356e:	81 11       	cpse	r24, r1
    3570:	05 c0       	rjmp	.+10     	; 0x357c <__vector_33+0x1d8>
        twi_slv_txBufferLength = 1;
    3572:	81 e0       	ldi	r24, 0x01	; 1
    3574:	80 93 e5 0b 	sts	0x0BE5, r24	; 0x800be5 <twi_slv_txBufferLength>
        twi_slv_txBuffer[0] = 0x00;
    3578:	10 92 e7 0b 	sts	0x0BE7, r1	; 0x800be7 <twi_slv_txBuffer>
      }
      //__attribute__ ((fallthrough));		  
      // transmit first byte from buffer, fall
    case TW_ST_DATA_ACK: // byte sent, ack returned
      // copy data to output register
      TWDR = twi_slv_txBuffer[twi_slv_txBufferIndex++];
    357c:	e0 91 e6 0b 	lds	r30, 0x0BE6	; 0x800be6 <twi_slv_txBufferIndex>
    3580:	81 e0       	ldi	r24, 0x01	; 1
    3582:	8e 0f       	add	r24, r30
    3584:	80 93 e6 0b 	sts	0x0BE6, r24	; 0x800be6 <twi_slv_txBufferIndex>
    3588:	f0 e0       	ldi	r31, 0x00	; 0
    358a:	e9 51       	subi	r30, 0x19	; 25
    358c:	f4 4f       	sbci	r31, 0xF4	; 244
    358e:	80 81       	ld	r24, Z
    3590:	80 93 73 00 	sts	0x0073, r24	; 0x800073 <__TEXT_REGION_LENGTH__+0x7f0073>
      // if there is more to send, ack, otherwise nack
      if(twi_slv_txBufferIndex < twi_slv_txBufferLength){
    3594:	90 91 e6 0b 	lds	r25, 0x0BE6	; 0x800be6 <twi_slv_txBufferIndex>
    3598:	80 91 e5 0b 	lds	r24, 0x0BE5	; 0x800be5 <twi_slv_txBufferLength>
    359c:	98 17       	cp	r25, r24
    359e:	20 f4       	brcc	.+8      	; 0x35a8 <__vector_33+0x204>
 */
void twi_reply(uint8_t ack)
{
  // transmit master read ready signal, with or without ack
  if(ack){
    TWCR = (1<<TWEN) | (1<<TWIE) | (1<<TWINT) | (1<<TWEA);
    35a0:	85 ec       	ldi	r24, 0xC5	; 197
    35a2:	80 93 74 00 	sts	0x0074, r24	; 0x800074 <__TEXT_REGION_LENGTH__+0x7f0074>
    35a6:	0e c0       	rjmp	.+28     	; 0x35c4 <__vector_33+0x220>
  }else{
    TWCR = (1<<TWEN) | (1<<TWIE) | (1<<TWINT);
    35a8:	85 e8       	ldi	r24, 0x85	; 133
    35aa:	80 93 74 00 	sts	0x0074, r24	; 0x800074 <__TEXT_REGION_LENGTH__+0x7f0074>
    35ae:	0a c0       	rjmp	.+20     	; 0x35c4 <__vector_33+0x220>
 */
void twi_reply(uint8_t ack)
{
  // transmit master read ready signal, with or without ack
  if(ack){
    TWCR = (1<<TWEN) | (1<<TWIE) | (1<<TWINT) | (1<<TWEA);
    35b0:	85 ec       	ldi	r24, 0xC5	; 197
    35b2:	80 93 74 00 	sts	0x0074, r24	; 0x800074 <__TEXT_REGION_LENGTH__+0x7f0074>
    case TW_ST_DATA_NACK: // received nack, we are done 
    case TW_ST_LAST_DATA: // received ack, but we are done already!
      // ack future responses
      twi_reply(1);
      // leave slave receiver state
      twi_state = TWI_READY;
    35b6:	10 92 0a 0c 	sts	0x0C0A, r1	; 0x800c0a <twi_state>
      break;
    35ba:	04 c0       	rjmp	.+8      	; 0x35c4 <__vector_33+0x220>

    // All
    case TW_NO_INFO:   // no state information
      break;
    case TW_BUS_ERROR: // bus error, illegal stop/start
      twi_error = TW_BUS_ERROR;
    35bc:	10 92 db 0b 	sts	0x0BDB, r1	; 0x800bdb <twi_error>
      twi_stop();
    35c0:	0e 94 92 19 	call	0x3324	; 0x3324 <twi_stop>
      break;
  }
}
    35c4:	ff 91       	pop	r31
    35c6:	ef 91       	pop	r30
    35c8:	bf 91       	pop	r27
    35ca:	af 91       	pop	r26
    35cc:	9f 91       	pop	r25
    35ce:	8f 91       	pop	r24
    35d0:	7f 91       	pop	r23
    35d2:	6f 91       	pop	r22
    35d4:	5f 91       	pop	r21
    35d6:	4f 91       	pop	r20
    35d8:	3f 91       	pop	r19
    35da:	2f 91       	pop	r18
    35dc:	0f 90       	pop	r0
    35de:	0f be       	out	0x3f, r0	; 63
    35e0:	0f 90       	pop	r0
    35e2:	1f 90       	pop	r1
    35e4:	18 95       	reti

000035e6 <rbuffer_init>:
	while(!(UCSR1A & (1 << TXC)));										// Wait for Tx unit to transmit the LAST character of ringbuffer

	_delay_ms(200);                                             // Extra safety for Tx to finish!

	UCSR1B &= ~( (1<<RXEN)|(1<<TXEN)|(1<<RXCIE) | (1<<	UDRIE));					//disable TX, RX, RX interrupt
	UCSR1C &= (1<<UCSZ1) | (1<<UCSZ0);
    35e6:	2f b7       	in	r18, 0x3f	; 63
    35e8:	f8 94       	cli
    35ea:	fc 01       	movw	r30, r24
    35ec:	e0 5c       	subi	r30, 0xC0	; 192
    35ee:	ff 4f       	sbci	r31, 0xFF	; 255
    35f0:	10 82       	st	Z, r1
    35f2:	31 96       	adiw	r30, 0x01	; 1
    35f4:	10 82       	st	Z, r1
    35f6:	31 96       	adiw	r30, 0x01	; 1
    35f8:	10 82       	st	Z, r1
    35fa:	2f bf       	out	0x3f, r18	; 63
    35fc:	08 95       	ret

000035fe <rbuffer_empty>:
    35fe:	8e 5b       	subi	r24, 0xBE	; 190
    3600:	9f 4f       	sbci	r25, 0xFF	; 255
    3602:	fc 01       	movw	r30, r24
    3604:	90 81       	ld	r25, Z
    3606:	81 e0       	ldi	r24, 0x01	; 1
    3608:	91 11       	cpse	r25, r1
    360a:	80 e0       	ldi	r24, 0x00	; 0
    360c:	08 95       	ret

0000360e <rbuffer_insert>:
    360e:	fb 01       	movw	r30, r22
    3610:	e0 5c       	subi	r30, 0xC0	; 192
    3612:	ff 4f       	sbci	r31, 0xFF	; 255
    3614:	90 81       	ld	r25, Z
    3616:	db 01       	movw	r26, r22
    3618:	a9 0f       	add	r26, r25
    361a:	b1 1d       	adc	r27, r1
    361c:	8c 93       	st	X, r24
    361e:	9f b7       	in	r25, 0x3f	; 63
    3620:	f8 94       	cli
    3622:	80 81       	ld	r24, Z
    3624:	8f 5f       	subi	r24, 0xFF	; 255
    3626:	8f 73       	andi	r24, 0x3F	; 63
    3628:	80 83       	st	Z, r24
    362a:	32 96       	adiw	r30, 0x02	; 2
    362c:	80 81       	ld	r24, Z
    362e:	8f 5f       	subi	r24, 0xFF	; 255
    3630:	80 83       	st	Z, r24
    3632:	9f bf       	out	0x3f, r25	; 63
    3634:	08 95       	ret

00003636 <rbuffer_remove>:
    3636:	fc 01       	movw	r30, r24
    3638:	ef 5b       	subi	r30, 0xBF	; 191
    363a:	ff 4f       	sbci	r31, 0xFF	; 255
    363c:	20 81       	ld	r18, Z
    363e:	dc 01       	movw	r26, r24
    3640:	a2 0f       	add	r26, r18
    3642:	b1 1d       	adc	r27, r1
    3644:	3c 91       	ld	r19, X
    3646:	4f b7       	in	r20, 0x3f	; 63
    3648:	f8 94       	cli
    364a:	20 81       	ld	r18, Z
    364c:	2f 5f       	subi	r18, 0xFF	; 255
    364e:	2f 73       	andi	r18, 0x3F	; 63
    3650:	20 83       	st	Z, r18
    3652:	31 96       	adiw	r30, 0x01	; 1
    3654:	90 81       	ld	r25, Z
    3656:	91 50       	subi	r25, 0x01	; 1
    3658:	90 83       	st	Z, r25
    365a:	4f bf       	out	0x3f, r20	; 63
    365c:	83 2f       	mov	r24, r19
    365e:	08 95       	ret

00003660 <usart0_init>:
    3660:	80 91 f5 01 	lds	r24, 0x01F5	; 0x8001f5 <p_UART0_meta>
    3664:	90 91 f6 01 	lds	r25, 0x01F6	; 0x8001f6 <p_UART0_meta+0x1>
    3668:	8d 5b       	subi	r24, 0xBD	; 189
    366a:	9f 4f       	sbci	r25, 0xFF	; 255
    366c:	0e 94 f3 1a 	call	0x35e6	; 0x35e6 <rbuffer_init>
    3670:	80 91 f5 01 	lds	r24, 0x01F5	; 0x8001f5 <p_UART0_meta>
    3674:	90 91 f6 01 	lds	r25, 0x01F6	; 0x8001f6 <p_UART0_meta+0x1>
    3678:	0e 94 f3 1a 	call	0x35e6	; 0x35e6 <rbuffer_init>
    367c:	10 92 90 00 	sts	0x0090, r1	; 0x800090 <__TEXT_REGION_LENGTH__+0x7f0090>
    3680:	83 e3       	ldi	r24, 0x33	; 51
    3682:	89 b9       	out	0x09, r24	; 9
    3684:	8a b1       	in	r24, 0x0a	; 10
    3686:	88 69       	ori	r24, 0x98	; 152
    3688:	8a b9       	out	0x0a, r24	; 10
    368a:	e5 e9       	ldi	r30, 0x95	; 149
    368c:	f0 e0       	ldi	r31, 0x00	; 0
    368e:	80 81       	ld	r24, Z
    3690:	86 60       	ori	r24, 0x06	; 6
    3692:	80 83       	st	Z, r24
    3694:	78 94       	sei
    3696:	08 95       	ret

00003698 <usart0_send_char>:
    3698:	60 91 f5 01 	lds	r22, 0x01F5	; 0x8001f5 <p_UART0_meta>
    369c:	70 91 f6 01 	lds	r23, 0x01F6	; 0x8001f6 <p_UART0_meta+0x1>
    36a0:	fb 01       	movw	r30, r22
    36a2:	eb 57       	subi	r30, 0x7B	; 123
    36a4:	ff 4f       	sbci	r31, 0xFF	; 255
    36a6:	90 81       	ld	r25, Z
    36a8:	90 34       	cpi	r25, 0x40	; 64
    36aa:	e9 f3       	breq	.-6      	; 0x36a6 <usart0_send_char+0xe>
    36ac:	6d 5b       	subi	r22, 0xBD	; 189
    36ae:	7f 4f       	sbci	r23, 0xFF	; 255
    36b0:	0e 94 07 1b 	call	0x360e	; 0x360e <rbuffer_insert>
    36b4:	55 9a       	sbi	0x0a, 5	; 10
    36b6:	08 95       	ret

000036b8 <usart0_send_string>:
    36b8:	cf 93       	push	r28
    36ba:	df 93       	push	r29
    36bc:	ec 01       	movw	r28, r24
    36be:	88 81       	ld	r24, Y
    36c0:	88 23       	and	r24, r24
    36c2:	31 f0       	breq	.+12     	; 0x36d0 <usart0_send_string+0x18>
    36c4:	21 96       	adiw	r28, 0x01	; 1
    36c6:	0e 94 4c 1b 	call	0x3698	; 0x3698 <usart0_send_char>
    36ca:	89 91       	ld	r24, Y+
    36cc:	81 11       	cpse	r24, r1
    36ce:	fb cf       	rjmp	.-10     	; 0x36c6 <usart0_send_string+0xe>
    36d0:	df 91       	pop	r29
    36d2:	cf 91       	pop	r28
    36d4:	08 95       	ret

000036d6 <usart0_send_array>:
    36d6:	0f 93       	push	r16
    36d8:	1f 93       	push	r17
    36da:	cf 93       	push	r28
    36dc:	df 93       	push	r29
    36de:	66 23       	and	r22, r22
    36e0:	71 f0       	breq	.+28     	; 0x36fe <usart0_send_array+0x28>
    36e2:	ec 01       	movw	r28, r24
    36e4:	61 50       	subi	r22, 0x01	; 1
    36e6:	06 2f       	mov	r16, r22
    36e8:	10 e0       	ldi	r17, 0x00	; 0
    36ea:	0f 5f       	subi	r16, 0xFF	; 255
    36ec:	1f 4f       	sbci	r17, 0xFF	; 255
    36ee:	08 0f       	add	r16, r24
    36f0:	19 1f       	adc	r17, r25
    36f2:	89 91       	ld	r24, Y+
    36f4:	0e 94 4c 1b 	call	0x3698	; 0x3698 <usart0_send_char>
    36f8:	c0 17       	cp	r28, r16
    36fa:	d1 07       	cpc	r29, r17
    36fc:	d1 f7       	brne	.-12     	; 0x36f2 <usart0_send_array+0x1c>
    36fe:	df 91       	pop	r29
    3700:	cf 91       	pop	r28
    3702:	1f 91       	pop	r17
    3704:	0f 91       	pop	r16
    3706:	08 95       	ret

00003708 <usart0_send_string_P>:
    3708:	cf 93       	push	r28
    370a:	df 93       	push	r29
    370c:	ec 01       	movw	r28, r24
    370e:	21 96       	adiw	r28, 0x01	; 1
    3710:	fc 01       	movw	r30, r24
    3712:	84 91       	lpm	r24, Z
    3714:	88 23       	and	r24, r24
    3716:	39 f0       	breq	.+14     	; 0x3726 <usart0_send_string_P+0x1e>
    3718:	0e 94 4c 1b 	call	0x3698	; 0x3698 <usart0_send_char>
    371c:	fe 01       	movw	r30, r28
    371e:	84 91       	lpm	r24, Z
    3720:	21 96       	adiw	r28, 0x01	; 1
    3722:	81 11       	cpse	r24, r1
    3724:	f9 cf       	rjmp	.-14     	; 0x3718 <usart0_send_string_P+0x10>
    3726:	df 91       	pop	r29
    3728:	cf 91       	pop	r28
    372a:	08 95       	ret

0000372c <uart_get_uart0_rx_buffer_address>:
    372c:	80 91 f5 01 	lds	r24, 0x01F5	; 0x8001f5 <p_UART0_meta>
    3730:	90 91 f6 01 	lds	r25, 0x01F6	; 0x8001f6 <p_UART0_meta+0x1>
    3734:	08 95       	ret

00003736 <usart1_init>:
    3736:	80 91 f3 01 	lds	r24, 0x01F3	; 0x8001f3 <p_UART1_meta>
    373a:	90 91 f4 01 	lds	r25, 0x01F4	; 0x8001f4 <p_UART1_meta+0x1>
    373e:	8d 5b       	subi	r24, 0xBD	; 189
    3740:	9f 4f       	sbci	r25, 0xFF	; 255
    3742:	0e 94 f3 1a 	call	0x35e6	; 0x35e6 <rbuffer_init>
    3746:	80 91 f3 01 	lds	r24, 0x01F3	; 0x8001f3 <p_UART1_meta>
    374a:	90 91 f4 01 	lds	r25, 0x01F4	; 0x8001f4 <p_UART1_meta+0x1>
    374e:	0e 94 f3 1a 	call	0x35e6	; 0x35e6 <rbuffer_init>
    3752:	10 92 98 00 	sts	0x0098, r1	; 0x800098 <__TEXT_REGION_LENGTH__+0x7f0098>
    3756:	89 e1       	ldi	r24, 0x19	; 25
    3758:	80 93 99 00 	sts	0x0099, r24	; 0x800099 <__TEXT_REGION_LENGTH__+0x7f0099>
    375c:	ea e9       	ldi	r30, 0x9A	; 154
    375e:	f0 e0       	ldi	r31, 0x00	; 0
    3760:	80 81       	ld	r24, Z
    3762:	88 69       	ori	r24, 0x98	; 152
    3764:	80 83       	st	Z, r24
    3766:	ed e9       	ldi	r30, 0x9D	; 157
    3768:	f0 e0       	ldi	r31, 0x00	; 0
    376a:	80 81       	ld	r24, Z
    376c:	86 60       	ori	r24, 0x06	; 6
    376e:	80 83       	st	Z, r24
    3770:	eb e9       	ldi	r30, 0x9B	; 155
    3772:	f0 e0       	ldi	r31, 0x00	; 0
    3774:	80 81       	ld	r24, Z
    3776:	82 60       	ori	r24, 0x02	; 2
    3778:	80 83       	st	Z, r24
    377a:	08 95       	ret

0000377c <usart1_send_char>:
    377c:	60 91 f3 01 	lds	r22, 0x01F3	; 0x8001f3 <p_UART1_meta>
    3780:	70 91 f4 01 	lds	r23, 0x01F4	; 0x8001f4 <p_UART1_meta+0x1>
    3784:	fb 01       	movw	r30, r22
    3786:	eb 57       	subi	r30, 0x7B	; 123
    3788:	ff 4f       	sbci	r31, 0xFF	; 255
    378a:	90 81       	ld	r25, Z
    378c:	90 34       	cpi	r25, 0x40	; 64
    378e:	e9 f3       	breq	.-6      	; 0x378a <usart1_send_char+0xe>
    3790:	6d 5b       	subi	r22, 0xBD	; 189
    3792:	7f 4f       	sbci	r23, 0xFF	; 255
    3794:	0e 94 07 1b 	call	0x360e	; 0x360e <rbuffer_insert>
    3798:	ea e9       	ldi	r30, 0x9A	; 154
    379a:	f0 e0       	ldi	r31, 0x00	; 0
    379c:	80 81       	ld	r24, Z
    379e:	80 62       	ori	r24, 0x20	; 32
    37a0:	80 83       	st	Z, r24
    37a2:	08 95       	ret

000037a4 <usart1_send_array>:
    37a4:	0f 93       	push	r16
    37a6:	1f 93       	push	r17
    37a8:	cf 93       	push	r28
    37aa:	df 93       	push	r29
    37ac:	66 23       	and	r22, r22
    37ae:	71 f0       	breq	.+28     	; 0x37cc <usart1_send_array+0x28>
    37b0:	ec 01       	movw	r28, r24
    37b2:	61 50       	subi	r22, 0x01	; 1
    37b4:	06 2f       	mov	r16, r22
    37b6:	10 e0       	ldi	r17, 0x00	; 0
    37b8:	0f 5f       	subi	r16, 0xFF	; 255
    37ba:	1f 4f       	sbci	r17, 0xFF	; 255
    37bc:	08 0f       	add	r16, r24
    37be:	19 1f       	adc	r17, r25
    37c0:	89 91       	ld	r24, Y+
    37c2:	0e 94 be 1b 	call	0x377c	; 0x377c <usart1_send_char>
    37c6:	c0 17       	cp	r28, r16
    37c8:	d1 07       	cpc	r29, r17
    37ca:	d1 f7       	brne	.-12     	; 0x37c0 <usart1_send_array+0x1c>
    37cc:	df 91       	pop	r29
    37ce:	cf 91       	pop	r28
    37d0:	1f 91       	pop	r17
    37d2:	0f 91       	pop	r16
    37d4:	08 95       	ret

000037d6 <uart_get_uart1_rx_buffer_address>:


volatile ringbuffer_t * uart_get_uart1_rx_buffer_address(void)
{
	return &(p_UART1_meta->rb_rx);
}
    37d6:	80 91 f3 01 	lds	r24, 0x01F3	; 0x8001f3 <p_UART1_meta>
    37da:	90 91 f4 01 	lds	r25, 0x01F4	; 0x8001f4 <p_UART1_meta+0x1>
    37de:	08 95       	ret

000037e0 <__vector_18>:

// ---- ---- ---- ---- ---- ---- ---- ---- ---- ---- ---- ---- ---- ----
// ISR FUNCTIONS
#ifdef USART0_ENABLE

ISR(USART0_RX_vect) {
    37e0:	1f 92       	push	r1
    37e2:	0f 92       	push	r0
    37e4:	0f b6       	in	r0, 0x3f	; 63
    37e6:	0f 92       	push	r0
    37e8:	11 24       	eor	r1, r1
    37ea:	2f 93       	push	r18
    37ec:	3f 93       	push	r19
    37ee:	4f 93       	push	r20
    37f0:	5f 93       	push	r21
    37f2:	6f 93       	push	r22
    37f4:	7f 93       	push	r23
    37f6:	8f 93       	push	r24
    37f8:	9f 93       	push	r25
    37fa:	af 93       	push	r26
    37fc:	bf 93       	push	r27
    37fe:	ef 93       	push	r30
    3800:	ff 93       	push	r31
	
   char	data = UDR0;
    3802:	8c b1       	in	r24, 0x0c	; 12

    if(!rbuffer_full(&p_UART0_meta->rb_rx)) {
    3804:	60 91 f5 01 	lds	r22, 0x01F5	; 0x8001f5 <p_UART0_meta>
    3808:	70 91 f6 01 	lds	r23, 0x01F6	; 0x8001f6 <p_UART0_meta+0x1>
uint8_t rbuffer_count(volatile ringbuffer_t* rb) {
    return rb->count;
}

bool rbuffer_full(volatile ringbuffer_t* rb) {
    return (rb->count == (uint8_t)RBUFFER_SIZE);
    380c:	fb 01       	movw	r30, r22
    380e:	ee 5b       	subi	r30, 0xBE	; 190
    3810:	ff 4f       	sbci	r31, 0xFF	; 255
    3812:	90 81       	ld	r25, Z

ISR(USART0_RX_vect) {
	
   char	data = UDR0;

    if(!rbuffer_full(&p_UART0_meta->rb_rx)) {
    3814:	90 34       	cpi	r25, 0x40	; 64
    3816:	71 f0       	breq	.+28     	; 0x3834 <__vector_18+0x54>
	    rbuffer_insert(data, &p_UART0_meta->rb_rx);
    3818:	0e 94 07 1b 	call	0x360e	; 0x360e <rbuffer_insert>
	    p_UART0_meta->usart_error = UCSR0A & USART_RX_ERROR_MASK ;
    381c:	e0 91 f5 01 	lds	r30, 0x01F5	; 0x8001f5 <p_UART0_meta>
    3820:	f0 91 f6 01 	lds	r31, 0x01F6	; 0x8001f6 <p_UART0_meta+0x1>
    3824:	8b b1       	in	r24, 0x0b	; 11
    3826:	8c 71       	andi	r24, 0x1C	; 28
    3828:	90 e0       	ldi	r25, 0x00	; 0
    382a:	ea 57       	subi	r30, 0x7A	; 122
    382c:	ff 4f       	sbci	r31, 0xFF	; 255
    382e:	91 83       	std	Z+1, r25	; 0x01
    3830:	80 83       	st	Z, r24
    3832:	09 c0       	rjmp	.+18     	; 0x3846 <__vector_18+0x66>

    }
    else {
	    p_UART0_meta->usart_error = ((UCSR0A & USART_RX_ERROR_MASK) | USART_BUFFER_OVERFLOW>>8);
    3834:	8b b1       	in	r24, 0x0b	; 11
    3836:	8c 71       	andi	r24, 0x1C	; 28
    3838:	81 60       	ori	r24, 0x01	; 1
    383a:	90 e0       	ldi	r25, 0x00	; 0
    383c:	fb 01       	movw	r30, r22
    383e:	ea 57       	subi	r30, 0x7A	; 122
    3840:	ff 4f       	sbci	r31, 0xFF	; 255
    3842:	91 83       	std	Z+1, r25	; 0x01
    3844:	80 83       	st	Z, r24
    }   
}
    3846:	ff 91       	pop	r31
    3848:	ef 91       	pop	r30
    384a:	bf 91       	pop	r27
    384c:	af 91       	pop	r26
    384e:	9f 91       	pop	r25
    3850:	8f 91       	pop	r24
    3852:	7f 91       	pop	r23
    3854:	6f 91       	pop	r22
    3856:	5f 91       	pop	r21
    3858:	4f 91       	pop	r20
    385a:	3f 91       	pop	r19
    385c:	2f 91       	pop	r18
    385e:	0f 90       	pop	r0
    3860:	0f be       	out	0x3f, r0	; 63
    3862:	0f 90       	pop	r0
    3864:	1f 90       	pop	r1
    3866:	18 95       	reti

00003868 <__vector_19>:
ISR(USART0_UDRE_vect) {
    3868:	1f 92       	push	r1
    386a:	0f 92       	push	r0
    386c:	0f b6       	in	r0, 0x3f	; 63
    386e:	0f 92       	push	r0
    3870:	11 24       	eor	r1, r1
    3872:	2f 93       	push	r18
    3874:	3f 93       	push	r19
    3876:	4f 93       	push	r20
    3878:	5f 93       	push	r21
    387a:	6f 93       	push	r22
    387c:	7f 93       	push	r23
    387e:	8f 93       	push	r24
    3880:	9f 93       	push	r25
    3882:	af 93       	push	r26
    3884:	bf 93       	push	r27
    3886:	ef 93       	push	r30
    3888:	ff 93       	push	r31
    if(!rbuffer_empty(&p_UART0_meta->rb_tx)) {
    388a:	80 91 f5 01 	lds	r24, 0x01F5	; 0x8001f5 <p_UART0_meta>
    388e:	90 91 f6 01 	lds	r25, 0x01F6	; 0x8001f6 <p_UART0_meta+0x1>
bool rbuffer_full(volatile ringbuffer_t* rb) {
    return (rb->count == (uint8_t)RBUFFER_SIZE);
}

bool rbuffer_empty(volatile ringbuffer_t* rb) {
    return (rb->count == 0);
    3892:	fc 01       	movw	r30, r24
    3894:	eb 57       	subi	r30, 0x7B	; 123
    3896:	ff 4f       	sbci	r31, 0xFF	; 255
    3898:	20 81       	ld	r18, Z
    else {
	    p_UART0_meta->usart_error = ((UCSR0A & USART_RX_ERROR_MASK) | USART_BUFFER_OVERFLOW>>8);
    }   
}
ISR(USART0_UDRE_vect) {
    if(!rbuffer_empty(&p_UART0_meta->rb_tx)) {
    389a:	22 23       	and	r18, r18
    389c:	31 f0       	breq	.+12     	; 0x38aa <__vector_19+0x42>
	    UDR0 = rbuffer_remove(&p_UART0_meta->rb_tx);
    389e:	8d 5b       	subi	r24, 0xBD	; 189
    38a0:	9f 4f       	sbci	r25, 0xFF	; 255
    38a2:	0e 94 1b 1b 	call	0x3636	; 0x3636 <rbuffer_remove>
    38a6:	8c b9       	out	0x0c, r24	; 12
    38a8:	01 c0       	rjmp	.+2      	; 0x38ac <__vector_19+0x44>
    }
    else {
	    UCSR0B &= ~(1 << UDRE);                   // Enable Tx buffer empty interrupt 
    38aa:	55 98       	cbi	0x0a, 5	; 10
    }
}
    38ac:	ff 91       	pop	r31
    38ae:	ef 91       	pop	r30
    38b0:	bf 91       	pop	r27
    38b2:	af 91       	pop	r26
    38b4:	9f 91       	pop	r25
    38b6:	8f 91       	pop	r24
    38b8:	7f 91       	pop	r23
    38ba:	6f 91       	pop	r22
    38bc:	5f 91       	pop	r21
    38be:	4f 91       	pop	r20
    38c0:	3f 91       	pop	r19
    38c2:	2f 91       	pop	r18
    38c4:	0f 90       	pop	r0
    38c6:	0f be       	out	0x3f, r0	; 63
    38c8:	0f 90       	pop	r0
    38ca:	1f 90       	pop	r1
    38cc:	18 95       	reti

000038ce <__vector_30>:
#endif

#ifdef USART1_ENABLE
ISR(USART1_RX_vect) {
    38ce:	1f 92       	push	r1
    38d0:	0f 92       	push	r0
    38d2:	0f b6       	in	r0, 0x3f	; 63
    38d4:	0f 92       	push	r0
    38d6:	11 24       	eor	r1, r1
    38d8:	2f 93       	push	r18
    38da:	3f 93       	push	r19
    38dc:	4f 93       	push	r20
    38de:	5f 93       	push	r21
    38e0:	6f 93       	push	r22
    38e2:	7f 93       	push	r23
    38e4:	8f 93       	push	r24
    38e6:	9f 93       	push	r25
    38e8:	af 93       	push	r26
    38ea:	bf 93       	push	r27
    38ec:	ef 93       	push	r30
    38ee:	ff 93       	push	r31
	
   char	data = UDR1;
    38f0:	80 91 9c 00 	lds	r24, 0x009C	; 0x80009c <__TEXT_REGION_LENGTH__+0x7f009c>
    if(!rbuffer_full(&p_UART1_meta->rb_rx)) {
    38f4:	60 91 f3 01 	lds	r22, 0x01F3	; 0x8001f3 <p_UART1_meta>
    38f8:	70 91 f4 01 	lds	r23, 0x01F4	; 0x8001f4 <p_UART1_meta+0x1>
uint8_t rbuffer_count(volatile ringbuffer_t* rb) {
    return rb->count;
}

bool rbuffer_full(volatile ringbuffer_t* rb) {
    return (rb->count == (uint8_t)RBUFFER_SIZE);
    38fc:	fb 01       	movw	r30, r22
    38fe:	ee 5b       	subi	r30, 0xBE	; 190
    3900:	ff 4f       	sbci	r31, 0xFF	; 255
    3902:	90 81       	ld	r25, Z

#ifdef USART1_ENABLE
ISR(USART1_RX_vect) {
	
   char	data = UDR1;
    if(!rbuffer_full(&p_UART1_meta->rb_rx)) {
    3904:	90 34       	cpi	r25, 0x40	; 64
    3906:	79 f0       	breq	.+30     	; 0x3926 <__vector_30+0x58>
	    rbuffer_insert(data, &p_UART1_meta->rb_rx);
    3908:	0e 94 07 1b 	call	0x360e	; 0x360e <rbuffer_insert>
	    p_UART1_meta->usart_error = UCSR1A & USART_RX_ERROR_MASK ;
    390c:	e0 91 f3 01 	lds	r30, 0x01F3	; 0x8001f3 <p_UART1_meta>
    3910:	f0 91 f4 01 	lds	r31, 0x01F4	; 0x8001f4 <p_UART1_meta+0x1>
    3914:	80 91 9b 00 	lds	r24, 0x009B	; 0x80009b <__TEXT_REGION_LENGTH__+0x7f009b>
    3918:	8c 71       	andi	r24, 0x1C	; 28
    391a:	90 e0       	ldi	r25, 0x00	; 0
    391c:	ea 57       	subi	r30, 0x7A	; 122
    391e:	ff 4f       	sbci	r31, 0xFF	; 255
    3920:	91 83       	std	Z+1, r25	; 0x01
    3922:	80 83       	st	Z, r24
    3924:	0a c0       	rjmp	.+20     	; 0x393a <__vector_30+0x6c>

    }
    else {
	    p_UART1_meta->usart_error = ((UCSR1A & USART_RX_ERROR_MASK) | USART_BUFFER_OVERFLOW);
    3926:	80 91 9b 00 	lds	r24, 0x009B	; 0x80009b <__TEXT_REGION_LENGTH__+0x7f009b>
    392a:	8c 71       	andi	r24, 0x1C	; 28
    392c:	90 e0       	ldi	r25, 0x00	; 0
    392e:	91 60       	ori	r25, 0x01	; 1
    3930:	fb 01       	movw	r30, r22
    3932:	ea 57       	subi	r30, 0x7A	; 122
    3934:	ff 4f       	sbci	r31, 0xFF	; 255
    3936:	91 83       	std	Z+1, r25	; 0x01
    3938:	80 83       	st	Z, r24
    }   
}
    393a:	ff 91       	pop	r31
    393c:	ef 91       	pop	r30
    393e:	bf 91       	pop	r27
    3940:	af 91       	pop	r26
    3942:	9f 91       	pop	r25
    3944:	8f 91       	pop	r24
    3946:	7f 91       	pop	r23
    3948:	6f 91       	pop	r22
    394a:	5f 91       	pop	r21
    394c:	4f 91       	pop	r20
    394e:	3f 91       	pop	r19
    3950:	2f 91       	pop	r18
    3952:	0f 90       	pop	r0
    3954:	0f be       	out	0x3f, r0	; 63
    3956:	0f 90       	pop	r0
    3958:	1f 90       	pop	r1
    395a:	18 95       	reti

0000395c <__vector_31>:
ISR(USART1_UDRE_vect) {
    395c:	1f 92       	push	r1
    395e:	0f 92       	push	r0
    3960:	0f b6       	in	r0, 0x3f	; 63
    3962:	0f 92       	push	r0
    3964:	11 24       	eor	r1, r1
    3966:	2f 93       	push	r18
    3968:	3f 93       	push	r19
    396a:	4f 93       	push	r20
    396c:	5f 93       	push	r21
    396e:	6f 93       	push	r22
    3970:	7f 93       	push	r23
    3972:	8f 93       	push	r24
    3974:	9f 93       	push	r25
    3976:	af 93       	push	r26
    3978:	bf 93       	push	r27
    397a:	ef 93       	push	r30
    397c:	ff 93       	push	r31
    if(!rbuffer_empty(&p_UART1_meta->rb_tx)) {
    397e:	80 91 f3 01 	lds	r24, 0x01F3	; 0x8001f3 <p_UART1_meta>
    3982:	90 91 f4 01 	lds	r25, 0x01F4	; 0x8001f4 <p_UART1_meta+0x1>
bool rbuffer_full(volatile ringbuffer_t* rb) {
    return (rb->count == (uint8_t)RBUFFER_SIZE);
}

bool rbuffer_empty(volatile ringbuffer_t* rb) {
    return (rb->count == 0);
    3986:	fc 01       	movw	r30, r24
    3988:	eb 57       	subi	r30, 0x7B	; 123
    398a:	ff 4f       	sbci	r31, 0xFF	; 255
    398c:	20 81       	ld	r18, Z
    else {
	    p_UART1_meta->usart_error = ((UCSR1A & USART_RX_ERROR_MASK) | USART_BUFFER_OVERFLOW);
    }   
}
ISR(USART1_UDRE_vect) {
    if(!rbuffer_empty(&p_UART1_meta->rb_tx)) {
    398e:	22 23       	and	r18, r18
    3990:	39 f0       	breq	.+14     	; 0x39a0 <__vector_31+0x44>
	    UDR1 = rbuffer_remove(&p_UART1_meta->rb_tx);
    3992:	8d 5b       	subi	r24, 0xBD	; 189
    3994:	9f 4f       	sbci	r25, 0xFF	; 255
    3996:	0e 94 1b 1b 	call	0x3636	; 0x3636 <rbuffer_remove>
    399a:	80 93 9c 00 	sts	0x009C, r24	; 0x80009c <__TEXT_REGION_LENGTH__+0x7f009c>
    399e:	05 c0       	rjmp	.+10     	; 0x39aa <__vector_31+0x4e>
		
    }
    else {
	    UCSR1B &= ~(1 << UDRE);                   // Enable Tx buffer empty interrupt 
    39a0:	ea e9       	ldi	r30, 0x9A	; 154
    39a2:	f0 e0       	ldi	r31, 0x00	; 0
    39a4:	80 81       	ld	r24, Z
    39a6:	8f 7d       	andi	r24, 0xDF	; 223
    39a8:	80 83       	st	Z, r24
    }
}
    39aa:	ff 91       	pop	r31
    39ac:	ef 91       	pop	r30
    39ae:	bf 91       	pop	r27
    39b0:	af 91       	pop	r26
    39b2:	9f 91       	pop	r25
    39b4:	8f 91       	pop	r24
    39b6:	7f 91       	pop	r23
    39b8:	6f 91       	pop	r22
    39ba:	5f 91       	pop	r21
    39bc:	4f 91       	pop	r20
    39be:	3f 91       	pop	r19
    39c0:	2f 91       	pop	r18
    39c2:	0f 90       	pop	r0
    39c4:	0f be       	out	0x3f, r0	; 63
    39c6:	0f 90       	pop	r0
    39c8:	1f 90       	pop	r1
    39ca:	18 95       	reti

000039cc <UARTvprintf>:
//! \return None.
//
//*****************************************************************************
void
UARTvprintf(const char *pcString, va_list vaArgP)
{
    39cc:	2f 92       	push	r2
    39ce:	3f 92       	push	r3
    39d0:	4f 92       	push	r4
    39d2:	5f 92       	push	r5
    39d4:	6f 92       	push	r6
    39d6:	7f 92       	push	r7
    39d8:	8f 92       	push	r8
    39da:	9f 92       	push	r9
    39dc:	af 92       	push	r10
    39de:	bf 92       	push	r11
    39e0:	cf 92       	push	r12
    39e2:	df 92       	push	r13
    39e4:	ef 92       	push	r14
    39e6:	ff 92       	push	r15
    39e8:	0f 93       	push	r16
    39ea:	1f 93       	push	r17
    39ec:	cf 93       	push	r28
    39ee:	df 93       	push	r29
    39f0:	cd b7       	in	r28, 0x3d	; 61
    39f2:	de b7       	in	r29, 0x3e	; 62
    39f4:	aa 97       	sbiw	r28, 0x2a	; 42
    39f6:	0f b6       	in	r0, 0x3f	; 63
    39f8:	f8 94       	cli
    39fa:	de bf       	out	0x3e, r29	; 62
    39fc:	0f be       	out	0x3f, r0	; 63
    39fe:	cd bf       	out	0x3d, r28	; 61
    3a00:	8c 01       	movw	r16, r24
    3a02:	7a a7       	std	Y+42, r23	; 0x2a
    3a04:	69 a7       	std	Y+41, r22	; 0x29
                    //
                    // Convert the value into a string.
                    //
                    for(; ui32Idx; ui32Idx /= ui32Base)
                    {
                        pcBuf[ui32Pos++] =
    3a06:	6e 01       	movw	r12, r28
    3a08:	89 e1       	ldi	r24, 0x19	; 25
    3a0a:	c8 0e       	add	r12, r24
    3a0c:	d1 1c       	adc	r13, r1
    3a0e:	2c 2c       	mov	r2, r12
    3a10:	3d 2c       	mov	r3, r13
    char *pcStr, pcBuf[16], cFill;

    //
    // Loop while there are more characters in the string.
    //
    while(*pcString)
    3a12:	17 c3       	rjmp	.+1582   	; 0x4042 <UARTvprintf+0x676>
    {
        //
        // Find the first non-% character, or the end of the string.
        //
        for(ui32Idx = 0;
    3a14:	19 82       	std	Y+1, r1	; 0x01
    3a16:	1a 82       	std	Y+2, r1	; 0x02
    3a18:	1b 82       	std	Y+3, r1	; 0x03
    3a1a:	1c 82       	std	Y+4, r1	; 0x04
            (pcString[ui32Idx] != '%') && (pcString[ui32Idx] != '\0');
    3a1c:	89 81       	ldd	r24, Y+1	; 0x01
    3a1e:	9a 81       	ldd	r25, Y+2	; 0x02
    3a20:	ab 81       	ldd	r26, Y+3	; 0x03
    3a22:	bc 81       	ldd	r27, Y+4	; 0x04
    3a24:	f8 01       	movw	r30, r16
    3a26:	e8 0f       	add	r30, r24
    3a28:	f9 1f       	adc	r31, r25
    while(*pcString)
    {
        //
        // Find the first non-% character, or the end of the string.
        //
        for(ui32Idx = 0;
    3a2a:	80 81       	ld	r24, Z
    3a2c:	85 32       	cpi	r24, 0x25	; 37
    3a2e:	49 f1       	breq	.+82     	; 0x3a82 <UARTvprintf+0xb6>
            (pcString[ui32Idx] != '%') && (pcString[ui32Idx] != '\0');
    3a30:	89 81       	ldd	r24, Y+1	; 0x01
    3a32:	9a 81       	ldd	r25, Y+2	; 0x02
    3a34:	ab 81       	ldd	r26, Y+3	; 0x03
    3a36:	bc 81       	ldd	r27, Y+4	; 0x04
    3a38:	f8 01       	movw	r30, r16
    3a3a:	e8 0f       	add	r30, r24
    3a3c:	f9 1f       	adc	r31, r25
    3a3e:	80 81       	ld	r24, Z
    3a40:	88 23       	and	r24, r24
    3a42:	f9 f0       	breq	.+62     	; 0x3a82 <UARTvprintf+0xb6>
            ui32Idx++)
    3a44:	89 81       	ldd	r24, Y+1	; 0x01
    3a46:	9a 81       	ldd	r25, Y+2	; 0x02
    3a48:	ab 81       	ldd	r26, Y+3	; 0x03
    3a4a:	bc 81       	ldd	r27, Y+4	; 0x04
    3a4c:	01 96       	adiw	r24, 0x01	; 1
    3a4e:	a1 1d       	adc	r26, r1
    3a50:	b1 1d       	adc	r27, r1
    3a52:	89 83       	std	Y+1, r24	; 0x01
    3a54:	9a 83       	std	Y+2, r25	; 0x02
    3a56:	ab 83       	std	Y+3, r26	; 0x03
    3a58:	bc 83       	std	Y+4, r27	; 0x04
    {
        //
        // Find the first non-% character, or the end of the string.
        //
        for(ui32Idx = 0;
            (pcString[ui32Idx] != '%') && (pcString[ui32Idx] != '\0');
    3a5a:	89 81       	ldd	r24, Y+1	; 0x01
    3a5c:	9a 81       	ldd	r25, Y+2	; 0x02
    3a5e:	ab 81       	ldd	r26, Y+3	; 0x03
    3a60:	bc 81       	ldd	r27, Y+4	; 0x04
    3a62:	f8 01       	movw	r30, r16
    3a64:	e8 0f       	add	r30, r24
    3a66:	f9 1f       	adc	r31, r25
    while(*pcString)
    {
        //
        // Find the first non-% character, or the end of the string.
        //
        for(ui32Idx = 0;
    3a68:	80 81       	ld	r24, Z
    3a6a:	85 32       	cpi	r24, 0x25	; 37
    3a6c:	51 f0       	breq	.+20     	; 0x3a82 <UARTvprintf+0xb6>
            (pcString[ui32Idx] != '%') && (pcString[ui32Idx] != '\0');
    3a6e:	89 81       	ldd	r24, Y+1	; 0x01
    3a70:	9a 81       	ldd	r25, Y+2	; 0x02
    3a72:	ab 81       	ldd	r26, Y+3	; 0x03
    3a74:	bc 81       	ldd	r27, Y+4	; 0x04
    3a76:	f8 01       	movw	r30, r16
    3a78:	e8 0f       	add	r30, r24
    3a7a:	f9 1f       	adc	r31, r25
    3a7c:	80 81       	ld	r24, Z
    3a7e:	81 11       	cpse	r24, r1
    3a80:	e1 cf       	rjmp	.-62     	; 0x3a44 <UARTvprintf+0x78>
        }

        //
        // Write this portion of the string.
        //
        CONSOLE_UART_WRITE(pcString, ui32Idx);
    3a82:	69 81       	ldd	r22, Y+1	; 0x01
    3a84:	7a 81       	ldd	r23, Y+2	; 0x02
    3a86:	8b 81       	ldd	r24, Y+3	; 0x03
    3a88:	9c 81       	ldd	r25, Y+4	; 0x04
    3a8a:	c8 01       	movw	r24, r16
    3a8c:	0e 94 6b 1b 	call	0x36d6	; 0x36d6 <usart0_send_array>

        //
        // Skip the portion of the string that was written.
        //
        pcString += ui32Idx;
    3a90:	89 81       	ldd	r24, Y+1	; 0x01
    3a92:	9a 81       	ldd	r25, Y+2	; 0x02
    3a94:	ab 81       	ldd	r26, Y+3	; 0x03
    3a96:	bc 81       	ldd	r27, Y+4	; 0x04
    3a98:	08 0f       	add	r16, r24
    3a9a:	19 1f       	adc	r17, r25

        //
        // See if the next character is a %.
        //
        if(*pcString == '%')
    3a9c:	d8 01       	movw	r26, r16
    3a9e:	8c 91       	ld	r24, X
    3aa0:	85 32       	cpi	r24, 0x25	; 37
    3aa2:	09 f0       	breq	.+2      	; 0x3aa6 <UARTvprintf+0xda>
    3aa4:	ce c2       	rjmp	.+1436   	; 0x4042 <UARTvprintf+0x676>
        {
            //
            // Skip the %.
            //
            pcString++;
    3aa6:	11 96       	adiw	r26, 0x01	; 1

            //
            // Set the digit count to zero, and the fill character to space
            // (in other words, to the defaults).
            //
            ui32Count = 0;
    3aa8:	1d 86       	std	Y+13, r1	; 0x0d
    3aaa:	1e 86       	std	Y+14, r1	; 0x0e
    3aac:	1f 86       	std	Y+15, r1	; 0x0f
    3aae:	18 8a       	std	Y+16, r1	; 0x10
            cFill = ' ';
    3ab0:	68 94       	set
    3ab2:	ff 24       	eor	r15, r15
    3ab4:	f5 f8       	bld	r15, 5
again:

            //
            // Determine how to handle the next character.
            //
            switch(*pcString++)
    3ab6:	8d 01       	movw	r16, r26
    3ab8:	0f 5f       	subi	r16, 0xFF	; 255
    3aba:	1f 4f       	sbci	r17, 0xFF	; 255
    3abc:	2c 91       	ld	r18, X
    3abe:	42 2f       	mov	r20, r18
    3ac0:	02 2e       	mov	r0, r18
    3ac2:	00 0c       	add	r0, r0
    3ac4:	55 0b       	sbc	r21, r21
    3ac6:	66 0b       	sbc	r22, r22
    3ac8:	77 0b       	sbc	r23, r23
    3aca:	fa 01       	movw	r30, r20
    3acc:	b5 97       	sbiw	r30, 0x25	; 37
    3ace:	e4 35       	cpi	r30, 0x54	; 84
    3ad0:	f1 05       	cpc	r31, r1
    3ad2:	08 f0       	brcs	.+2      	; 0x3ad6 <UARTvprintf+0x10a>
    3ad4:	ab c2       	rjmp	.+1366   	; 0x402c <UARTvprintf+0x660>
    3ad6:	ee 5d       	subi	r30, 0xDE	; 222
    3ad8:	fe 4f       	sbci	r31, 0xFE	; 254
    3ada:	0c 94 41 30 	jmp	0x6082	; 0x6082 <__tablejump2__>
                {
                    //
                    // If this is a zero, and it is the first digit, then the
                    // fill character is a zero instead of a space.
                    //
                    if((pcString[-1] == '0') && (ui32Count == 0))
    3ade:	20 33       	cpi	r18, 0x30	; 48
    3ae0:	61 f4       	brne	.+24     	; 0x3afa <UARTvprintf+0x12e>
    3ae2:	8d 85       	ldd	r24, Y+13	; 0x0d
    3ae4:	9e 85       	ldd	r25, Y+14	; 0x0e
    3ae6:	af 85       	ldd	r26, Y+15	; 0x0f
    3ae8:	b8 89       	ldd	r27, Y+16	; 0x10
    3aea:	89 2b       	or	r24, r25
    3aec:	8a 2b       	or	r24, r26
    3aee:	8b 2b       	or	r24, r27
    3af0:	21 f4       	brne	.+8      	; 0x3afa <UARTvprintf+0x12e>
                    {
                        cFill = '0';
    3af2:	0f 2e       	mov	r0, r31
    3af4:	f0 e3       	ldi	r31, 0x30	; 48
    3af6:	ff 2e       	mov	r15, r31
    3af8:	f0 2d       	mov	r31, r0
                    }

                    //
                    // Update the digit count.
                    //
                    ui32Count *= 10;
    3afa:	8d 85       	ldd	r24, Y+13	; 0x0d
    3afc:	9e 85       	ldd	r25, Y+14	; 0x0e
    3afe:	af 85       	ldd	r26, Y+15	; 0x0f
    3b00:	b8 89       	ldd	r27, Y+16	; 0x10
    3b02:	88 0f       	add	r24, r24
    3b04:	99 1f       	adc	r25, r25
    3b06:	aa 1f       	adc	r26, r26
    3b08:	bb 1f       	adc	r27, r27
    3b0a:	ac 01       	movw	r20, r24
    3b0c:	bd 01       	movw	r22, r26
    3b0e:	44 0f       	add	r20, r20
    3b10:	55 1f       	adc	r21, r21
    3b12:	66 1f       	adc	r22, r22
    3b14:	77 1f       	adc	r23, r23
    3b16:	44 0f       	add	r20, r20
    3b18:	55 1f       	adc	r21, r21
    3b1a:	66 1f       	adc	r22, r22
    3b1c:	77 1f       	adc	r23, r23
    3b1e:	84 0f       	add	r24, r20
    3b20:	95 1f       	adc	r25, r21
    3b22:	a6 1f       	adc	r26, r22
    3b24:	b7 1f       	adc	r27, r23
    3b26:	8d 87       	std	Y+13, r24	; 0x0d
    3b28:	9e 87       	std	Y+14, r25	; 0x0e
    3b2a:	af 87       	std	Y+15, r26	; 0x0f
    3b2c:	b8 8b       	std	Y+16, r27	; 0x10
                    ui32Count += pcString[-1] - '0';
    3b2e:	4d 85       	ldd	r20, Y+13	; 0x0d
    3b30:	5e 85       	ldd	r21, Y+14	; 0x0e
    3b32:	6f 85       	ldd	r22, Y+15	; 0x0f
    3b34:	78 89       	ldd	r23, Y+16	; 0x10
    3b36:	02 2e       	mov	r0, r18
    3b38:	00 0c       	add	r0, r0
    3b3a:	33 0b       	sbc	r19, r19
    3b3c:	c9 01       	movw	r24, r18
    3b3e:	c0 97       	sbiw	r24, 0x30	; 48
    3b40:	09 2e       	mov	r0, r25
    3b42:	00 0c       	add	r0, r0
    3b44:	aa 0b       	sbc	r26, r26
    3b46:	bb 0b       	sbc	r27, r27
    3b48:	84 0f       	add	r24, r20
    3b4a:	95 1f       	adc	r25, r21
    3b4c:	a6 1f       	adc	r26, r22
    3b4e:	b7 1f       	adc	r27, r23
    3b50:	8d 87       	std	Y+13, r24	; 0x0d
    3b52:	9e 87       	std	Y+14, r25	; 0x0e
    3b54:	af 87       	std	Y+15, r26	; 0x0f
    3b56:	b8 8b       	std	Y+16, r27	; 0x10
again:

            //
            // Determine how to handle the next character.
            //
            switch(*pcString++)
    3b58:	d8 01       	movw	r26, r16
                    ui32Count += pcString[-1] - '0';

                    //
                    // Get the next character.
                    //
                    goto again;
    3b5a:	ad cf       	rjmp	.-166    	; 0x3ab6 <UARTvprintf+0xea>
                case 'c':
                {
                    //
                    // Get the value from the varargs.
                    //
                    ui32Value = va_arg(vaArgP, uint32_t);
    3b5c:	e9 a4       	ldd	r14, Y+41	; 0x29
    3b5e:	fa a4       	ldd	r15, Y+42	; 0x2a
    3b60:	b4 e0       	ldi	r27, 0x04	; 4
    3b62:	eb 0e       	add	r14, r27
    3b64:	f1 1c       	adc	r15, r1
    3b66:	e9 a5       	ldd	r30, Y+41	; 0x29
    3b68:	fa a5       	ldd	r31, Y+42	; 0x2a
    3b6a:	80 81       	ld	r24, Z
    3b6c:	91 81       	ldd	r25, Z+1	; 0x01
    3b6e:	a2 81       	ldd	r26, Z+2	; 0x02
    3b70:	b3 81       	ldd	r27, Z+3	; 0x03
    3b72:	8d 83       	std	Y+5, r24	; 0x05
    3b74:	9e 83       	std	Y+6, r25	; 0x06
    3b76:	af 83       	std	Y+7, r26	; 0x07
    3b78:	b8 87       	std	Y+8, r27	; 0x08

                    //
                    // Print out the character.
                    //
                    CONSOLE_UART_WRITE((char *)&ui32Value, 1);
    3b7a:	61 e0       	ldi	r22, 0x01	; 1
    3b7c:	ce 01       	movw	r24, r28
    3b7e:	05 96       	adiw	r24, 0x05	; 5
    3b80:	0e 94 6b 1b 	call	0x36d6	; 0x36d6 <usart0_send_array>
                case 'c':
                {
                    //
                    // Get the value from the varargs.
                    //
                    ui32Value = va_arg(vaArgP, uint32_t);
    3b84:	fa a6       	std	Y+42, r15	; 0x2a
    3b86:	e9 a6       	std	Y+41, r14	; 0x29
                    CONSOLE_UART_WRITE((char *)&ui32Value, 1);

                    //
                    // This command has been handled.
                    //
                    break;
    3b88:	5c c2       	rjmp	.+1208   	; 0x4042 <UARTvprintf+0x676>
                case 'i':
                {
                    //
                    // Get the value from the varargs.
                    //
                    ui32Value = va_arg(vaArgP, uint16_t);
    3b8a:	29 a5       	ldd	r18, Y+41	; 0x29
    3b8c:	3a a5       	ldd	r19, Y+42	; 0x2a
    3b8e:	2e 5f       	subi	r18, 0xFE	; 254
    3b90:	3f 4f       	sbci	r19, 0xFF	; 255
    3b92:	a9 a5       	ldd	r26, Y+41	; 0x29
    3b94:	ba a5       	ldd	r27, Y+42	; 0x2a
    3b96:	8d 91       	ld	r24, X+
    3b98:	9c 91       	ld	r25, X
    3b9a:	a0 e0       	ldi	r26, 0x00	; 0
    3b9c:	b0 e0       	ldi	r27, 0x00	; 0
    3b9e:	8d 83       	std	Y+5, r24	; 0x05
    3ba0:	9e 83       	std	Y+6, r25	; 0x06
    3ba2:	af 83       	std	Y+7, r26	; 0x07
    3ba4:	b8 87       	std	Y+8, r27	; 0x08

                    //
                    // Reset the buffer position.
                    //
                    ui32Pos = 0;
    3ba6:	19 86       	std	Y+9, r1	; 0x09
    3ba8:	1a 86       	std	Y+10, r1	; 0x0a
    3baa:	1b 86       	std	Y+11, r1	; 0x0b
    3bac:	1c 86       	std	Y+12, r1	; 0x0c

                    //
                    // If the value is negative, make it positive and indicate
                    // that a minus sign is needed.
                    //
                    if((int32_t)ui32Value < 0)
    3bae:	8d 81       	ldd	r24, Y+5	; 0x05
    3bb0:	9e 81       	ldd	r25, Y+6	; 0x06
    3bb2:	af 81       	ldd	r26, Y+7	; 0x07
    3bb4:	b8 85       	ldd	r27, Y+8	; 0x08
    3bb6:	bb 23       	and	r27, r27
    3bb8:	c4 f4       	brge	.+48     	; 0x3bea <UARTvprintf+0x21e>
                    {
                        //
                        // Make the value positive.
                        //
                        ui32Value = -(int32_t)ui32Value;
    3bba:	8d 81       	ldd	r24, Y+5	; 0x05
    3bbc:	9e 81       	ldd	r25, Y+6	; 0x06
    3bbe:	af 81       	ldd	r26, Y+7	; 0x07
    3bc0:	b8 85       	ldd	r27, Y+8	; 0x08
    3bc2:	b0 95       	com	r27
    3bc4:	a0 95       	com	r26
    3bc6:	90 95       	com	r25
    3bc8:	81 95       	neg	r24
    3bca:	9f 4f       	sbci	r25, 0xFF	; 255
    3bcc:	af 4f       	sbci	r26, 0xFF	; 255
    3bce:	bf 4f       	sbci	r27, 0xFF	; 255
    3bd0:	8d 83       	std	Y+5, r24	; 0x05
    3bd2:	9e 83       	std	Y+6, r25	; 0x06
    3bd4:	af 83       	std	Y+7, r26	; 0x07
    3bd6:	b8 87       	std	Y+8, r27	; 0x08

                        //
                        // Indicate that the value is negative.
                        //
                        ui32Neg = 1;
    3bd8:	81 e0       	ldi	r24, 0x01	; 1
    3bda:	90 e0       	ldi	r25, 0x00	; 0
    3bdc:	a0 e0       	ldi	r26, 0x00	; 0
    3bde:	b0 e0       	ldi	r27, 0x00	; 0
    3be0:	8d 8b       	std	Y+21, r24	; 0x15
    3be2:	9e 8b       	std	Y+22, r25	; 0x16
    3be4:	af 8b       	std	Y+23, r26	; 0x17
    3be6:	b8 8f       	std	Y+24, r27	; 0x18
    3be8:	04 c0       	rjmp	.+8      	; 0x3bf2 <UARTvprintf+0x226>
                    {
                        //
                        // Indicate that the value is positive so that a minus
                        // sign isn't inserted.
                        //
                        ui32Neg = 0;
    3bea:	1d 8a       	std	Y+21, r1	; 0x15
    3bec:	1e 8a       	std	Y+22, r1	; 0x16
    3bee:	1f 8a       	std	Y+23, r1	; 0x17
    3bf0:	18 8e       	std	Y+24, r1	; 0x18
                    }

                    //
                    // Set the base to 10.
                    //
                    ui32Base = 10;
    3bf2:	8a e0       	ldi	r24, 0x0A	; 10
    3bf4:	90 e0       	ldi	r25, 0x00	; 0
    3bf6:	a0 e0       	ldi	r26, 0x00	; 0
    3bf8:	b0 e0       	ldi	r27, 0x00	; 0
    3bfa:	89 8b       	std	Y+17, r24	; 0x11
    3bfc:	9a 8b       	std	Y+18, r25	; 0x12
    3bfe:	ab 8b       	std	Y+19, r26	; 0x13
    3c00:	bc 8b       	std	Y+20, r27	; 0x14
                case 'i':
                {
                    //
                    // Get the value from the varargs.
                    //
                    ui32Value = va_arg(vaArgP, uint16_t);
    3c02:	3a a7       	std	Y+42, r19	; 0x2a
    3c04:	29 a7       	std	Y+41, r18	; 0x29
                    ui32Base = 10;

                    //
                    // Convert the value to ASCII.
                    //
                    goto convert;
    3c06:	bc c0       	rjmp	.+376    	; 0x3d80 <UARTvprintf+0x3b4>
                case 's':
                {
                    //
                    // Get the string pointer from the varargs.
                    //
                    pcStr = va_arg(vaArgP, char *);
    3c08:	e9 a4       	ldd	r14, Y+41	; 0x29
    3c0a:	fa a4       	ldd	r15, Y+42	; 0x2a
    3c0c:	92 e0       	ldi	r25, 0x02	; 2
    3c0e:	e9 0e       	add	r14, r25
    3c10:	f1 1c       	adc	r15, r1
    3c12:	a9 a5       	ldd	r26, Y+41	; 0x29
    3c14:	ba a5       	ldd	r27, Y+42	; 0x2a
    3c16:	8d 91       	ld	r24, X+
    3c18:	9c 91       	ld	r25, X

                    //
                    // Determine the length of the string.
                    //
                    for(ui32Idx = 0; pcStr[ui32Idx] != '\0'; ui32Idx++)
    3c1a:	19 82       	std	Y+1, r1	; 0x01
    3c1c:	1a 82       	std	Y+2, r1	; 0x02
    3c1e:	1b 82       	std	Y+3, r1	; 0x03
    3c20:	1c 82       	std	Y+4, r1	; 0x04
    3c22:	49 81       	ldd	r20, Y+1	; 0x01
    3c24:	5a 81       	ldd	r21, Y+2	; 0x02
    3c26:	6b 81       	ldd	r22, Y+3	; 0x03
    3c28:	7c 81       	ldd	r23, Y+4	; 0x04
    3c2a:	fc 01       	movw	r30, r24
    3c2c:	e4 0f       	add	r30, r20
    3c2e:	f5 1f       	adc	r31, r21
    3c30:	20 81       	ld	r18, Z
    3c32:	22 23       	and	r18, r18
    3c34:	b1 f0       	breq	.+44     	; 0x3c62 <UARTvprintf+0x296>
    3c36:	49 81       	ldd	r20, Y+1	; 0x01
    3c38:	5a 81       	ldd	r21, Y+2	; 0x02
    3c3a:	6b 81       	ldd	r22, Y+3	; 0x03
    3c3c:	7c 81       	ldd	r23, Y+4	; 0x04
    3c3e:	4f 5f       	subi	r20, 0xFF	; 255
    3c40:	5f 4f       	sbci	r21, 0xFF	; 255
    3c42:	6f 4f       	sbci	r22, 0xFF	; 255
    3c44:	7f 4f       	sbci	r23, 0xFF	; 255
    3c46:	49 83       	std	Y+1, r20	; 0x01
    3c48:	5a 83       	std	Y+2, r21	; 0x02
    3c4a:	6b 83       	std	Y+3, r22	; 0x03
    3c4c:	7c 83       	std	Y+4, r23	; 0x04
    3c4e:	49 81       	ldd	r20, Y+1	; 0x01
    3c50:	5a 81       	ldd	r21, Y+2	; 0x02
    3c52:	6b 81       	ldd	r22, Y+3	; 0x03
    3c54:	7c 81       	ldd	r23, Y+4	; 0x04
    3c56:	fc 01       	movw	r30, r24
    3c58:	e4 0f       	add	r30, r20
    3c5a:	f5 1f       	adc	r31, r21
    3c5c:	20 81       	ld	r18, Z
    3c5e:	21 11       	cpse	r18, r1
    3c60:	ea cf       	rjmp	.-44     	; 0x3c36 <UARTvprintf+0x26a>
                    }

                    //
                    // Write the string.
                    //
                    CONSOLE_UART_WRITE(pcStr, ui32Idx);
    3c62:	49 81       	ldd	r20, Y+1	; 0x01
    3c64:	5a 81       	ldd	r21, Y+2	; 0x02
    3c66:	6b 81       	ldd	r22, Y+3	; 0x03
    3c68:	7c 81       	ldd	r23, Y+4	; 0x04
    3c6a:	64 2f       	mov	r22, r20
    3c6c:	0e 94 6b 1b 	call	0x36d6	; 0x36d6 <usart0_send_array>

                    //
                    // Write any required padding spaces
                    //
                    if(ui32Count > ui32Idx)
    3c70:	4d 85       	ldd	r20, Y+13	; 0x0d
    3c72:	5e 85       	ldd	r21, Y+14	; 0x0e
    3c74:	6f 85       	ldd	r22, Y+15	; 0x0f
    3c76:	78 89       	ldd	r23, Y+16	; 0x10
    3c78:	89 81       	ldd	r24, Y+1	; 0x01
    3c7a:	9a 81       	ldd	r25, Y+2	; 0x02
    3c7c:	ab 81       	ldd	r26, Y+3	; 0x03
    3c7e:	bc 81       	ldd	r27, Y+4	; 0x04
    3c80:	84 17       	cp	r24, r20
    3c82:	95 07       	cpc	r25, r21
    3c84:	a6 07       	cpc	r26, r22
    3c86:	b7 07       	cpc	r27, r23
    3c88:	08 f0       	brcs	.+2      	; 0x3c8c <UARTvprintf+0x2c0>
    3c8a:	d6 c1       	rjmp	.+940    	; 0x4038 <UARTvprintf+0x66c>
                    {
                        ui32Count -= ui32Idx;
    3c8c:	49 81       	ldd	r20, Y+1	; 0x01
    3c8e:	5a 81       	ldd	r21, Y+2	; 0x02
    3c90:	6b 81       	ldd	r22, Y+3	; 0x03
    3c92:	7c 81       	ldd	r23, Y+4	; 0x04
    3c94:	8d 85       	ldd	r24, Y+13	; 0x0d
    3c96:	9e 85       	ldd	r25, Y+14	; 0x0e
    3c98:	af 85       	ldd	r26, Y+15	; 0x0f
    3c9a:	b8 89       	ldd	r27, Y+16	; 0x10
    3c9c:	84 1b       	sub	r24, r20
    3c9e:	95 0b       	sbc	r25, r21
    3ca0:	a6 0b       	sbc	r26, r22
    3ca2:	b7 0b       	sbc	r27, r23
    3ca4:	8d 87       	std	Y+13, r24	; 0x0d
    3ca6:	9e 87       	std	Y+14, r25	; 0x0e
    3ca8:	af 87       	std	Y+15, r26	; 0x0f
    3caa:	b8 8b       	std	Y+16, r27	; 0x10
                        while(ui32Count--)
    3cac:	8d 85       	ldd	r24, Y+13	; 0x0d
    3cae:	9e 85       	ldd	r25, Y+14	; 0x0e
    3cb0:	af 85       	ldd	r26, Y+15	; 0x0f
    3cb2:	b8 89       	ldd	r27, Y+16	; 0x10
    3cb4:	ac 01       	movw	r20, r24
    3cb6:	bd 01       	movw	r22, r26
    3cb8:	41 50       	subi	r20, 0x01	; 1
    3cba:	51 09       	sbc	r21, r1
    3cbc:	61 09       	sbc	r22, r1
    3cbe:	71 09       	sbc	r23, r1
    3cc0:	4d 87       	std	Y+13, r20	; 0x0d
    3cc2:	5e 87       	std	Y+14, r21	; 0x0e
    3cc4:	6f 87       	std	Y+15, r22	; 0x0f
    3cc6:	78 8b       	std	Y+16, r23	; 0x10
    3cc8:	89 2b       	or	r24, r25
    3cca:	8a 2b       	or	r24, r26
    3ccc:	8b 2b       	or	r24, r27
    3cce:	09 f4       	brne	.+2      	; 0x3cd2 <UARTvprintf+0x306>
    3cd0:	b6 c1       	rjmp	.+876    	; 0x403e <UARTvprintf+0x672>
                        {
                            CONSOLE_UART_WRITE(" ", 1);
    3cd2:	61 e0       	ldi	r22, 0x01	; 1
    3cd4:	88 e3       	ldi	r24, 0x38	; 56
    3cd6:	9a e0       	ldi	r25, 0x0A	; 10
    3cd8:	0e 94 6b 1b 	call	0x36d6	; 0x36d6 <usart0_send_array>
                    // Write any required padding spaces
                    //
                    if(ui32Count > ui32Idx)
                    {
                        ui32Count -= ui32Idx;
                        while(ui32Count--)
    3cdc:	8d 85       	ldd	r24, Y+13	; 0x0d
    3cde:	9e 85       	ldd	r25, Y+14	; 0x0e
    3ce0:	af 85       	ldd	r26, Y+15	; 0x0f
    3ce2:	b8 89       	ldd	r27, Y+16	; 0x10
    3ce4:	ac 01       	movw	r20, r24
    3ce6:	bd 01       	movw	r22, r26
    3ce8:	41 50       	subi	r20, 0x01	; 1
    3cea:	51 09       	sbc	r21, r1
    3cec:	61 09       	sbc	r22, r1
    3cee:	71 09       	sbc	r23, r1
    3cf0:	4d 87       	std	Y+13, r20	; 0x0d
    3cf2:	5e 87       	std	Y+14, r21	; 0x0e
    3cf4:	6f 87       	std	Y+15, r22	; 0x0f
    3cf6:	78 8b       	std	Y+16, r23	; 0x10
    3cf8:	89 2b       	or	r24, r25
    3cfa:	8a 2b       	or	r24, r26
    3cfc:	8b 2b       	or	r24, r27
    3cfe:	49 f7       	brne	.-46     	; 0x3cd2 <UARTvprintf+0x306>
                case 's':
                {
                    //
                    // Get the string pointer from the varargs.
                    //
                    pcStr = va_arg(vaArgP, char *);
    3d00:	fa a6       	std	Y+42, r15	; 0x2a
    3d02:	e9 a6       	std	Y+41, r14	; 0x29
    3d04:	9e c1       	rjmp	.+828    	; 0x4042 <UARTvprintf+0x676>
                case 'u':
                {
                    //
                    // Get the value from the varargs.
                    //
                    ui32Value = va_arg(vaArgP, uint16_t);
    3d06:	e9 a5       	ldd	r30, Y+41	; 0x29
    3d08:	fa a5       	ldd	r31, Y+42	; 0x2a
    3d0a:	80 81       	ld	r24, Z
    3d0c:	91 81       	ldd	r25, Z+1	; 0x01
    3d0e:	a0 e0       	ldi	r26, 0x00	; 0
    3d10:	b0 e0       	ldi	r27, 0x00	; 0
    3d12:	8d 83       	std	Y+5, r24	; 0x05
    3d14:	9e 83       	std	Y+6, r25	; 0x06
    3d16:	af 83       	std	Y+7, r26	; 0x07
    3d18:	b8 87       	std	Y+8, r27	; 0x08

                    //
                    // Reset the buffer position.
                    //
                    ui32Pos = 0;
    3d1a:	19 86       	std	Y+9, r1	; 0x09
    3d1c:	1a 86       	std	Y+10, r1	; 0x0a
    3d1e:	1b 86       	std	Y+11, r1	; 0x0b
    3d20:	1c 86       	std	Y+12, r1	; 0x0c

                    //
                    // Set the base to 10.
                    //
                    ui32Base = 10;
    3d22:	8a e0       	ldi	r24, 0x0A	; 10
    3d24:	90 e0       	ldi	r25, 0x00	; 0
    3d26:	a0 e0       	ldi	r26, 0x00	; 0
    3d28:	b0 e0       	ldi	r27, 0x00	; 0
    3d2a:	89 8b       	std	Y+17, r24	; 0x11
    3d2c:	9a 8b       	std	Y+18, r25	; 0x12
    3d2e:	ab 8b       	std	Y+19, r26	; 0x13
    3d30:	bc 8b       	std	Y+20, r27	; 0x14

                    //
                    // Indicate that the value is positive so that a minus sign
                    // isn't inserted.
                    //
                    ui32Neg = 0;
    3d32:	1d 8a       	std	Y+21, r1	; 0x15
    3d34:	1e 8a       	std	Y+22, r1	; 0x16
    3d36:	1f 8a       	std	Y+23, r1	; 0x17
    3d38:	18 8e       	std	Y+24, r1	; 0x18
                case 'u':
                {
                    //
                    // Get the value from the varargs.
                    //
                    ui32Value = va_arg(vaArgP, uint16_t);
    3d3a:	32 96       	adiw	r30, 0x02	; 2
    3d3c:	fa a7       	std	Y+42, r31	; 0x2a
    3d3e:	e9 a7       	std	Y+41, r30	; 0x29
                    ui32Neg = 0;

                    //
                    // Convert the value to ASCII.
                    //
                    goto convert;
    3d40:	1f c0       	rjmp	.+62     	; 0x3d80 <UARTvprintf+0x3b4>
                case 'p':
                {
                    //
                    // Get the value from the varargs.
                    //
                    ui32Value = va_arg(vaArgP, uint16_t);
    3d42:	a9 a5       	ldd	r26, Y+41	; 0x29
    3d44:	ba a5       	ldd	r27, Y+42	; 0x2a
    3d46:	8d 91       	ld	r24, X+
    3d48:	9c 91       	ld	r25, X
    3d4a:	a0 e0       	ldi	r26, 0x00	; 0
    3d4c:	b0 e0       	ldi	r27, 0x00	; 0
    3d4e:	8d 83       	std	Y+5, r24	; 0x05
    3d50:	9e 83       	std	Y+6, r25	; 0x06
    3d52:	af 83       	std	Y+7, r26	; 0x07
    3d54:	b8 87       	std	Y+8, r27	; 0x08

                    //
                    // Reset the buffer position.
                    //
                    ui32Pos = 0;
    3d56:	19 86       	std	Y+9, r1	; 0x09
    3d58:	1a 86       	std	Y+10, r1	; 0x0a
    3d5a:	1b 86       	std	Y+11, r1	; 0x0b
    3d5c:	1c 86       	std	Y+12, r1	; 0x0c

                    //
                    // Set the base to 16.
                    //
                    ui32Base = 16;
    3d5e:	80 e1       	ldi	r24, 0x10	; 16
    3d60:	90 e0       	ldi	r25, 0x00	; 0
    3d62:	a0 e0       	ldi	r26, 0x00	; 0
    3d64:	b0 e0       	ldi	r27, 0x00	; 0
    3d66:	89 8b       	std	Y+17, r24	; 0x11
    3d68:	9a 8b       	std	Y+18, r25	; 0x12
    3d6a:	ab 8b       	std	Y+19, r26	; 0x13
    3d6c:	bc 8b       	std	Y+20, r27	; 0x14

                    //
                    // Indicate that the value is positive so that a minus sign
                    // isn't inserted.
                    //
                    ui32Neg = 0;
    3d6e:	1d 8a       	std	Y+21, r1	; 0x15
    3d70:	1e 8a       	std	Y+22, r1	; 0x16
    3d72:	1f 8a       	std	Y+23, r1	; 0x17
    3d74:	18 8e       	std	Y+24, r1	; 0x18
                case 'p':
                {
                    //
                    // Get the value from the varargs.
                    //
                    ui32Value = va_arg(vaArgP, uint16_t);
    3d76:	a9 a5       	ldd	r26, Y+41	; 0x29
    3d78:	ba a5       	ldd	r27, Y+42	; 0x2a
    3d7a:	12 96       	adiw	r26, 0x02	; 2
    3d7c:	ba a7       	std	Y+42, r27	; 0x2a
    3d7e:	a9 a7       	std	Y+41, r26	; 0x29
                    //
                    // Determine the number of digits in the string version of
                    // the value.
                    //
convert:
                    for(ui32Idx = 1;
    3d80:	81 e0       	ldi	r24, 0x01	; 1
    3d82:	90 e0       	ldi	r25, 0x00	; 0
    3d84:	a0 e0       	ldi	r26, 0x00	; 0
    3d86:	b0 e0       	ldi	r27, 0x00	; 0
    3d88:	89 83       	std	Y+1, r24	; 0x01
    3d8a:	9a 83       	std	Y+2, r25	; 0x02
    3d8c:	ab 83       	std	Y+3, r26	; 0x03
    3d8e:	bc 83       	std	Y+4, r27	; 0x04
                        (((ui32Idx * ui32Base) <= ui32Value) &&
    3d90:	29 81       	ldd	r18, Y+1	; 0x01
    3d92:	3a 81       	ldd	r19, Y+2	; 0x02
    3d94:	4b 81       	ldd	r20, Y+3	; 0x03
    3d96:	5c 81       	ldd	r21, Y+4	; 0x04
    3d98:	69 89       	ldd	r22, Y+17	; 0x11
    3d9a:	7a 89       	ldd	r23, Y+18	; 0x12
    3d9c:	8b 89       	ldd	r24, Y+19	; 0x13
    3d9e:	9c 89       	ldd	r25, Y+20	; 0x14
    3da0:	8d 80       	ldd	r8, Y+5	; 0x05
    3da2:	9e 80       	ldd	r9, Y+6	; 0x06
    3da4:	af 80       	ldd	r10, Y+7	; 0x07
    3da6:	b8 84       	ldd	r11, Y+8	; 0x08
                    //
                    // Determine the number of digits in the string version of
                    // the value.
                    //
convert:
                    for(ui32Idx = 1;
    3da8:	0e 94 0f 30 	call	0x601e	; 0x601e <__mulsi3>
    3dac:	86 16       	cp	r8, r22
    3dae:	97 06       	cpc	r9, r23
    3db0:	a8 06       	cpc	r10, r24
    3db2:	b9 06       	cpc	r11, r25
    3db4:	68 f5       	brcc	.+90     	; 0x3e10 <UARTvprintf+0x444>
    3db6:	48 c0       	rjmp	.+144    	; 0x3e48 <UARTvprintf+0x47c>
                        (((ui32Idx * ui32Base) <= ui32Value) &&
                         (((ui32Idx * ui32Base) / ui32Base) == ui32Idx));
                        ui32Idx *= ui32Base, ui32Count--)
    3db8:	29 89       	ldd	r18, Y+17	; 0x11
    3dba:	3a 89       	ldd	r19, Y+18	; 0x12
    3dbc:	4b 89       	ldd	r20, Y+19	; 0x13
    3dbe:	5c 89       	ldd	r21, Y+20	; 0x14
    3dc0:	69 81       	ldd	r22, Y+1	; 0x01
    3dc2:	7a 81       	ldd	r23, Y+2	; 0x02
    3dc4:	8b 81       	ldd	r24, Y+3	; 0x03
    3dc6:	9c 81       	ldd	r25, Y+4	; 0x04
    3dc8:	0e 94 0f 30 	call	0x601e	; 0x601e <__mulsi3>
    3dcc:	69 83       	std	Y+1, r22	; 0x01
    3dce:	7a 83       	std	Y+2, r23	; 0x02
    3dd0:	8b 83       	std	Y+3, r24	; 0x03
    3dd2:	9c 83       	std	Y+4, r25	; 0x04
    3dd4:	8d 85       	ldd	r24, Y+13	; 0x0d
    3dd6:	9e 85       	ldd	r25, Y+14	; 0x0e
    3dd8:	af 85       	ldd	r26, Y+15	; 0x0f
    3dda:	b8 89       	ldd	r27, Y+16	; 0x10
    3ddc:	01 97       	sbiw	r24, 0x01	; 1
    3dde:	a1 09       	sbc	r26, r1
    3de0:	b1 09       	sbc	r27, r1
    3de2:	8d 87       	std	Y+13, r24	; 0x0d
    3de4:	9e 87       	std	Y+14, r25	; 0x0e
    3de6:	af 87       	std	Y+15, r26	; 0x0f
    3de8:	b8 8b       	std	Y+16, r27	; 0x10
                    // Determine the number of digits in the string version of
                    // the value.
                    //
convert:
                    for(ui32Idx = 1;
                        (((ui32Idx * ui32Base) <= ui32Value) &&
    3dea:	29 81       	ldd	r18, Y+1	; 0x01
    3dec:	3a 81       	ldd	r19, Y+2	; 0x02
    3dee:	4b 81       	ldd	r20, Y+3	; 0x03
    3df0:	5c 81       	ldd	r21, Y+4	; 0x04
    3df2:	69 89       	ldd	r22, Y+17	; 0x11
    3df4:	7a 89       	ldd	r23, Y+18	; 0x12
    3df6:	8b 89       	ldd	r24, Y+19	; 0x13
    3df8:	9c 89       	ldd	r25, Y+20	; 0x14
    3dfa:	8d 80       	ldd	r8, Y+5	; 0x05
    3dfc:	9e 80       	ldd	r9, Y+6	; 0x06
    3dfe:	af 80       	ldd	r10, Y+7	; 0x07
    3e00:	b8 84       	ldd	r11, Y+8	; 0x08
                    //
                    // Determine the number of digits in the string version of
                    // the value.
                    //
convert:
                    for(ui32Idx = 1;
    3e02:	0e 94 0f 30 	call	0x601e	; 0x601e <__mulsi3>
    3e06:	86 16       	cp	r8, r22
    3e08:	97 06       	cpc	r9, r23
    3e0a:	a8 06       	cpc	r10, r24
    3e0c:	b9 06       	cpc	r11, r25
    3e0e:	e0 f0       	brcs	.+56     	; 0x3e48 <UARTvprintf+0x47c>
                        (((ui32Idx * ui32Base) <= ui32Value) &&
                         (((ui32Idx * ui32Base) / ui32Base) == ui32Idx));
    3e10:	29 81       	ldd	r18, Y+1	; 0x01
    3e12:	3a 81       	ldd	r19, Y+2	; 0x02
    3e14:	4b 81       	ldd	r20, Y+3	; 0x03
    3e16:	5c 81       	ldd	r21, Y+4	; 0x04
    3e18:	69 89       	ldd	r22, Y+17	; 0x11
    3e1a:	7a 89       	ldd	r23, Y+18	; 0x12
    3e1c:	8b 89       	ldd	r24, Y+19	; 0x13
    3e1e:	9c 89       	ldd	r25, Y+20	; 0x14
    3e20:	49 88       	ldd	r4, Y+17	; 0x11
    3e22:	5a 88       	ldd	r5, Y+18	; 0x12
    3e24:	6b 88       	ldd	r6, Y+19	; 0x13
    3e26:	7c 88       	ldd	r7, Y+20	; 0x14
    3e28:	89 80       	ldd	r8, Y+1	; 0x01
    3e2a:	9a 80       	ldd	r9, Y+2	; 0x02
    3e2c:	ab 80       	ldd	r10, Y+3	; 0x03
    3e2e:	bc 80       	ldd	r11, Y+4	; 0x04
                    // Determine the number of digits in the string version of
                    // the value.
                    //
convert:
                    for(ui32Idx = 1;
                        (((ui32Idx * ui32Base) <= ui32Value) &&
    3e30:	0e 94 0f 30 	call	0x601e	; 0x601e <__mulsi3>
    3e34:	a3 01       	movw	r20, r6
    3e36:	92 01       	movw	r18, r4
    3e38:	0e 94 1f 30 	call	0x603e	; 0x603e <__udivmodsi4>
    3e3c:	28 15       	cp	r18, r8
    3e3e:	39 05       	cpc	r19, r9
    3e40:	4a 05       	cpc	r20, r10
    3e42:	5b 05       	cpc	r21, r11
    3e44:	09 f4       	brne	.+2      	; 0x3e48 <UARTvprintf+0x47c>
    3e46:	b8 cf       	rjmp	.-144    	; 0x3db8 <UARTvprintf+0x3ec>

                    //
                    // If the value is negative, reduce the count of padding
                    // characters needed.
                    //
                    if(ui32Neg)
    3e48:	8d 89       	ldd	r24, Y+21	; 0x15
    3e4a:	9e 89       	ldd	r25, Y+22	; 0x16
    3e4c:	af 89       	ldd	r26, Y+23	; 0x17
    3e4e:	b8 8d       	ldd	r27, Y+24	; 0x18
    3e50:	89 2b       	or	r24, r25
    3e52:	8a 2b       	or	r24, r26
    3e54:	8b 2b       	or	r24, r27
    3e56:	59 f0       	breq	.+22     	; 0x3e6e <UARTvprintf+0x4a2>
                    {
                        ui32Count--;
    3e58:	8d 85       	ldd	r24, Y+13	; 0x0d
    3e5a:	9e 85       	ldd	r25, Y+14	; 0x0e
    3e5c:	af 85       	ldd	r26, Y+15	; 0x0f
    3e5e:	b8 89       	ldd	r27, Y+16	; 0x10
    3e60:	01 97       	sbiw	r24, 0x01	; 1
    3e62:	a1 09       	sbc	r26, r1
    3e64:	b1 09       	sbc	r27, r1
    3e66:	8d 87       	std	Y+13, r24	; 0x0d
    3e68:	9e 87       	std	Y+14, r25	; 0x0e
    3e6a:	af 87       	std	Y+15, r26	; 0x0f
    3e6c:	b8 8b       	std	Y+16, r27	; 0x10

                    //
                    // If the value is negative and the value is padded with
                    // zeros, then place the minus sign before the padding.
                    //
                    if(ui32Neg && (cFill == '0'))
    3e6e:	8d 89       	ldd	r24, Y+21	; 0x15
    3e70:	9e 89       	ldd	r25, Y+22	; 0x16
    3e72:	af 89       	ldd	r26, Y+23	; 0x17
    3e74:	b8 8d       	ldd	r27, Y+24	; 0x18
    3e76:	89 2b       	or	r24, r25
    3e78:	8a 2b       	or	r24, r26
    3e7a:	8b 2b       	or	r24, r27
    3e7c:	d1 f0       	breq	.+52     	; 0x3eb2 <UARTvprintf+0x4e6>
    3e7e:	90 e3       	ldi	r25, 0x30	; 48
    3e80:	f9 12       	cpse	r15, r25
    3e82:	17 c0       	rjmp	.+46     	; 0x3eb2 <UARTvprintf+0x4e6>
                    {
                        //
                        // Place the minus sign in the output buffer.
                        //
                        pcBuf[ui32Pos++] = '-';
    3e84:	89 85       	ldd	r24, Y+9	; 0x09
    3e86:	9a 85       	ldd	r25, Y+10	; 0x0a
    3e88:	ab 85       	ldd	r26, Y+11	; 0x0b
    3e8a:	bc 85       	ldd	r27, Y+12	; 0x0c
    3e8c:	ac 01       	movw	r20, r24
    3e8e:	bd 01       	movw	r22, r26
    3e90:	4f 5f       	subi	r20, 0xFF	; 255
    3e92:	5f 4f       	sbci	r21, 0xFF	; 255
    3e94:	6f 4f       	sbci	r22, 0xFF	; 255
    3e96:	7f 4f       	sbci	r23, 0xFF	; 255
    3e98:	49 87       	std	Y+9, r20	; 0x09
    3e9a:	5a 87       	std	Y+10, r21	; 0x0a
    3e9c:	6b 87       	std	Y+11, r22	; 0x0b
    3e9e:	7c 87       	std	Y+12, r23	; 0x0c
    3ea0:	f6 01       	movw	r30, r12
    3ea2:	e8 0f       	add	r30, r24
    3ea4:	f9 1f       	adc	r31, r25
    3ea6:	ad e2       	ldi	r26, 0x2D	; 45
    3ea8:	a0 83       	st	Z, r26

                        //
                        // The minus sign has been placed, so turn off the
                        // negative flag.
                        //
                        ui32Neg = 0;
    3eaa:	1d 8a       	std	Y+21, r1	; 0x15
    3eac:	1e 8a       	std	Y+22, r1	; 0x16
    3eae:	1f 8a       	std	Y+23, r1	; 0x17
    3eb0:	18 8e       	std	Y+24, r1	; 0x18

                    //
                    // Provide additional padding at the beginning of the
                    // string conversion if needed.
                    //
                    if((ui32Count > 1) && (ui32Count < 16))
    3eb2:	8d 85       	ldd	r24, Y+13	; 0x0d
    3eb4:	9e 85       	ldd	r25, Y+14	; 0x0e
    3eb6:	af 85       	ldd	r26, Y+15	; 0x0f
    3eb8:	b8 89       	ldd	r27, Y+16	; 0x10
    3eba:	02 97       	sbiw	r24, 0x02	; 2
    3ebc:	a1 05       	cpc	r26, r1
    3ebe:	b1 05       	cpc	r27, r1
    3ec0:	08 f4       	brcc	.+2      	; 0x3ec4 <UARTvprintf+0x4f8>
    3ec2:	40 c0       	rjmp	.+128    	; 0x3f44 <UARTvprintf+0x578>
    3ec4:	8d 85       	ldd	r24, Y+13	; 0x0d
    3ec6:	9e 85       	ldd	r25, Y+14	; 0x0e
    3ec8:	af 85       	ldd	r26, Y+15	; 0x0f
    3eca:	b8 89       	ldd	r27, Y+16	; 0x10
    3ecc:	40 97       	sbiw	r24, 0x10	; 16
    3ece:	a1 05       	cpc	r26, r1
    3ed0:	b1 05       	cpc	r27, r1
    3ed2:	c0 f5       	brcc	.+112    	; 0x3f44 <UARTvprintf+0x578>
                    {
                        for(ui32Count--; ui32Count; ui32Count--)
    3ed4:	8d 85       	ldd	r24, Y+13	; 0x0d
    3ed6:	9e 85       	ldd	r25, Y+14	; 0x0e
    3ed8:	af 85       	ldd	r26, Y+15	; 0x0f
    3eda:	b8 89       	ldd	r27, Y+16	; 0x10
    3edc:	01 97       	sbiw	r24, 0x01	; 1
    3ede:	a1 09       	sbc	r26, r1
    3ee0:	b1 09       	sbc	r27, r1
    3ee2:	8d 87       	std	Y+13, r24	; 0x0d
    3ee4:	9e 87       	std	Y+14, r25	; 0x0e
    3ee6:	af 87       	std	Y+15, r26	; 0x0f
    3ee8:	b8 8b       	std	Y+16, r27	; 0x10
    3eea:	8d 85       	ldd	r24, Y+13	; 0x0d
    3eec:	9e 85       	ldd	r25, Y+14	; 0x0e
    3eee:	af 85       	ldd	r26, Y+15	; 0x0f
    3ef0:	b8 89       	ldd	r27, Y+16	; 0x10
    3ef2:	89 2b       	or	r24, r25
    3ef4:	8a 2b       	or	r24, r26
    3ef6:	8b 2b       	or	r24, r27
    3ef8:	29 f1       	breq	.+74     	; 0x3f44 <UARTvprintf+0x578>
                        {
                            pcBuf[ui32Pos++] = cFill;
    3efa:	89 85       	ldd	r24, Y+9	; 0x09
    3efc:	9a 85       	ldd	r25, Y+10	; 0x0a
    3efe:	ab 85       	ldd	r26, Y+11	; 0x0b
    3f00:	bc 85       	ldd	r27, Y+12	; 0x0c
    3f02:	ac 01       	movw	r20, r24
    3f04:	bd 01       	movw	r22, r26
    3f06:	4f 5f       	subi	r20, 0xFF	; 255
    3f08:	5f 4f       	sbci	r21, 0xFF	; 255
    3f0a:	6f 4f       	sbci	r22, 0xFF	; 255
    3f0c:	7f 4f       	sbci	r23, 0xFF	; 255
    3f0e:	49 87       	std	Y+9, r20	; 0x09
    3f10:	5a 87       	std	Y+10, r21	; 0x0a
    3f12:	6b 87       	std	Y+11, r22	; 0x0b
    3f14:	7c 87       	std	Y+12, r23	; 0x0c
    3f16:	f6 01       	movw	r30, r12
    3f18:	e8 0f       	add	r30, r24
    3f1a:	f9 1f       	adc	r31, r25
    3f1c:	f0 82       	st	Z, r15
                    // Provide additional padding at the beginning of the
                    // string conversion if needed.
                    //
                    if((ui32Count > 1) && (ui32Count < 16))
                    {
                        for(ui32Count--; ui32Count; ui32Count--)
    3f1e:	8d 85       	ldd	r24, Y+13	; 0x0d
    3f20:	9e 85       	ldd	r25, Y+14	; 0x0e
    3f22:	af 85       	ldd	r26, Y+15	; 0x0f
    3f24:	b8 89       	ldd	r27, Y+16	; 0x10
    3f26:	01 97       	sbiw	r24, 0x01	; 1
    3f28:	a1 09       	sbc	r26, r1
    3f2a:	b1 09       	sbc	r27, r1
    3f2c:	8d 87       	std	Y+13, r24	; 0x0d
    3f2e:	9e 87       	std	Y+14, r25	; 0x0e
    3f30:	af 87       	std	Y+15, r26	; 0x0f
    3f32:	b8 8b       	std	Y+16, r27	; 0x10
    3f34:	8d 85       	ldd	r24, Y+13	; 0x0d
    3f36:	9e 85       	ldd	r25, Y+14	; 0x0e
    3f38:	af 85       	ldd	r26, Y+15	; 0x0f
    3f3a:	b8 89       	ldd	r27, Y+16	; 0x10
    3f3c:	89 2b       	or	r24, r25
    3f3e:	8a 2b       	or	r24, r26
    3f40:	8b 2b       	or	r24, r27
    3f42:	d9 f6       	brne	.-74     	; 0x3efa <UARTvprintf+0x52e>

                    //
                    // If the value is negative, then place the minus sign
                    // before the number.
                    //
                    if(ui32Neg)
    3f44:	8d 89       	ldd	r24, Y+21	; 0x15
    3f46:	9e 89       	ldd	r25, Y+22	; 0x16
    3f48:	af 89       	ldd	r26, Y+23	; 0x17
    3f4a:	b8 8d       	ldd	r27, Y+24	; 0x18
    3f4c:	89 2b       	or	r24, r25
    3f4e:	8a 2b       	or	r24, r26
    3f50:	8b 2b       	or	r24, r27
    3f52:	99 f0       	breq	.+38     	; 0x3f7a <UARTvprintf+0x5ae>
                    {
                        //
                        // Place the minus sign in the output buffer.
                        //
                        pcBuf[ui32Pos++] = '-';
    3f54:	89 85       	ldd	r24, Y+9	; 0x09
    3f56:	9a 85       	ldd	r25, Y+10	; 0x0a
    3f58:	ab 85       	ldd	r26, Y+11	; 0x0b
    3f5a:	bc 85       	ldd	r27, Y+12	; 0x0c
    3f5c:	ac 01       	movw	r20, r24
    3f5e:	bd 01       	movw	r22, r26
    3f60:	4f 5f       	subi	r20, 0xFF	; 255
    3f62:	5f 4f       	sbci	r21, 0xFF	; 255
    3f64:	6f 4f       	sbci	r22, 0xFF	; 255
    3f66:	7f 4f       	sbci	r23, 0xFF	; 255
    3f68:	49 87       	std	Y+9, r20	; 0x09
    3f6a:	5a 87       	std	Y+10, r21	; 0x0a
    3f6c:	6b 87       	std	Y+11, r22	; 0x0b
    3f6e:	7c 87       	std	Y+12, r23	; 0x0c
    3f70:	f6 01       	movw	r30, r12
    3f72:	e8 0f       	add	r30, r24
    3f74:	f9 1f       	adc	r31, r25
    3f76:	bd e2       	ldi	r27, 0x2D	; 45
    3f78:	b0 83       	st	Z, r27
                    }

                    //
                    // Convert the value into a string.
                    //
                    for(; ui32Idx; ui32Idx /= ui32Base)
    3f7a:	89 81       	ldd	r24, Y+1	; 0x01
    3f7c:	9a 81       	ldd	r25, Y+2	; 0x02
    3f7e:	ab 81       	ldd	r26, Y+3	; 0x03
    3f80:	bc 81       	ldd	r27, Y+4	; 0x04
    3f82:	89 2b       	or	r24, r25
    3f84:	8a 2b       	or	r24, r26
    3f86:	8b 2b       	or	r24, r27
    3f88:	09 f4       	brne	.+2      	; 0x3f8c <UARTvprintf+0x5c0>
    3f8a:	42 c0       	rjmp	.+132    	; 0x4010 <UARTvprintf+0x644>
                    {
                        pcBuf[ui32Pos++] =
    3f8c:	49 84       	ldd	r4, Y+9	; 0x09
    3f8e:	5a 84       	ldd	r5, Y+10	; 0x0a
    3f90:	6b 84       	ldd	r6, Y+11	; 0x0b
    3f92:	7c 84       	ldd	r7, Y+12	; 0x0c
    3f94:	b3 01       	movw	r22, r6
    3f96:	a2 01       	movw	r20, r4
    3f98:	4f 5f       	subi	r20, 0xFF	; 255
    3f9a:	5f 4f       	sbci	r21, 0xFF	; 255
    3f9c:	6f 4f       	sbci	r22, 0xFF	; 255
    3f9e:	7f 4f       	sbci	r23, 0xFF	; 255
    3fa0:	49 87       	std	Y+9, r20	; 0x09
    3fa2:	5a 87       	std	Y+10, r21	; 0x0a
    3fa4:	6b 87       	std	Y+11, r22	; 0x0b
    3fa6:	7c 87       	std	Y+12, r23	; 0x0c
                            g_pcHex[(ui32Value / ui32Idx) % ui32Base];
    3fa8:	6d 81       	ldd	r22, Y+5	; 0x05
    3faa:	7e 81       	ldd	r23, Y+6	; 0x06
    3fac:	8f 81       	ldd	r24, Y+7	; 0x07
    3fae:	98 85       	ldd	r25, Y+8	; 0x08
    3fb0:	29 81       	ldd	r18, Y+1	; 0x01
    3fb2:	3a 81       	ldd	r19, Y+2	; 0x02
    3fb4:	4b 81       	ldd	r20, Y+3	; 0x03
    3fb6:	5c 81       	ldd	r21, Y+4	; 0x04
    3fb8:	89 88       	ldd	r8, Y+17	; 0x11
    3fba:	9a 88       	ldd	r9, Y+18	; 0x12
    3fbc:	ab 88       	ldd	r10, Y+19	; 0x13
    3fbe:	bc 88       	ldd	r11, Y+20	; 0x14
                    //
                    // Convert the value into a string.
                    //
                    for(; ui32Idx; ui32Idx /= ui32Base)
                    {
                        pcBuf[ui32Pos++] =
    3fc0:	76 01       	movw	r14, r12
    3fc2:	e4 0c       	add	r14, r4
    3fc4:	f5 1c       	adc	r15, r5
                            g_pcHex[(ui32Value / ui32Idx) % ui32Base];
    3fc6:	0e 94 1f 30 	call	0x603e	; 0x603e <__udivmodsi4>
    3fca:	ca 01       	movw	r24, r20
    3fcc:	b9 01       	movw	r22, r18
    3fce:	a5 01       	movw	r20, r10
    3fd0:	94 01       	movw	r18, r8
    3fd2:	0e 94 1f 30 	call	0x603e	; 0x603e <__udivmodsi4>
    3fd6:	fb 01       	movw	r30, r22
    3fd8:	e3 51       	subi	r30, 0x13	; 19
    3fda:	f5 4f       	sbci	r31, 0xF5	; 245
                    //
                    // Convert the value into a string.
                    //
                    for(; ui32Idx; ui32Idx /= ui32Base)
                    {
                        pcBuf[ui32Pos++] =
    3fdc:	80 81       	ld	r24, Z
    3fde:	f7 01       	movw	r30, r14
    3fe0:	80 83       	st	Z, r24
                            g_pcHex[(ui32Value / ui32Idx) % ui32Base];
                    }
    3fe2:	29 89       	ldd	r18, Y+17	; 0x11
    3fe4:	3a 89       	ldd	r19, Y+18	; 0x12
    3fe6:	4b 89       	ldd	r20, Y+19	; 0x13
    3fe8:	5c 89       	ldd	r21, Y+20	; 0x14
                    }

                    //
                    // Convert the value into a string.
                    //
                    for(; ui32Idx; ui32Idx /= ui32Base)
    3fea:	69 81       	ldd	r22, Y+1	; 0x01
    3fec:	7a 81       	ldd	r23, Y+2	; 0x02
    3fee:	8b 81       	ldd	r24, Y+3	; 0x03
    3ff0:	9c 81       	ldd	r25, Y+4	; 0x04
    3ff2:	0e 94 1f 30 	call	0x603e	; 0x603e <__udivmodsi4>
    3ff6:	29 83       	std	Y+1, r18	; 0x01
    3ff8:	3a 83       	std	Y+2, r19	; 0x02
    3ffa:	4b 83       	std	Y+3, r20	; 0x03
    3ffc:	5c 83       	std	Y+4, r21	; 0x04
    3ffe:	89 81       	ldd	r24, Y+1	; 0x01
    4000:	9a 81       	ldd	r25, Y+2	; 0x02
    4002:	ab 81       	ldd	r26, Y+3	; 0x03
    4004:	bc 81       	ldd	r27, Y+4	; 0x04
    4006:	89 2b       	or	r24, r25
    4008:	8a 2b       	or	r24, r26
    400a:	8b 2b       	or	r24, r27
    400c:	09 f0       	breq	.+2      	; 0x4010 <UARTvprintf+0x644>
    400e:	be cf       	rjmp	.-132    	; 0x3f8c <UARTvprintf+0x5c0>
                    }

                    //
                    // Write the string.
                    //
                    CONSOLE_UART_WRITE(pcBuf, ui32Pos);
    4010:	69 85       	ldd	r22, Y+9	; 0x09
    4012:	7a 85       	ldd	r23, Y+10	; 0x0a
    4014:	8b 85       	ldd	r24, Y+11	; 0x0b
    4016:	9c 85       	ldd	r25, Y+12	; 0x0c
    4018:	82 2d       	mov	r24, r2
    401a:	93 2d       	mov	r25, r3
    401c:	0e 94 6b 1b 	call	0x36d6	; 0x36d6 <usart0_send_array>

                    //
                    // This command has been handled.
                    //
                    break;
    4020:	10 c0       	rjmp	.+32     	; 0x4042 <UARTvprintf+0x676>
                case '%':
                {
                    //
                    // Simply write a single %.
                    //
                    CONSOLE_UART_WRITE(pcString - 1, 1);
    4022:	61 e0       	ldi	r22, 0x01	; 1
    4024:	cd 01       	movw	r24, r26
    4026:	0e 94 6b 1b 	call	0x36d6	; 0x36d6 <usart0_send_array>

                    //
                    // This command has been handled.
                    //
                    break;
    402a:	0b c0       	rjmp	.+22     	; 0x4042 <UARTvprintf+0x676>
                default:
                {
                    //
                    // Indicate an error.
                    //
                    CONSOLE_UART_WRITE("ERROR", 5);
    402c:	65 e0       	ldi	r22, 0x05	; 5
    402e:	8e ef       	ldi	r24, 0xFE	; 254
    4030:	9a e0       	ldi	r25, 0x0A	; 10
    4032:	0e 94 6b 1b 	call	0x36d6	; 0x36d6 <usart0_send_array>

                    //
                    // This command has been handled.
                    //
                    break;
    4036:	05 c0       	rjmp	.+10     	; 0x4042 <UARTvprintf+0x676>
                case 's':
                {
                    //
                    // Get the string pointer from the varargs.
                    //
                    pcStr = va_arg(vaArgP, char *);
    4038:	fa a6       	std	Y+42, r15	; 0x2a
    403a:	e9 a6       	std	Y+41, r14	; 0x29
    403c:	02 c0       	rjmp	.+4      	; 0x4042 <UARTvprintf+0x676>
    403e:	fa a6       	std	Y+42, r15	; 0x2a
    4040:	e9 a6       	std	Y+41, r14	; 0x29
    char *pcStr, pcBuf[16], cFill;

    //
    // Loop while there are more characters in the string.
    //
    while(*pcString)
    4042:	d8 01       	movw	r26, r16
    4044:	8c 91       	ld	r24, X
    4046:	81 11       	cpse	r24, r1
    4048:	e5 cc       	rjmp	.-1590   	; 0x3a14 <UARTvprintf+0x48>
                    break;
                }
            }
        }
    }
}
    404a:	aa 96       	adiw	r28, 0x2a	; 42
    404c:	0f b6       	in	r0, 0x3f	; 63
    404e:	f8 94       	cli
    4050:	de bf       	out	0x3e, r29	; 62
    4052:	0f be       	out	0x3f, r0	; 63
    4054:	cd bf       	out	0x3d, r28	; 61
    4056:	df 91       	pop	r29
    4058:	cf 91       	pop	r28
    405a:	1f 91       	pop	r17
    405c:	0f 91       	pop	r16
    405e:	ff 90       	pop	r15
    4060:	ef 90       	pop	r14
    4062:	df 90       	pop	r13
    4064:	cf 90       	pop	r12
    4066:	bf 90       	pop	r11
    4068:	af 90       	pop	r10
    406a:	9f 90       	pop	r9
    406c:	8f 90       	pop	r8
    406e:	7f 90       	pop	r7
    4070:	6f 90       	pop	r6
    4072:	5f 90       	pop	r5
    4074:	4f 90       	pop	r4
    4076:	3f 90       	pop	r3
    4078:	2f 90       	pop	r2
    407a:	08 95       	ret

0000407c <UARTprintf>:
//! \return None.
//
//*****************************************************************************
void
UARTprintf(const char *pcString, ...)
{
    407c:	cf 93       	push	r28
    407e:	df 93       	push	r29
    4080:	cd b7       	in	r28, 0x3d	; 61
    4082:	de b7       	in	r29, 0x3e	; 62
    4084:	be 01       	movw	r22, r28
    4086:	6b 5f       	subi	r22, 0xFB	; 251
    4088:	7f 4f       	sbci	r23, 0xFF	; 255
    408a:	fb 01       	movw	r30, r22
    408c:	81 91       	ld	r24, Z+
    408e:	91 91       	ld	r25, Z+
    4090:	bf 01       	movw	r22, r30
    //
    // Start the varargs processing.
    //
    va_start(vaArgP, pcString);

    UARTvprintf(pcString, vaArgP);
    4092:	0e 94 e6 1c 	call	0x39cc	; 0x39cc <UARTvprintf>

    //
    // We're finished with the varargs now.
    //
    va_end(vaArgP);
    4096:	df 91       	pop	r29
    4098:	cf 91       	pop	r28
    409a:	08 95       	ret

0000409c <BMP390_read_raw_calibration>:

// BMP390 data
BMP390_Data TempPress_data;
uint16_t tmp;
// Function to read raw calibration data from BMP390 sensor
bool BMP390_read_raw_calibration(BMP390_Data *data) {
    409c:	cf 92       	push	r12
    409e:	df 92       	push	r13
    40a0:	ef 92       	push	r14
    40a2:	ff 92       	push	r15
    40a4:	0f 93       	push	r16
    40a6:	1f 93       	push	r17
    40a8:	cf 93       	push	r28
    40aa:	df 93       	push	r29
    40ac:	cd b7       	in	r28, 0x3d	; 61
    40ae:	de b7       	in	r29, 0x3e	; 62
    40b0:	65 97       	sbiw	r28, 0x15	; 21
    40b2:	0f b6       	in	r0, 0x3f	; 63
    40b4:	f8 94       	cli
    40b6:	de bf       	out	0x3e, r29	; 62
    40b8:	0f be       	out	0x3f, r0	; 63
    40ba:	cd bf       	out	0x3d, r28	; 61
    40bc:	6c 01       	movw	r12, r24
	uint8_t calib[21];

	twi_start();
    40be:	0e 94 85 19 	call	0x330a	; 0x330a <twi_start>

	// Send device address with write flag
	twi_write(BMP390_I2C_ADDR << 1);
    40c2:	8e ee       	ldi	r24, 0xEE	; 238
    40c4:	0e 94 9f 19 	call	0x333e	; 0x333e <twi_write>

	// Send register address of calibration data
	twi_write(BMP390_CALIB_DATA_ADDR);
    40c8:	81 e3       	ldi	r24, 0x31	; 49
    40ca:	0e 94 9f 19 	call	0x333e	; 0x333e <twi_write>

	// Send repeated start condition
	twi_start();
    40ce:	0e 94 85 19 	call	0x330a	; 0x330a <twi_start>

	// Send device address with read flag
	twi_write((BMP390_I2C_ADDR << 1) | 1);
    40d2:	8f ee       	ldi	r24, 0xEF	; 239
    40d4:	0e 94 9f 19 	call	0x333e	; 0x333e <twi_write>
    40d8:	8e 01       	movw	r16, r28
    40da:	0f 5f       	subi	r16, 0xFF	; 255
    40dc:	1f 4f       	sbci	r17, 0xFF	; 255
    40de:	7e 01       	movw	r14, r28
    40e0:	85 e1       	ldi	r24, 0x15	; 21
    40e2:	e8 0e       	add	r14, r24
    40e4:	f1 1c       	adc	r15, r1

	// Receive calibration data
	for (uint8_t i = 0; i < 20; i++) {
		calib[i] = twi_read_ack();
    40e6:	0e 94 ae 19 	call	0x335c	; 0x335c <twi_read_ack>
    40ea:	f8 01       	movw	r30, r16
    40ec:	81 93       	st	Z+, r24
    40ee:	8f 01       	movw	r16, r30

	// Send device address with read flag
	twi_write((BMP390_I2C_ADDR << 1) | 1);

	// Receive calibration data
	for (uint8_t i = 0; i < 20; i++) {
    40f0:	ee 15       	cp	r30, r14
    40f2:	ff 05       	cpc	r31, r15
    40f4:	c1 f7       	brne	.-16     	; 0x40e6 <BMP390_read_raw_calibration+0x4a>
		calib[i] = twi_read_ack();
	}
	calib[20] = twi_read_nack();
    40f6:	0e 94 bd 19 	call	0x337a	; 0x337a <twi_read_nack>
	if (!calib[20])
    40fa:	88 23       	and	r24, r24
    40fc:	09 f4       	brne	.+2      	; 0x4100 <BMP390_read_raw_calibration+0x64>
    40fe:	4a c0       	rjmp	.+148    	; 0x4194 <BMP390_read_raw_calibration+0xf8>
		return false;
	// Store the raw calibration data into the _BMP390_Raw_Calib_Data_ structure
	data->NVM.u16_NVM_T1 = ((uint16_t)calib[1] << 8) | (uint16_t)calib[0];
    4100:	2a 81       	ldd	r18, Y+2	; 0x02
    4102:	30 e0       	ldi	r19, 0x00	; 0
    4104:	32 2f       	mov	r19, r18
    4106:	22 27       	eor	r18, r18
    4108:	99 81       	ldd	r25, Y+1	; 0x01
    410a:	29 2b       	or	r18, r25
    410c:	f6 01       	movw	r30, r12
    410e:	32 8b       	std	Z+18, r19	; 0x12
    4110:	21 8b       	std	Z+17, r18	; 0x11
	data->NVM.u16_NVM_T2 = ((uint16_t)calib[3] << 8) | (uint16_t)calib[2];
    4112:	2c 81       	ldd	r18, Y+4	; 0x04
    4114:	30 e0       	ldi	r19, 0x00	; 0
    4116:	32 2f       	mov	r19, r18
    4118:	22 27       	eor	r18, r18
    411a:	9b 81       	ldd	r25, Y+3	; 0x03
    411c:	29 2b       	or	r18, r25
    411e:	34 8b       	std	Z+20, r19	; 0x14
    4120:	23 8b       	std	Z+19, r18	; 0x13
	data->NVM.i8_NVM_T3 = calib[4];
    4122:	9d 81       	ldd	r25, Y+5	; 0x05
    4124:	95 8b       	std	Z+21, r25	; 0x15
	data->NVM.i16_NVM_P1 = ((int16_t)calib[6] << 8) | (int16_t)calib[5];
    4126:	2f 81       	ldd	r18, Y+7	; 0x07
    4128:	30 e0       	ldi	r19, 0x00	; 0
    412a:	32 2f       	mov	r19, r18
    412c:	22 27       	eor	r18, r18
    412e:	9e 81       	ldd	r25, Y+6	; 0x06
    4130:	29 2b       	or	r18, r25
    4132:	37 8b       	std	Z+23, r19	; 0x17
    4134:	26 8b       	std	Z+22, r18	; 0x16
	data->NVM.i16_NVM_P2 = ((int16_t)calib[8] << 8) | (int16_t)calib[7];
    4136:	29 85       	ldd	r18, Y+9	; 0x09
    4138:	30 e0       	ldi	r19, 0x00	; 0
    413a:	32 2f       	mov	r19, r18
    413c:	22 27       	eor	r18, r18
    413e:	98 85       	ldd	r25, Y+8	; 0x08
    4140:	29 2b       	or	r18, r25
    4142:	31 8f       	std	Z+25, r19	; 0x19
    4144:	20 8f       	std	Z+24, r18	; 0x18
	data->NVM.i8_NVM_P3 = calib[9];
    4146:	9a 85       	ldd	r25, Y+10	; 0x0a
    4148:	92 8f       	std	Z+26, r25	; 0x1a
	data->NVM.i8_NVM_P4 = calib[10];
    414a:	9b 85       	ldd	r25, Y+11	; 0x0b
    414c:	93 8f       	std	Z+27, r25	; 0x1b
	data->NVM.u16_NVM_P5 = ((uint16_t)calib[12] << 8) | (uint16_t)calib[11];
    414e:	2d 85       	ldd	r18, Y+13	; 0x0d
    4150:	30 e0       	ldi	r19, 0x00	; 0
    4152:	32 2f       	mov	r19, r18
    4154:	22 27       	eor	r18, r18
    4156:	9c 85       	ldd	r25, Y+12	; 0x0c
    4158:	29 2b       	or	r18, r25
    415a:	35 8f       	std	Z+29, r19	; 0x1d
    415c:	24 8f       	std	Z+28, r18	; 0x1c
	data->NVM.u16_NVM_P6 = ((uint16_t)calib[14] << 8) | (uint16_t)calib[13];
    415e:	2f 85       	ldd	r18, Y+15	; 0x0f
    4160:	30 e0       	ldi	r19, 0x00	; 0
    4162:	32 2f       	mov	r19, r18
    4164:	22 27       	eor	r18, r18
    4166:	9e 85       	ldd	r25, Y+14	; 0x0e
    4168:	29 2b       	or	r18, r25
    416a:	37 8f       	std	Z+31, r19	; 0x1f
    416c:	26 8f       	std	Z+30, r18	; 0x1e
	data->NVM.i8_NVM_P7 = calib[15];
    416e:	98 89       	ldd	r25, Y+16	; 0x10
    4170:	90 a3       	std	Z+32, r25	; 0x20
	data->NVM.i8_NVM_P8 = calib[16];
    4172:	99 89       	ldd	r25, Y+17	; 0x11
    4174:	91 a3       	std	Z+33, r25	; 0x21
	data->NVM.i16_NVM_P9 = ((int16_t)calib[18] << 8) | (int16_t)calib[17];
    4176:	2b 89       	ldd	r18, Y+19	; 0x13
    4178:	30 e0       	ldi	r19, 0x00	; 0
    417a:	32 2f       	mov	r19, r18
    417c:	22 27       	eor	r18, r18
    417e:	9a 89       	ldd	r25, Y+18	; 0x12
    4180:	29 2b       	or	r18, r25
    4182:	33 a3       	std	Z+35, r19	; 0x23
    4184:	22 a3       	std	Z+34, r18	; 0x22
	data->NVM.i8_NVM_P10 = calib[19];
    4186:	9c 89       	ldd	r25, Y+20	; 0x14
    4188:	94 a3       	std	Z+36, r25	; 0x24
	data->NVM.i8_NVM_P11 = calib[20];
    418a:	85 a3       	std	Z+37, r24	; 0x25
	
	// Send stop condition
	twi_stop();
    418c:	0e 94 92 19 	call	0x3324	; 0x3324 <twi_stop>
	return true;
    4190:	81 e0       	ldi	r24, 0x01	; 1
    4192:	01 c0       	rjmp	.+2      	; 0x4196 <BMP390_read_raw_calibration+0xfa>
	for (uint8_t i = 0; i < 20; i++) {
		calib[i] = twi_read_ack();
	}
	calib[20] = twi_read_nack();
	if (!calib[20])
		return false;
    4194:	80 e0       	ldi	r24, 0x00	; 0
	data->NVM.i8_NVM_P11 = calib[20];
	
	// Send stop condition
	twi_stop();
	return true;
}
    4196:	65 96       	adiw	r28, 0x15	; 21
    4198:	0f b6       	in	r0, 0x3f	; 63
    419a:	f8 94       	cli
    419c:	de bf       	out	0x3e, r29	; 62
    419e:	0f be       	out	0x3f, r0	; 63
    41a0:	cd bf       	out	0x3d, r28	; 61
    41a2:	df 91       	pop	r29
    41a4:	cf 91       	pop	r28
    41a6:	1f 91       	pop	r17
    41a8:	0f 91       	pop	r16
    41aa:	ff 90       	pop	r15
    41ac:	ef 90       	pop	r14
    41ae:	df 90       	pop	r13
    41b0:	cf 90       	pop	r12
    41b2:	08 95       	ret

000041b4 <BMP390_convert_calibration>:

// Function to convert raw calibration data to floating-point calibration data
void BMP390_convert_calibration(BMP390_Data *data) {
    41b4:	0f 93       	push	r16
    41b6:	1f 93       	push	r17
    41b8:	cf 93       	push	r28
    41ba:	df 93       	push	r29
    41bc:	ec 01       	movw	r28, r24
	data->PAR.f_PAR_T1 = data->NVM.u16_NVM_T1 * 256.0;
    41be:	69 89       	ldd	r22, Y+17	; 0x11
    41c0:	7a 89       	ldd	r23, Y+18	; 0x12
    41c2:	80 e0       	ldi	r24, 0x00	; 0
    41c4:	90 e0       	ldi	r25, 0x00	; 0
    41c6:	0e 94 97 2b 	call	0x572e	; 0x572e <__floatunsisf>
    41ca:	20 e0       	ldi	r18, 0x00	; 0
    41cc:	30 e0       	ldi	r19, 0x00	; 0
    41ce:	40 e8       	ldi	r20, 0x80	; 128
    41d0:	53 e4       	ldi	r21, 0x43	; 67
    41d2:	0e 94 25 2c 	call	0x584a	; 0x584a <__mulsf3>
    41d6:	6e a3       	std	Y+38, r22	; 0x26
    41d8:	7f a3       	std	Y+39, r23	; 0x27
    41da:	88 a7       	std	Y+40, r24	; 0x28
    41dc:	99 a7       	std	Y+41, r25	; 0x29
	data->PAR.f_PAR_T2 = data->NVM.u16_NVM_T2 / 1073741824.0;
    41de:	6b 89       	ldd	r22, Y+19	; 0x13
    41e0:	7c 89       	ldd	r23, Y+20	; 0x14
    41e2:	80 e0       	ldi	r24, 0x00	; 0
    41e4:	90 e0       	ldi	r25, 0x00	; 0
    41e6:	0e 94 97 2b 	call	0x572e	; 0x572e <__floatunsisf>
    41ea:	20 e0       	ldi	r18, 0x00	; 0
    41ec:	30 e0       	ldi	r19, 0x00	; 0
    41ee:	40 e8       	ldi	r20, 0x80	; 128
    41f0:	50 e3       	ldi	r21, 0x30	; 48
    41f2:	0e 94 25 2c 	call	0x584a	; 0x584a <__mulsf3>
    41f6:	6a a7       	std	Y+42, r22	; 0x2a
    41f8:	7b a7       	std	Y+43, r23	; 0x2b
    41fa:	8c a7       	std	Y+44, r24	; 0x2c
    41fc:	9d a7       	std	Y+45, r25	; 0x2d
	data->PAR.f_PAR_T3 = data->NVM.i8_NVM_T3 / 281474976710656.0;
    41fe:	6d 89       	ldd	r22, Y+21	; 0x15
    4200:	06 2e       	mov	r0, r22
    4202:	00 0c       	add	r0, r0
    4204:	77 0b       	sbc	r23, r23
    4206:	88 0b       	sbc	r24, r24
    4208:	99 0b       	sbc	r25, r25
    420a:	0e 94 99 2b 	call	0x5732	; 0x5732 <__floatsisf>
    420e:	20 e0       	ldi	r18, 0x00	; 0
    4210:	30 e0       	ldi	r19, 0x00	; 0
    4212:	40 e8       	ldi	r20, 0x80	; 128
    4214:	57 e2       	ldi	r21, 0x27	; 39
    4216:	0e 94 25 2c 	call	0x584a	; 0x584a <__mulsf3>
    421a:	6e a7       	std	Y+46, r22	; 0x2e
    421c:	7f a7       	std	Y+47, r23	; 0x2f
    421e:	88 ab       	std	Y+48, r24	; 0x30
    4220:	99 ab       	std	Y+49, r25	; 0x31
	data->PAR.f_PAR_P1 = (data->NVM.i16_NVM_P1 - 16384) / 1048576.0;
    4222:	6e 89       	ldd	r22, Y+22	; 0x16
    4224:	7f 89       	ldd	r23, Y+23	; 0x17
    4226:	70 54       	subi	r23, 0x40	; 64
    4228:	07 2e       	mov	r0, r23
    422a:	00 0c       	add	r0, r0
    422c:	88 0b       	sbc	r24, r24
    422e:	99 0b       	sbc	r25, r25
    4230:	0e 94 99 2b 	call	0x5732	; 0x5732 <__floatsisf>
    4234:	20 e0       	ldi	r18, 0x00	; 0
    4236:	30 e0       	ldi	r19, 0x00	; 0
    4238:	40 e8       	ldi	r20, 0x80	; 128
    423a:	55 e3       	ldi	r21, 0x35	; 53
    423c:	0e 94 25 2c 	call	0x584a	; 0x584a <__mulsf3>
    4240:	6a ab       	std	Y+50, r22	; 0x32
    4242:	7b ab       	std	Y+51, r23	; 0x33
    4244:	8c ab       	std	Y+52, r24	; 0x34
    4246:	9d ab       	std	Y+53, r25	; 0x35
	data->PAR.f_PAR_P2 = (data->NVM.i16_NVM_P2 - 16384) / 536870912.0;
    4248:	68 8d       	ldd	r22, Y+24	; 0x18
    424a:	79 8d       	ldd	r23, Y+25	; 0x19
    424c:	70 54       	subi	r23, 0x40	; 64
    424e:	07 2e       	mov	r0, r23
    4250:	00 0c       	add	r0, r0
    4252:	88 0b       	sbc	r24, r24
    4254:	99 0b       	sbc	r25, r25
    4256:	0e 94 99 2b 	call	0x5732	; 0x5732 <__floatsisf>
    425a:	20 e0       	ldi	r18, 0x00	; 0
    425c:	30 e0       	ldi	r19, 0x00	; 0
    425e:	40 e0       	ldi	r20, 0x00	; 0
    4260:	51 e3       	ldi	r21, 0x31	; 49
    4262:	0e 94 25 2c 	call	0x584a	; 0x584a <__mulsf3>
    4266:	6e ab       	std	Y+54, r22	; 0x36
    4268:	7f ab       	std	Y+55, r23	; 0x37
    426a:	88 af       	std	Y+56, r24	; 0x38
    426c:	99 af       	std	Y+57, r25	; 0x39
	data->PAR.f_PAR_P3 = data->NVM.i8_NVM_P3 / 4294967296.0;
    426e:	6a 8d       	ldd	r22, Y+26	; 0x1a
    4270:	06 2e       	mov	r0, r22
    4272:	00 0c       	add	r0, r0
    4274:	77 0b       	sbc	r23, r23
    4276:	88 0b       	sbc	r24, r24
    4278:	99 0b       	sbc	r25, r25
    427a:	0e 94 99 2b 	call	0x5732	; 0x5732 <__floatsisf>
    427e:	20 e0       	ldi	r18, 0x00	; 0
    4280:	30 e0       	ldi	r19, 0x00	; 0
    4282:	40 e8       	ldi	r20, 0x80	; 128
    4284:	5f e2       	ldi	r21, 0x2F	; 47
    4286:	0e 94 25 2c 	call	0x584a	; 0x584a <__mulsf3>
    428a:	6a af       	std	Y+58, r22	; 0x3a
    428c:	7b af       	std	Y+59, r23	; 0x3b
    428e:	8c af       	std	Y+60, r24	; 0x3c
    4290:	9d af       	std	Y+61, r25	; 0x3d
	data->PAR.f_PAR_P4 = data->NVM.i8_NVM_P4 / 137438953472.0;
    4292:	8e 01       	movw	r16, r28
    4294:	02 5c       	subi	r16, 0xC2	; 194
    4296:	1f 4f       	sbci	r17, 0xFF	; 255
    4298:	6b 8d       	ldd	r22, Y+27	; 0x1b
    429a:	06 2e       	mov	r0, r22
    429c:	00 0c       	add	r0, r0
    429e:	77 0b       	sbc	r23, r23
    42a0:	88 0b       	sbc	r24, r24
    42a2:	99 0b       	sbc	r25, r25
    42a4:	0e 94 99 2b 	call	0x5732	; 0x5732 <__floatsisf>
    42a8:	20 e0       	ldi	r18, 0x00	; 0
    42aa:	30 e0       	ldi	r19, 0x00	; 0
    42ac:	40 e0       	ldi	r20, 0x00	; 0
    42ae:	5d e2       	ldi	r21, 0x2D	; 45
    42b0:	0e 94 25 2c 	call	0x584a	; 0x584a <__mulsf3>
    42b4:	f8 01       	movw	r30, r16
    42b6:	60 83       	st	Z, r22
    42b8:	71 83       	std	Z+1, r23	; 0x01
    42ba:	82 83       	std	Z+2, r24	; 0x02
    42bc:	93 83       	std	Z+3, r25	; 0x03
	data->PAR.f_PAR_P5 = data->NVM.u16_NVM_P5 / 0.125;
    42be:	0c 5f       	subi	r16, 0xFC	; 252
    42c0:	1f 4f       	sbci	r17, 0xFF	; 255
    42c2:	6c 8d       	ldd	r22, Y+28	; 0x1c
    42c4:	7d 8d       	ldd	r23, Y+29	; 0x1d
    42c6:	80 e0       	ldi	r24, 0x00	; 0
    42c8:	90 e0       	ldi	r25, 0x00	; 0
    42ca:	0e 94 97 2b 	call	0x572e	; 0x572e <__floatunsisf>
    42ce:	20 e0       	ldi	r18, 0x00	; 0
    42d0:	30 e0       	ldi	r19, 0x00	; 0
    42d2:	40 e0       	ldi	r20, 0x00	; 0
    42d4:	51 e4       	ldi	r21, 0x41	; 65
    42d6:	0e 94 25 2c 	call	0x584a	; 0x584a <__mulsf3>
    42da:	f8 01       	movw	r30, r16
    42dc:	60 83       	st	Z, r22
    42de:	71 83       	std	Z+1, r23	; 0x01
    42e0:	82 83       	std	Z+2, r24	; 0x02
    42e2:	93 83       	std	Z+3, r25	; 0x03
	data->PAR.f_PAR_P6 = data->NVM.u16_NVM_P6 / 64.0;
    42e4:	0c 5f       	subi	r16, 0xFC	; 252
    42e6:	1f 4f       	sbci	r17, 0xFF	; 255
    42e8:	6e 8d       	ldd	r22, Y+30	; 0x1e
    42ea:	7f 8d       	ldd	r23, Y+31	; 0x1f
    42ec:	80 e0       	ldi	r24, 0x00	; 0
    42ee:	90 e0       	ldi	r25, 0x00	; 0
    42f0:	0e 94 97 2b 	call	0x572e	; 0x572e <__floatunsisf>
    42f4:	20 e0       	ldi	r18, 0x00	; 0
    42f6:	30 e0       	ldi	r19, 0x00	; 0
    42f8:	40 e8       	ldi	r20, 0x80	; 128
    42fa:	5c e3       	ldi	r21, 0x3C	; 60
    42fc:	0e 94 25 2c 	call	0x584a	; 0x584a <__mulsf3>
    4300:	f8 01       	movw	r30, r16
    4302:	60 83       	st	Z, r22
    4304:	71 83       	std	Z+1, r23	; 0x01
    4306:	82 83       	std	Z+2, r24	; 0x02
    4308:	93 83       	std	Z+3, r25	; 0x03
	data->PAR.f_PAR_P7 = data->NVM.i8_NVM_P7 / 256.0;
    430a:	0c 5f       	subi	r16, 0xFC	; 252
    430c:	1f 4f       	sbci	r17, 0xFF	; 255
    430e:	68 a1       	ldd	r22, Y+32	; 0x20
    4310:	06 2e       	mov	r0, r22
    4312:	00 0c       	add	r0, r0
    4314:	77 0b       	sbc	r23, r23
    4316:	88 0b       	sbc	r24, r24
    4318:	99 0b       	sbc	r25, r25
    431a:	0e 94 99 2b 	call	0x5732	; 0x5732 <__floatsisf>
    431e:	20 e0       	ldi	r18, 0x00	; 0
    4320:	30 e0       	ldi	r19, 0x00	; 0
    4322:	40 e8       	ldi	r20, 0x80	; 128
    4324:	5b e3       	ldi	r21, 0x3B	; 59
    4326:	0e 94 25 2c 	call	0x584a	; 0x584a <__mulsf3>
    432a:	f8 01       	movw	r30, r16
    432c:	60 83       	st	Z, r22
    432e:	71 83       	std	Z+1, r23	; 0x01
    4330:	82 83       	std	Z+2, r24	; 0x02
    4332:	93 83       	std	Z+3, r25	; 0x03
	data->PAR.f_PAR_P8 = data->NVM.i8_NVM_P8 / 32768.0;
    4334:	0c 5f       	subi	r16, 0xFC	; 252
    4336:	1f 4f       	sbci	r17, 0xFF	; 255
    4338:	69 a1       	ldd	r22, Y+33	; 0x21
    433a:	06 2e       	mov	r0, r22
    433c:	00 0c       	add	r0, r0
    433e:	77 0b       	sbc	r23, r23
    4340:	88 0b       	sbc	r24, r24
    4342:	99 0b       	sbc	r25, r25
    4344:	0e 94 99 2b 	call	0x5732	; 0x5732 <__floatsisf>
    4348:	20 e0       	ldi	r18, 0x00	; 0
    434a:	30 e0       	ldi	r19, 0x00	; 0
    434c:	40 e0       	ldi	r20, 0x00	; 0
    434e:	58 e3       	ldi	r21, 0x38	; 56
    4350:	0e 94 25 2c 	call	0x584a	; 0x584a <__mulsf3>
    4354:	f8 01       	movw	r30, r16
    4356:	60 83       	st	Z, r22
    4358:	71 83       	std	Z+1, r23	; 0x01
    435a:	82 83       	std	Z+2, r24	; 0x02
    435c:	93 83       	std	Z+3, r25	; 0x03
	data->PAR.f_PAR_P9 = data->NVM.i16_NVM_P9 / 281474976710656.0;
    435e:	0c 5f       	subi	r16, 0xFC	; 252
    4360:	1f 4f       	sbci	r17, 0xFF	; 255
    4362:	6a a1       	ldd	r22, Y+34	; 0x22
    4364:	7b a1       	ldd	r23, Y+35	; 0x23
    4366:	80 e0       	ldi	r24, 0x00	; 0
    4368:	90 e0       	ldi	r25, 0x00	; 0
    436a:	0e 94 97 2b 	call	0x572e	; 0x572e <__floatunsisf>
    436e:	20 e0       	ldi	r18, 0x00	; 0
    4370:	30 e0       	ldi	r19, 0x00	; 0
    4372:	40 e8       	ldi	r20, 0x80	; 128
    4374:	57 e2       	ldi	r21, 0x27	; 39
    4376:	0e 94 25 2c 	call	0x584a	; 0x584a <__mulsf3>
    437a:	f8 01       	movw	r30, r16
    437c:	60 83       	st	Z, r22
    437e:	71 83       	std	Z+1, r23	; 0x01
    4380:	82 83       	std	Z+2, r24	; 0x02
    4382:	93 83       	std	Z+3, r25	; 0x03
	data->PAR.f_PAR_P10 = data->NVM.i8_NVM_P10 / 281474976710656.0;
    4384:	0c 5f       	subi	r16, 0xFC	; 252
    4386:	1f 4f       	sbci	r17, 0xFF	; 255
    4388:	6c a1       	ldd	r22, Y+36	; 0x24
    438a:	06 2e       	mov	r0, r22
    438c:	00 0c       	add	r0, r0
    438e:	77 0b       	sbc	r23, r23
    4390:	88 0b       	sbc	r24, r24
    4392:	99 0b       	sbc	r25, r25
    4394:	0e 94 99 2b 	call	0x5732	; 0x5732 <__floatsisf>
    4398:	20 e0       	ldi	r18, 0x00	; 0
    439a:	30 e0       	ldi	r19, 0x00	; 0
    439c:	40 e8       	ldi	r20, 0x80	; 128
    439e:	57 e2       	ldi	r21, 0x27	; 39
    43a0:	0e 94 25 2c 	call	0x584a	; 0x584a <__mulsf3>
    43a4:	f8 01       	movw	r30, r16
    43a6:	60 83       	st	Z, r22
    43a8:	71 83       	std	Z+1, r23	; 0x01
    43aa:	82 83       	std	Z+2, r24	; 0x02
    43ac:	93 83       	std	Z+3, r25	; 0x03
	data->PAR.f_PAR_P11 = data->NVM.i8_NVM_P11 / 36893488147419103232.0;
    43ae:	0c 5f       	subi	r16, 0xFC	; 252
    43b0:	1f 4f       	sbci	r17, 0xFF	; 255
    43b2:	6d a1       	ldd	r22, Y+37	; 0x25
    43b4:	06 2e       	mov	r0, r22
    43b6:	00 0c       	add	r0, r0
    43b8:	77 0b       	sbc	r23, r23
    43ba:	88 0b       	sbc	r24, r24
    43bc:	99 0b       	sbc	r25, r25
    43be:	0e 94 99 2b 	call	0x5732	; 0x5732 <__floatsisf>
    43c2:	20 e0       	ldi	r18, 0x00	; 0
    43c4:	30 e0       	ldi	r19, 0x00	; 0
    43c6:	40 e0       	ldi	r20, 0x00	; 0
    43c8:	5f e1       	ldi	r21, 0x1F	; 31
    43ca:	0e 94 25 2c 	call	0x584a	; 0x584a <__mulsf3>
    43ce:	f8 01       	movw	r30, r16
    43d0:	60 83       	st	Z, r22
    43d2:	71 83       	std	Z+1, r23	; 0x01
    43d4:	82 83       	std	Z+2, r24	; 0x02
    43d6:	93 83       	std	Z+3, r25	; 0x03
}
    43d8:	df 91       	pop	r29
    43da:	cf 91       	pop	r28
    43dc:	1f 91       	pop	r17
    43de:	0f 91       	pop	r16
    43e0:	08 95       	ret

000043e2 <BMP390_set_mode>:

//
void BMP390_set_mode(BMP390_Mode mode) {
    43e2:	cf 93       	push	r28
    43e4:	c8 2f       	mov	r28, r24
	uint8_t reg_value;
	twi_start();
    43e6:	0e 94 85 19 	call	0x330a	; 0x330a <twi_start>

	// Send device address with write flag
	twi_write(BMP390_I2C_ADDR << 1);
    43ea:	8e ee       	ldi	r24, 0xEE	; 238
    43ec:	0e 94 9f 19 	call	0x333e	; 0x333e <twi_write>

	// Send register address of PWR_CTRL register
	twi_write(BMP390_REG_PWR_CTRL);
    43f0:	8b e1       	ldi	r24, 0x1B	; 27
    43f2:	0e 94 9f 19 	call	0x333e	; 0x333e <twi_write>

	// Send repeated start condition
	twi_start();
    43f6:	0e 94 85 19 	call	0x330a	; 0x330a <twi_start>

	// Send device address with read flag
	twi_write((BMP390_I2C_ADDR << 1) | 1);
    43fa:	8f ee       	ldi	r24, 0xEF	; 239
    43fc:	0e 94 9f 19 	call	0x333e	; 0x333e <twi_write>

	// Receive the current value of PWR_CTRL register
	reg_value = twi_read_nack();
    4400:	0e 94 bd 19 	call	0x337a	; 0x337a <twi_read_nack>

	// Clear bits 5 and 4 (mode bits)
	reg_value &= ~(0x30);

	// Set mode bits according to input mode
	reg_value |= (mode << 4);
    4404:	90 e1       	ldi	r25, 0x10	; 16
    4406:	c9 9f       	mul	r28, r25
    4408:	90 01       	movw	r18, r0
    440a:	11 24       	eor	r1, r1
    440c:	8f 7c       	andi	r24, 0xCF	; 207
    440e:	c8 2f       	mov	r28, r24
    4410:	c2 2b       	or	r28, r18
	
	reg_value |= (3 << 0);
	
	// Send stop condition
	twi_stop();
    4412:	0e 94 92 19 	call	0x3324	; 0x3324 <twi_stop>

	// Write modified value back to PWR_CTRL register
	twi_start();
    4416:	0e 94 85 19 	call	0x330a	; 0x330a <twi_start>
	twi_write(BMP390_I2C_ADDR << 1);
    441a:	8e ee       	ldi	r24, 0xEE	; 238
    441c:	0e 94 9f 19 	call	0x333e	; 0x333e <twi_write>
	twi_write(BMP390_REG_PWR_CTRL);
    4420:	8b e1       	ldi	r24, 0x1B	; 27
    4422:	0e 94 9f 19 	call	0x333e	; 0x333e <twi_write>
	twi_write(reg_value);
    4426:	8c 2f       	mov	r24, r28
    4428:	83 60       	ori	r24, 0x03	; 3
    442a:	0e 94 9f 19 	call	0x333e	; 0x333e <twi_write>
	twi_stop();
    442e:	0e 94 92 19 	call	0x3324	; 0x3324 <twi_stop>
	return true;
}
    4432:	cf 91       	pop	r28
    4434:	08 95       	ret

00004436 <BMP390_init>:

// Function to initialize BMP390 sensor
bool BMP390_init(void) 
{
    4436:	cf 93       	push	r28
	BMP390_set_mode(BMP390_MODE_NORMAL);
    4438:	83 e0       	ldi	r24, 0x03	; 3
    443a:	0e 94 f1 21 	call	0x43e2	; 0x43e2 <BMP390_set_mode>
	bool err = BMP390_read_raw_calibration(&TempPress_data);
    443e:	8a ee       	ldi	r24, 0xEA	; 234
    4440:	9d e0       	ldi	r25, 0x0D	; 13
    4442:	0e 94 4e 20 	call	0x409c	; 0x409c <BMP390_read_raw_calibration>
    4446:	c8 2f       	mov	r28, r24
	BMP390_convert_calibration(&TempPress_data);
    4448:	8a ee       	ldi	r24, 0xEA	; 234
    444a:	9d e0       	ldi	r25, 0x0D	; 13
    444c:	0e 94 da 20 	call	0x41b4	; 0x41b4 <BMP390_convert_calibration>
	return err;
}
    4450:	8c 2f       	mov	r24, r28
    4452:	cf 91       	pop	r28
    4454:	08 95       	ret

00004456 <BMP390_read_raw_temp_press>:

// Function to read temperature and pressure data from BMP390 sensor
void BMP390_read_raw_temp_press(BMP390_Data *data) {
    4456:	cf 92       	push	r12
    4458:	df 92       	push	r13
    445a:	ef 92       	push	r14
    445c:	ff 92       	push	r15
    445e:	0f 93       	push	r16
    4460:	1f 93       	push	r17
    4462:	cf 93       	push	r28
    4464:	df 93       	push	r29
    4466:	00 d0       	rcall	.+0      	; 0x4468 <BMP390_read_raw_temp_press+0x12>
    4468:	00 d0       	rcall	.+0      	; 0x446a <BMP390_read_raw_temp_press+0x14>
    446a:	00 d0       	rcall	.+0      	; 0x446c <BMP390_read_raw_temp_press+0x16>
    446c:	cd b7       	in	r28, 0x3d	; 61
    446e:	de b7       	in	r29, 0x3e	; 62
    4470:	7c 01       	movw	r14, r24
	uint8_t temp_press_data[6];

	twi_start();
    4472:	0e 94 85 19 	call	0x330a	; 0x330a <twi_start>

	// Send device address with write flag
	twi_write(BMP390_I2C_ADDR << 1);
    4476:	8e ee       	ldi	r24, 0xEE	; 238
    4478:	0e 94 9f 19 	call	0x333e	; 0x333e <twi_write>

	// Send register address of temperature and pressure data
	twi_write(BMP390_TEMP_PRESS_DATA_ADDR);
    447c:	84 e0       	ldi	r24, 0x04	; 4
    447e:	0e 94 9f 19 	call	0x333e	; 0x333e <twi_write>

	// Send repeated start condition
	twi_start();
    4482:	0e 94 85 19 	call	0x330a	; 0x330a <twi_start>

	// Send device address with read flag
	twi_write((BMP390_I2C_ADDR << 1) | 1);
    4486:	8f ee       	ldi	r24, 0xEF	; 239
    4488:	0e 94 9f 19 	call	0x333e	; 0x333e <twi_write>
    448c:	8e 01       	movw	r16, r28
    448e:	0f 5f       	subi	r16, 0xFF	; 255
    4490:	1f 4f       	sbci	r17, 0xFF	; 255
    4492:	6e 01       	movw	r12, r28
    4494:	86 e0       	ldi	r24, 0x06	; 6
    4496:	c8 0e       	add	r12, r24
    4498:	d1 1c       	adc	r13, r1

	// Receive temperature and pressure data
	for (uint8_t i = 0; i < 5; i++) {
		temp_press_data[i] = twi_read_ack();
    449a:	0e 94 ae 19 	call	0x335c	; 0x335c <twi_read_ack>
    449e:	f8 01       	movw	r30, r16
    44a0:	81 93       	st	Z+, r24
    44a2:	8f 01       	movw	r16, r30

	// Send device address with read flag
	twi_write((BMP390_I2C_ADDR << 1) | 1);

	// Receive temperature and pressure data
	for (uint8_t i = 0; i < 5; i++) {
    44a4:	ec 15       	cp	r30, r12
    44a6:	fd 05       	cpc	r31, r13
    44a8:	c1 f7       	brne	.-16     	; 0x449a <BMP390_read_raw_temp_press+0x44>
		temp_press_data[i] = twi_read_ack();
	}
	temp_press_data[5] = twi_read_nack();
    44aa:	0e 94 bd 19 	call	0x337a	; 0x337a <twi_read_nack>

	// Combine the bytes to form the temperature and pressure readings
	int32_t temp_raw = ((uint32_t)temp_press_data[5] << 16) | ((uint32_t)temp_press_data[4] << 8) | (uint32_t)temp_press_data[3];
	int32_t press_raw = ((uint32_t)temp_press_data[2] << 16) | ((uint32_t)temp_press_data[1] << 8) | (uint32_t)temp_press_data[0];
    44ae:	9b 81       	ldd	r25, Y+3	; 0x03
    44b0:	4a 81       	ldd	r20, Y+2	; 0x02
    44b2:	50 e0       	ldi	r21, 0x00	; 0
    44b4:	60 e0       	ldi	r22, 0x00	; 0
    44b6:	70 e0       	ldi	r23, 0x00	; 0
    44b8:	76 2f       	mov	r23, r22
    44ba:	65 2f       	mov	r22, r21
    44bc:	54 2f       	mov	r21, r20
    44be:	44 27       	eor	r20, r20
    44c0:	69 2b       	or	r22, r25
    44c2:	99 81       	ldd	r25, Y+1	; 0x01
    44c4:	49 2b       	or	r20, r25

	// Store the raw readings into the BMP390_Data structure
	data->temperature_raw = temp_raw;
    44c6:	0d 81       	ldd	r16, Y+5	; 0x05
    44c8:	10 e0       	ldi	r17, 0x00	; 0
    44ca:	20 e0       	ldi	r18, 0x00	; 0
    44cc:	30 e0       	ldi	r19, 0x00	; 0
    44ce:	32 2f       	mov	r19, r18
    44d0:	21 2f       	mov	r18, r17
    44d2:	10 2f       	mov	r17, r16
    44d4:	00 27       	eor	r16, r16
    44d6:	9c 81       	ldd	r25, Y+4	; 0x04
    44d8:	09 2b       	or	r16, r25
    44da:	28 2b       	or	r18, r24
    44dc:	f7 01       	movw	r30, r14
    44de:	00 83       	st	Z, r16
    44e0:	11 83       	std	Z+1, r17	; 0x01
    44e2:	22 83       	std	Z+2, r18	; 0x02
    44e4:	33 83       	std	Z+3, r19	; 0x03
	data->pressure_raw = press_raw;
    44e6:	40 87       	std	Z+8, r20	; 0x08
    44e8:	51 87       	std	Z+9, r21	; 0x09
    44ea:	62 87       	std	Z+10, r22	; 0x0a
    44ec:	73 87       	std	Z+11, r23	; 0x0b
	// Send stop condition
	twi_stop();
    44ee:	0e 94 92 19 	call	0x3324	; 0x3324 <twi_stop>
}
    44f2:	26 96       	adiw	r28, 0x06	; 6
    44f4:	0f b6       	in	r0, 0x3f	; 63
    44f6:	f8 94       	cli
    44f8:	de bf       	out	0x3e, r29	; 62
    44fa:	0f be       	out	0x3f, r0	; 63
    44fc:	cd bf       	out	0x3d, r28	; 61
    44fe:	df 91       	pop	r29
    4500:	cf 91       	pop	r28
    4502:	1f 91       	pop	r17
    4504:	0f 91       	pop	r16
    4506:	ff 90       	pop	r15
    4508:	ef 90       	pop	r14
    450a:	df 90       	pop	r13
    450c:	cf 90       	pop	r12
    450e:	08 95       	ret

00004510 <BMP390_compensate_temperature>:


// Function to compensate temperature reading
void BMP390_compensate_temperature(BMP390_Data *data) {
    4510:	8f 92       	push	r8
    4512:	9f 92       	push	r9
    4514:	af 92       	push	r10
    4516:	bf 92       	push	r11
    4518:	cf 92       	push	r12
    451a:	df 92       	push	r13
    451c:	ef 92       	push	r14
    451e:	ff 92       	push	r15
    4520:	cf 93       	push	r28
    4522:	df 93       	push	r29
    4524:	ec 01       	movw	r28, r24
	float partial_data1;
	float partial_data2;
	
	partial_data1 = (float)(data->temperature_raw-data->PAR.f_PAR_T1);
    4526:	68 81       	ld	r22, Y
    4528:	79 81       	ldd	r23, Y+1	; 0x01
    452a:	8a 81       	ldd	r24, Y+2	; 0x02
    452c:	9b 81       	ldd	r25, Y+3	; 0x03
    452e:	0e 94 99 2b 	call	0x5732	; 0x5732 <__floatsisf>
    4532:	2e a1       	ldd	r18, Y+38	; 0x26
    4534:	3f a1       	ldd	r19, Y+39	; 0x27
    4536:	48 a5       	ldd	r20, Y+40	; 0x28
    4538:	59 a5       	ldd	r21, Y+41	; 0x29
    453a:	0e 94 82 2a 	call	0x5504	; 0x5504 <__subsf3>
    453e:	6b 01       	movw	r12, r22
    4540:	7c 01       	movw	r14, r24
	partial_data2 = (float)(partial_data1*data->PAR.f_PAR_T2);
	
	data->temperature = partial_data2+(partial_data1*partial_data1)*data->PAR.f_PAR_T3;
	//Pressure 10 times
	data->temperature *=10;
    4542:	9b 01       	movw	r18, r22
    4544:	ac 01       	movw	r20, r24
    4546:	0e 94 25 2c 	call	0x584a	; 0x584a <__mulsf3>
    454a:	2e a5       	ldd	r18, Y+46	; 0x2e
    454c:	3f a5       	ldd	r19, Y+47	; 0x2f
    454e:	48 a9       	ldd	r20, Y+48	; 0x30
    4550:	59 a9       	ldd	r21, Y+49	; 0x31
    4552:	0e 94 25 2c 	call	0x584a	; 0x584a <__mulsf3>
    4556:	4b 01       	movw	r8, r22
    4558:	5c 01       	movw	r10, r24
    455a:	2a a5       	ldd	r18, Y+42	; 0x2a
    455c:	3b a5       	ldd	r19, Y+43	; 0x2b
    455e:	4c a5       	ldd	r20, Y+44	; 0x2c
    4560:	5d a5       	ldd	r21, Y+45	; 0x2d
    4562:	c7 01       	movw	r24, r14
    4564:	b6 01       	movw	r22, r12
    4566:	0e 94 25 2c 	call	0x584a	; 0x584a <__mulsf3>
    456a:	9b 01       	movw	r18, r22
    456c:	ac 01       	movw	r20, r24
    456e:	c5 01       	movw	r24, r10
    4570:	b4 01       	movw	r22, r8
    4572:	0e 94 83 2a 	call	0x5506	; 0x5506 <__addsf3>
    4576:	20 e0       	ldi	r18, 0x00	; 0
    4578:	30 e0       	ldi	r19, 0x00	; 0
    457a:	40 e2       	ldi	r20, 0x20	; 32
    457c:	51 e4       	ldi	r21, 0x41	; 65
    457e:	0e 94 25 2c 	call	0x584a	; 0x584a <__mulsf3>
    4582:	6c 83       	std	Y+4, r22	; 0x04
    4584:	7d 83       	std	Y+5, r23	; 0x05
    4586:	8e 83       	std	Y+6, r24	; 0x06
    4588:	9f 83       	std	Y+7, r25	; 0x07
}
    458a:	df 91       	pop	r29
    458c:	cf 91       	pop	r28
    458e:	ff 90       	pop	r15
    4590:	ef 90       	pop	r14
    4592:	df 90       	pop	r13
    4594:	cf 90       	pop	r12
    4596:	bf 90       	pop	r11
    4598:	af 90       	pop	r10
    459a:	9f 90       	pop	r9
    459c:	8f 90       	pop	r8
    459e:	08 95       	ret

000045a0 <BMP390_compensate_pressure>:

// Function to compensate pressure reading
void BMP390_compensate_pressure(BMP390_Data *data) {
    45a0:	4f 92       	push	r4
    45a2:	5f 92       	push	r5
    45a4:	6f 92       	push	r6
    45a6:	7f 92       	push	r7
    45a8:	8f 92       	push	r8
    45aa:	9f 92       	push	r9
    45ac:	af 92       	push	r10
    45ae:	bf 92       	push	r11
    45b0:	cf 92       	push	r12
    45b2:	df 92       	push	r13
    45b4:	ef 92       	push	r14
    45b6:	ff 92       	push	r15
    45b8:	0f 93       	push	r16
    45ba:	1f 93       	push	r17
    45bc:	cf 93       	push	r28
    45be:	df 93       	push	r29
    45c0:	cd b7       	in	r28, 0x3d	; 61
    45c2:	de b7       	in	r29, 0x3e	; 62
    45c4:	62 97       	sbiw	r28, 0x12	; 18
    45c6:	0f b6       	in	r0, 0x3f	; 63
    45c8:	f8 94       	cli
    45ca:	de bf       	out	0x3e, r29	; 62
    45cc:	0f be       	out	0x3f, r0	; 63
    45ce:	cd bf       	out	0x3d, r28	; 61
    45d0:	9a 8b       	std	Y+18, r25	; 0x12
    45d2:	89 8b       	std	Y+17, r24	; 0x11
	float partial_data3;
	float partial_data4;
	float partial_out1;
	float partial_out2;
	
	partial_data1=data->PAR.f_PAR_P6*(data->temperature);
    45d4:	fc 01       	movw	r30, r24
    45d6:	44 80       	ldd	r4, Z+4	; 0x04
    45d8:	55 80       	ldd	r5, Z+5	; 0x05
    45da:	66 80       	ldd	r6, Z+6	; 0x06
    45dc:	77 80       	ldd	r7, Z+7	; 0x07
	partial_data2=data->PAR.f_PAR_P7*(data->temperature*data->temperature);
    45de:	a3 01       	movw	r20, r6
    45e0:	92 01       	movw	r18, r4
    45e2:	c3 01       	movw	r24, r6
    45e4:	b2 01       	movw	r22, r4
    45e6:	0e 94 25 2c 	call	0x584a	; 0x584a <__mulsf3>
    45ea:	6b 01       	movw	r12, r22
    45ec:	7c 01       	movw	r14, r24
	partial_data3=data->PAR.f_PAR_P8*(data->temperature*data->temperature*data->temperature);
    45ee:	9b 01       	movw	r18, r22
    45f0:	ac 01       	movw	r20, r24
    45f2:	c3 01       	movw	r24, r6
    45f4:	b2 01       	movw	r22, r4
    45f6:	0e 94 25 2c 	call	0x584a	; 0x584a <__mulsf3>
    45fa:	6d 83       	std	Y+5, r22	; 0x05
    45fc:	7e 83       	std	Y+6, r23	; 0x06
    45fe:	8f 83       	std	Y+7, r24	; 0x07
    4600:	98 87       	std	Y+8, r25	; 0x08
	partial_out1=data->PAR.f_PAR_P5 + partial_data1 + partial_data2 + partial_data3;
	
	partial_data1=data->PAR.f_PAR_P2*data->temperature;
	partial_data2=data->PAR.f_PAR_P3*(data->temperature*data->temperature);
	partial_data3=data->PAR.f_PAR_P4*(data->temperature*data->temperature*data->temperature);
	partial_out2=(float)data->pressure_raw*(data->PAR.f_PAR_P1 + partial_data1 + partial_data2 + partial_data3);
    4602:	e9 89       	ldd	r30, Y+17	; 0x11
    4604:	fa 89       	ldd	r31, Y+18	; 0x12
    4606:	60 85       	ldd	r22, Z+8	; 0x08
    4608:	71 85       	ldd	r23, Z+9	; 0x09
    460a:	82 85       	ldd	r24, Z+10	; 0x0a
    460c:	93 85       	ldd	r25, Z+11	; 0x0b
    460e:	0e 94 99 2b 	call	0x5732	; 0x5732 <__floatsisf>
    4612:	69 83       	std	Y+1, r22	; 0x01
    4614:	7a 83       	std	Y+2, r23	; 0x02
    4616:	8b 83       	std	Y+3, r24	; 0x03
    4618:	9c 83       	std	Y+4, r25	; 0x04
	
	partial_data1=(float)data->pressure_raw*(float)data->pressure_raw;
    461a:	9b 01       	movw	r18, r22
    461c:	ac 01       	movw	r20, r24
    461e:	0e 94 25 2c 	call	0x584a	; 0x584a <__mulsf3>
    4622:	69 87       	std	Y+9, r22	; 0x09
    4624:	7a 87       	std	Y+10, r23	; 0x0a
    4626:	8b 87       	std	Y+11, r24	; 0x0b
    4628:	9c 87       	std	Y+12, r25	; 0x0c
	
	//partial_out2=(float)data->pressure_raw*(data->PAR.f_PAR_P1 + partial_data1 + partial_data2 + partial_data3);

	data->pressure = partial_out1 + partial_out2 + partial_data4;
	//Pressure in 10 times hPa, value is 10.000 mean 1.000 hPa (hPa = Pa/100, 10xhPa = Pa/10)
	data->pressure /=10.0;
    462a:	e9 89       	ldd	r30, Y+17	; 0x11
    462c:	fa 89       	ldd	r31, Y+18	; 0x12
    462e:	26 a9       	ldd	r18, Z+54	; 0x36
    4630:	37 a9       	ldd	r19, Z+55	; 0x37
    4632:	40 ad       	ldd	r20, Z+56	; 0x38
    4634:	51 ad       	ldd	r21, Z+57	; 0x39
    4636:	c3 01       	movw	r24, r6
    4638:	b2 01       	movw	r22, r4
    463a:	0e 94 25 2c 	call	0x584a	; 0x584a <__mulsf3>
    463e:	e9 89       	ldd	r30, Y+17	; 0x11
    4640:	fa 89       	ldd	r31, Y+18	; 0x12
    4642:	22 a9       	ldd	r18, Z+50	; 0x32
    4644:	33 a9       	ldd	r19, Z+51	; 0x33
    4646:	44 a9       	ldd	r20, Z+52	; 0x34
    4648:	55 a9       	ldd	r21, Z+53	; 0x35
    464a:	0e 94 83 2a 	call	0x5506	; 0x5506 <__addsf3>
    464e:	4b 01       	movw	r8, r22
    4650:	5c 01       	movw	r10, r24
    4652:	e9 89       	ldd	r30, Y+17	; 0x11
    4654:	fa 89       	ldd	r31, Y+18	; 0x12
    4656:	22 ad       	ldd	r18, Z+58	; 0x3a
    4658:	33 ad       	ldd	r19, Z+59	; 0x3b
    465a:	44 ad       	ldd	r20, Z+60	; 0x3c
    465c:	55 ad       	ldd	r21, Z+61	; 0x3d
    465e:	c7 01       	movw	r24, r14
    4660:	b6 01       	movw	r22, r12
    4662:	0e 94 25 2c 	call	0x584a	; 0x584a <__mulsf3>
    4666:	9b 01       	movw	r18, r22
    4668:	ac 01       	movw	r20, r24
    466a:	c5 01       	movw	r24, r10
    466c:	b4 01       	movw	r22, r8
    466e:	0e 94 83 2a 	call	0x5506	; 0x5506 <__addsf3>
    4672:	4b 01       	movw	r8, r22
    4674:	5c 01       	movw	r10, r24
	partial_data3=data->PAR.f_PAR_P8*(data->temperature*data->temperature*data->temperature);
	partial_out1=data->PAR.f_PAR_P5 + partial_data1 + partial_data2 + partial_data3;
	
	partial_data1=data->PAR.f_PAR_P2*data->temperature;
	partial_data2=data->PAR.f_PAR_P3*(data->temperature*data->temperature);
	partial_data3=data->PAR.f_PAR_P4*(data->temperature*data->temperature*data->temperature);
    4676:	e9 89       	ldd	r30, Y+17	; 0x11
    4678:	fa 89       	ldd	r31, Y+18	; 0x12
    467a:	fe 96       	adiw	r30, 0x3e	; 62
	
	//partial_out2=(float)data->pressure_raw*(data->PAR.f_PAR_P1 + partial_data1 + partial_data2 + partial_data3);

	data->pressure = partial_out1 + partial_out2 + partial_data4;
	//Pressure in 10 times hPa, value is 10.000 mean 1.000 hPa (hPa = Pa/100, 10xhPa = Pa/10)
	data->pressure /=10.0;
    467c:	20 81       	ld	r18, Z
    467e:	31 81       	ldd	r19, Z+1	; 0x01
    4680:	42 81       	ldd	r20, Z+2	; 0x02
    4682:	53 81       	ldd	r21, Z+3	; 0x03
    4684:	6d 81       	ldd	r22, Y+5	; 0x05
    4686:	7e 81       	ldd	r23, Y+6	; 0x06
    4688:	8f 81       	ldd	r24, Y+7	; 0x07
    468a:	98 85       	ldd	r25, Y+8	; 0x08
    468c:	0e 94 25 2c 	call	0x584a	; 0x584a <__mulsf3>
    4690:	9b 01       	movw	r18, r22
    4692:	ac 01       	movw	r20, r24
    4694:	c5 01       	movw	r24, r10
    4696:	b4 01       	movw	r22, r8
    4698:	0e 94 83 2a 	call	0x5506	; 0x5506 <__addsf3>
    469c:	29 81       	ldd	r18, Y+1	; 0x01
    469e:	3a 81       	ldd	r19, Y+2	; 0x02
    46a0:	4b 81       	ldd	r20, Y+3	; 0x03
    46a2:	5c 81       	ldd	r21, Y+4	; 0x04
    46a4:	0e 94 25 2c 	call	0x584a	; 0x584a <__mulsf3>
    46a8:	4b 01       	movw	r8, r22
    46aa:	5c 01       	movw	r10, r24
	float partial_data3;
	float partial_data4;
	float partial_out1;
	float partial_out2;
	
	partial_data1=data->PAR.f_PAR_P6*(data->temperature);
    46ac:	e9 89       	ldd	r30, Y+17	; 0x11
    46ae:	fa 89       	ldd	r31, Y+18	; 0x12
    46b0:	ea 5b       	subi	r30, 0xBA	; 186
    46b2:	ff 4f       	sbci	r31, 0xFF	; 255
	
	//partial_out2=(float)data->pressure_raw*(data->PAR.f_PAR_P1 + partial_data1 + partial_data2 + partial_data3);

	data->pressure = partial_out1 + partial_out2 + partial_data4;
	//Pressure in 10 times hPa, value is 10.000 mean 1.000 hPa (hPa = Pa/100, 10xhPa = Pa/10)
	data->pressure /=10.0;
    46b4:	20 81       	ld	r18, Z
    46b6:	31 81       	ldd	r19, Z+1	; 0x01
    46b8:	42 81       	ldd	r20, Z+2	; 0x02
    46ba:	53 81       	ldd	r21, Z+3	; 0x03
    46bc:	c3 01       	movw	r24, r6
    46be:	b2 01       	movw	r22, r4
    46c0:	0e 94 25 2c 	call	0x584a	; 0x584a <__mulsf3>
	float partial_out2;
	
	partial_data1=data->PAR.f_PAR_P6*(data->temperature);
	partial_data2=data->PAR.f_PAR_P7*(data->temperature*data->temperature);
	partial_data3=data->PAR.f_PAR_P8*(data->temperature*data->temperature*data->temperature);
	partial_out1=data->PAR.f_PAR_P5 + partial_data1 + partial_data2 + partial_data3;
    46c4:	e9 89       	ldd	r30, Y+17	; 0x11
    46c6:	fa 89       	ldd	r31, Y+18	; 0x12
    46c8:	ee 5b       	subi	r30, 0xBE	; 190
    46ca:	ff 4f       	sbci	r31, 0xFF	; 255
	
	//partial_out2=(float)data->pressure_raw*(data->PAR.f_PAR_P1 + partial_data1 + partial_data2 + partial_data3);

	data->pressure = partial_out1 + partial_out2 + partial_data4;
	//Pressure in 10 times hPa, value is 10.000 mean 1.000 hPa (hPa = Pa/100, 10xhPa = Pa/10)
	data->pressure /=10.0;
    46cc:	20 81       	ld	r18, Z
    46ce:	31 81       	ldd	r19, Z+1	; 0x01
    46d0:	42 81       	ldd	r20, Z+2	; 0x02
    46d2:	53 81       	ldd	r21, Z+3	; 0x03
    46d4:	0e 94 83 2a 	call	0x5506	; 0x5506 <__addsf3>
    46d8:	6d 87       	std	Y+13, r22	; 0x0d
    46da:	7e 87       	std	Y+14, r23	; 0x0e
    46dc:	8f 87       	std	Y+15, r24	; 0x0f
    46de:	98 8b       	std	Y+16, r25	; 0x10
	float partial_data4;
	float partial_out1;
	float partial_out2;
	
	partial_data1=data->PAR.f_PAR_P6*(data->temperature);
	partial_data2=data->PAR.f_PAR_P7*(data->temperature*data->temperature);
    46e0:	e9 89       	ldd	r30, Y+17	; 0x11
    46e2:	fa 89       	ldd	r31, Y+18	; 0x12
    46e4:	e6 5b       	subi	r30, 0xB6	; 182
    46e6:	ff 4f       	sbci	r31, 0xFF	; 255
	
	//partial_out2=(float)data->pressure_raw*(data->PAR.f_PAR_P1 + partial_data1 + partial_data2 + partial_data3);

	data->pressure = partial_out1 + partial_out2 + partial_data4;
	//Pressure in 10 times hPa, value is 10.000 mean 1.000 hPa (hPa = Pa/100, 10xhPa = Pa/10)
	data->pressure /=10.0;
    46e8:	20 81       	ld	r18, Z
    46ea:	31 81       	ldd	r19, Z+1	; 0x01
    46ec:	42 81       	ldd	r20, Z+2	; 0x02
    46ee:	53 81       	ldd	r21, Z+3	; 0x03
    46f0:	c7 01       	movw	r24, r14
    46f2:	b6 01       	movw	r22, r12
    46f4:	0e 94 25 2c 	call	0x584a	; 0x584a <__mulsf3>
    46f8:	9b 01       	movw	r18, r22
    46fa:	ac 01       	movw	r20, r24
    46fc:	6d 85       	ldd	r22, Y+13	; 0x0d
    46fe:	7e 85       	ldd	r23, Y+14	; 0x0e
    4700:	8f 85       	ldd	r24, Y+15	; 0x0f
    4702:	98 89       	ldd	r25, Y+16	; 0x10
    4704:	0e 94 83 2a 	call	0x5506	; 0x5506 <__addsf3>
    4708:	6b 01       	movw	r12, r22
    470a:	7c 01       	movw	r14, r24
	float partial_out1;
	float partial_out2;
	
	partial_data1=data->PAR.f_PAR_P6*(data->temperature);
	partial_data2=data->PAR.f_PAR_P7*(data->temperature*data->temperature);
	partial_data3=data->PAR.f_PAR_P8*(data->temperature*data->temperature*data->temperature);
    470c:	e9 89       	ldd	r30, Y+17	; 0x11
    470e:	fa 89       	ldd	r31, Y+18	; 0x12
    4710:	e2 5b       	subi	r30, 0xB2	; 178
    4712:	ff 4f       	sbci	r31, 0xFF	; 255
	
	//partial_out2=(float)data->pressure_raw*(data->PAR.f_PAR_P1 + partial_data1 + partial_data2 + partial_data3);

	data->pressure = partial_out1 + partial_out2 + partial_data4;
	//Pressure in 10 times hPa, value is 10.000 mean 1.000 hPa (hPa = Pa/100, 10xhPa = Pa/10)
	data->pressure /=10.0;
    4714:	20 81       	ld	r18, Z
    4716:	31 81       	ldd	r19, Z+1	; 0x01
    4718:	42 81       	ldd	r20, Z+2	; 0x02
    471a:	53 81       	ldd	r21, Z+3	; 0x03
    471c:	6d 81       	ldd	r22, Y+5	; 0x05
    471e:	7e 81       	ldd	r23, Y+6	; 0x06
    4720:	8f 81       	ldd	r24, Y+7	; 0x07
    4722:	98 85       	ldd	r25, Y+8	; 0x08
    4724:	0e 94 25 2c 	call	0x584a	; 0x584a <__mulsf3>
    4728:	9b 01       	movw	r18, r22
    472a:	ac 01       	movw	r20, r24
    472c:	c7 01       	movw	r24, r14
    472e:	b6 01       	movw	r22, r12
    4730:	0e 94 83 2a 	call	0x5506	; 0x5506 <__addsf3>
    4734:	9b 01       	movw	r18, r22
    4736:	ac 01       	movw	r20, r24
    4738:	c5 01       	movw	r24, r10
    473a:	b4 01       	movw	r22, r8
    473c:	0e 94 83 2a 	call	0x5506	; 0x5506 <__addsf3>
    4740:	6b 01       	movw	r12, r22
    4742:	7c 01       	movw	r14, r24
	partial_data2=data->PAR.f_PAR_P3*(data->temperature*data->temperature);
	partial_data3=data->PAR.f_PAR_P4*(data->temperature*data->temperature*data->temperature);
	partial_out2=(float)data->pressure_raw*(data->PAR.f_PAR_P1 + partial_data1 + partial_data2 + partial_data3);
	
	partial_data1=(float)data->pressure_raw*(float)data->pressure_raw;
	partial_data2=data->PAR.f_PAR_P9*data->PAR.f_PAR_P10*data->temperature;
    4744:	e9 89       	ldd	r30, Y+17	; 0x11
    4746:	fa 89       	ldd	r31, Y+18	; 0x12
    4748:	ee 5a       	subi	r30, 0xAE	; 174
    474a:	ff 4f       	sbci	r31, 0xFF	; 255
    474c:	a9 89       	ldd	r26, Y+17	; 0x11
    474e:	ba 89       	ldd	r27, Y+18	; 0x12
    4750:	aa 5a       	subi	r26, 0xAA	; 170
    4752:	bf 4f       	sbci	r27, 0xFF	; 255
	
	//partial_out2=(float)data->pressure_raw*(data->PAR.f_PAR_P1 + partial_data1 + partial_data2 + partial_data3);

	data->pressure = partial_out1 + partial_out2 + partial_data4;
	//Pressure in 10 times hPa, value is 10.000 mean 1.000 hPa (hPa = Pa/100, 10xhPa = Pa/10)
	data->pressure /=10.0;
    4754:	2d 91       	ld	r18, X+
    4756:	3d 91       	ld	r19, X+
    4758:	4d 91       	ld	r20, X+
    475a:	5c 91       	ld	r21, X
    475c:	60 81       	ld	r22, Z
    475e:	71 81       	ldd	r23, Z+1	; 0x01
    4760:	82 81       	ldd	r24, Z+2	; 0x02
    4762:	93 81       	ldd	r25, Z+3	; 0x03
    4764:	0e 94 25 2c 	call	0x584a	; 0x584a <__mulsf3>
    4768:	a3 01       	movw	r20, r6
    476a:	92 01       	movw	r18, r4
    476c:	0e 94 25 2c 	call	0x584a	; 0x584a <__mulsf3>
    4770:	29 85       	ldd	r18, Y+9	; 0x09
    4772:	3a 85       	ldd	r19, Y+10	; 0x0a
    4774:	4b 85       	ldd	r20, Y+11	; 0x0b
    4776:	5c 85       	ldd	r21, Y+12	; 0x0c
    4778:	0e 94 25 2c 	call	0x584a	; 0x584a <__mulsf3>
    477c:	4b 01       	movw	r8, r22
    477e:	5c 01       	movw	r10, r24
	partial_out2=(float)data->pressure_raw*(data->PAR.f_PAR_P1 + partial_data1 + partial_data2 + partial_data3);
	
	partial_data1=(float)data->pressure_raw*(float)data->pressure_raw;
	partial_data2=data->PAR.f_PAR_P9*data->PAR.f_PAR_P10*data->temperature;
	partial_data3=partial_data1*partial_data2;
	partial_data4=partial_data3 + ((float)data->pressure_raw*(float)data->pressure_raw*(float)data->pressure_raw)*data->PAR.f_PAR_P11;
    4780:	09 89       	ldd	r16, Y+17	; 0x11
    4782:	1a 89       	ldd	r17, Y+18	; 0x12
    4784:	06 5a       	subi	r16, 0xA6	; 166
    4786:	1f 4f       	sbci	r17, 0xFF	; 255
	
	//partial_out2=(float)data->pressure_raw*(data->PAR.f_PAR_P1 + partial_data1 + partial_data2 + partial_data3);

	data->pressure = partial_out1 + partial_out2 + partial_data4;
	//Pressure in 10 times hPa, value is 10.000 mean 1.000 hPa (hPa = Pa/100, 10xhPa = Pa/10)
	data->pressure /=10.0;
    4788:	29 85       	ldd	r18, Y+9	; 0x09
    478a:	3a 85       	ldd	r19, Y+10	; 0x0a
    478c:	4b 85       	ldd	r20, Y+11	; 0x0b
    478e:	5c 85       	ldd	r21, Y+12	; 0x0c
    4790:	69 81       	ldd	r22, Y+1	; 0x01
    4792:	7a 81       	ldd	r23, Y+2	; 0x02
    4794:	8b 81       	ldd	r24, Y+3	; 0x03
    4796:	9c 81       	ldd	r25, Y+4	; 0x04
    4798:	0e 94 25 2c 	call	0x584a	; 0x584a <__mulsf3>
    479c:	f8 01       	movw	r30, r16
    479e:	20 81       	ld	r18, Z
    47a0:	31 81       	ldd	r19, Z+1	; 0x01
    47a2:	42 81       	ldd	r20, Z+2	; 0x02
    47a4:	53 81       	ldd	r21, Z+3	; 0x03
    47a6:	0e 94 25 2c 	call	0x584a	; 0x584a <__mulsf3>
    47aa:	9b 01       	movw	r18, r22
    47ac:	ac 01       	movw	r20, r24
    47ae:	c5 01       	movw	r24, r10
    47b0:	b4 01       	movw	r22, r8
    47b2:	0e 94 83 2a 	call	0x5506	; 0x5506 <__addsf3>
    47b6:	9b 01       	movw	r18, r22
    47b8:	ac 01       	movw	r20, r24
    47ba:	c7 01       	movw	r24, r14
    47bc:	b6 01       	movw	r22, r12
    47be:	0e 94 83 2a 	call	0x5506	; 0x5506 <__addsf3>
    47c2:	20 e0       	ldi	r18, 0x00	; 0
    47c4:	30 e0       	ldi	r19, 0x00	; 0
    47c6:	40 e2       	ldi	r20, 0x20	; 32
    47c8:	51 e4       	ldi	r21, 0x41	; 65
    47ca:	0e 94 ef 2a 	call	0x55de	; 0x55de <__divsf3>
    47ce:	e9 89       	ldd	r30, Y+17	; 0x11
    47d0:	fa 89       	ldd	r31, Y+18	; 0x12
    47d2:	64 87       	std	Z+12, r22	; 0x0c
    47d4:	75 87       	std	Z+13, r23	; 0x0d
    47d6:	86 87       	std	Z+14, r24	; 0x0e
    47d8:	97 87       	std	Z+15, r25	; 0x0f
}
    47da:	62 96       	adiw	r28, 0x12	; 18
    47dc:	0f b6       	in	r0, 0x3f	; 63
    47de:	f8 94       	cli
    47e0:	de bf       	out	0x3e, r29	; 62
    47e2:	0f be       	out	0x3f, r0	; 63
    47e4:	cd bf       	out	0x3d, r28	; 61
    47e6:	df 91       	pop	r29
    47e8:	cf 91       	pop	r28
    47ea:	1f 91       	pop	r17
    47ec:	0f 91       	pop	r16
    47ee:	ff 90       	pop	r15
    47f0:	ef 90       	pop	r14
    47f2:	df 90       	pop	r13
    47f4:	cf 90       	pop	r12
    47f6:	bf 90       	pop	r11
    47f8:	af 90       	pop	r10
    47fa:	9f 90       	pop	r9
    47fc:	8f 90       	pop	r8
    47fe:	7f 90       	pop	r7
    4800:	6f 90       	pop	r6
    4802:	5f 90       	pop	r5
    4804:	4f 90       	pop	r4
    4806:	08 95       	ret

00004808 <BMP390_temp_press_update>:

void BMP390_temp_press_update(void)
{
	BMP390_init();
    4808:	0e 94 1b 22 	call	0x4436	; 0x4436 <BMP390_init>
	BMP390_read_raw_temp_press(&TempPress_data);
    480c:	8a ee       	ldi	r24, 0xEA	; 234
    480e:	9d e0       	ldi	r25, 0x0D	; 13
    4810:	0e 94 2b 22 	call	0x4456	; 0x4456 <BMP390_read_raw_temp_press>
	BMP390_compensate_temperature(&TempPress_data);
    4814:	8a ee       	ldi	r24, 0xEA	; 234
    4816:	9d e0       	ldi	r25, 0x0D	; 13
    4818:	0e 94 88 22 	call	0x4510	; 0x4510 <BMP390_compensate_temperature>
	BMP390_compensate_pressure(&TempPress_data);
    481c:	8a ee       	ldi	r24, 0xEA	; 234
    481e:	9d e0       	ldi	r25, 0x0D	; 13
    4820:	0e 94 d0 22 	call	0x45a0	; 0x45a0 <BMP390_compensate_pressure>
    4824:	08 95       	ret

00004826 <get_BMP390_temperature>:
}

int16_t	get_BMP390_temperature(void)
{
	return (int16_t)TempPress_data.temperature;
    4826:	60 91 ee 0d 	lds	r22, 0x0DEE	; 0x800dee <TempPress_data+0x4>
    482a:	70 91 ef 0d 	lds	r23, 0x0DEF	; 0x800def <TempPress_data+0x5>
    482e:	80 91 f0 0d 	lds	r24, 0x0DF0	; 0x800df0 <TempPress_data+0x6>
    4832:	90 91 f1 0d 	lds	r25, 0x0DF1	; 0x800df1 <TempPress_data+0x7>
    4836:	0e 94 61 2b 	call	0x56c2	; 0x56c2 <__fixsfsi>
}
    483a:	cb 01       	movw	r24, r22
    483c:	08 95       	ret

0000483e <get_BMP390_pressure>:
uint16_t get_BMP390_pressure(void)
{
	return (uint16_t)TempPress_data.pressure;
    483e:	60 91 f6 0d 	lds	r22, 0x0DF6	; 0x800df6 <TempPress_data+0xc>
    4842:	70 91 f7 0d 	lds	r23, 0x0DF7	; 0x800df7 <TempPress_data+0xd>
    4846:	80 91 f8 0d 	lds	r24, 0x0DF8	; 0x800df8 <TempPress_data+0xe>
    484a:	90 91 f9 0d 	lds	r25, 0x0DF9	; 0x800df9 <TempPress_data+0xf>
    484e:	0e 94 68 2b 	call	0x56d0	; 0x56d0 <__fixunssfsi>
    4852:	cb 01       	movw	r24, r22
    4854:	08 95       	ret

00004856 <lsm6dsox_write_register>:
#include "math.h"
#include "twi.h"
#include "IOU_board.h"
#include "uart.h"

bool lsm6dsox_write_register(uint8_t _reg, uint8_t _value) {
    4856:	cf 93       	push	r28
    4858:	df 93       	push	r29
    485a:	d8 2f       	mov	r29, r24
    485c:	c6 2f       	mov	r28, r22
	twi_start();
    485e:	0e 94 85 19 	call	0x330a	; 0x330a <twi_start>
	twi_write(LSM6DSOX_ADDRESS << 1);
    4862:	84 ed       	ldi	r24, 0xD4	; 212
    4864:	0e 94 9f 19 	call	0x333e	; 0x333e <twi_write>
	twi_write(_reg);
    4868:	8d 2f       	mov	r24, r29
    486a:	0e 94 9f 19 	call	0x333e	; 0x333e <twi_write>
	twi_write(_value);
    486e:	8c 2f       	mov	r24, r28
    4870:	0e 94 9f 19 	call	0x333e	; 0x333e <twi_write>
	twi_stop();
    4874:	0e 94 92 19 	call	0x3324	; 0x3324 <twi_stop>
	return true;
}
    4878:	81 e0       	ldi	r24, 0x01	; 1
    487a:	df 91       	pop	r29
    487c:	cf 91       	pop	r28
    487e:	08 95       	ret

00004880 <lsm6dsox_read_register>:

uint8_t result;

uint8_t lsm6dsox_read_register(uint8_t _reg) {
    4880:	cf 93       	push	r28
    4882:	c8 2f       	mov	r28, r24
	twi_start();
    4884:	0e 94 85 19 	call	0x330a	; 0x330a <twi_start>
	twi_write(LSM6DSOX_ADDRESS << 1);
    4888:	84 ed       	ldi	r24, 0xD4	; 212
    488a:	0e 94 9f 19 	call	0x333e	; 0x333e <twi_write>
	twi_write(_reg);
    488e:	8c 2f       	mov	r24, r28
    4890:	0e 94 9f 19 	call	0x333e	; 0x333e <twi_write>
	twi_start();
    4894:	0e 94 85 19 	call	0x330a	; 0x330a <twi_start>
	twi_write((LSM6DSOX_ADDRESS << 1) | 0x01);
    4898:	85 ed       	ldi	r24, 0xD5	; 213
    489a:	0e 94 9f 19 	call	0x333e	; 0x333e <twi_write>
	result = twi_read_nack();
    489e:	0e 94 bd 19 	call	0x337a	; 0x337a <twi_read_nack>
    48a2:	80 93 48 0e 	sts	0x0E48, r24	; 0x800e48 <result>
	twi_stop();
    48a6:	0e 94 92 19 	call	0x3324	; 0x3324 <twi_stop>
	return result;
}
    48aa:	80 91 48 0e 	lds	r24, 0x0E48	; 0x800e48 <result>
    48ae:	cf 91       	pop	r28
    48b0:	08 95       	ret

000048b2 <lsm6dsox_init>:

bool lsm6dsox_init(void) {
	// Accelerometer: 104 Hz, 2g
	lsm6dsox_write_register(LSM6DSOX_CTRL1_XL, 0x40);
    48b2:	60 e4       	ldi	r22, 0x40	; 64
    48b4:	80 e1       	ldi	r24, 0x10	; 16
    48b6:	0e 94 2b 24 	call	0x4856	; 0x4856 <lsm6dsox_write_register>
	// Gyroscope: 104 Hz, 250 dps
	lsm6dsox_write_register(LSM6DSOX_CTRL2_G, 0x40);
    48ba:	60 e4       	ldi	r22, 0x40	; 64
    48bc:	81 e1       	ldi	r24, 0x11	; 17
    48be:	0e 94 2b 24 	call	0x4856	; 0x4856 <lsm6dsox_write_register>
	if (!lsm6dsox_read_register(LSM6DSOX_OUTZ_H_A))
    48c2:	8d e2       	ldi	r24, 0x2D	; 45
    48c4:	0e 94 40 24 	call	0x4880	; 0x4880 <lsm6dsox_read_register>
    48c8:	91 e0       	ldi	r25, 0x01	; 1
    48ca:	81 11       	cpse	r24, r1
    48cc:	01 c0       	rjmp	.+2      	; 0x48d0 <lsm6dsox_init+0x1e>
    48ce:	90 e0       	ldi	r25, 0x00	; 0
		return false;
	return true;
}
    48d0:	89 2f       	mov	r24, r25
    48d2:	08 95       	ret

000048d4 <read_accel>:


void read_accel(Accel_Gyro_DataTypedef* _accel)
{
    48d4:	cf 92       	push	r12
    48d6:	df 92       	push	r13
    48d8:	ef 92       	push	r14
    48da:	ff 92       	push	r15
    48dc:	0f 93       	push	r16
    48de:	1f 93       	push	r17
    48e0:	cf 93       	push	r28
    48e2:	df 93       	push	r29
    48e4:	ec 01       	movw	r28, r24
	uint8_t ax_low	= lsm6dsox_read_register(LSM6DSOX_OUTX_L_A);
    48e6:	88 e2       	ldi	r24, 0x28	; 40
    48e8:	0e 94 40 24 	call	0x4880	; 0x4880 <lsm6dsox_read_register>
    48ec:	e8 2e       	mov	r14, r24
	uint8_t ax_high = lsm6dsox_read_register(LSM6DSOX_OUTX_H_A);
    48ee:	89 e2       	ldi	r24, 0x29	; 41
    48f0:	0e 94 40 24 	call	0x4880	; 0x4880 <lsm6dsox_read_register>
    48f4:	c8 2e       	mov	r12, r24
	uint8_t ay_low	= lsm6dsox_read_register(LSM6DSOX_OUTY_L_A);
    48f6:	8a e2       	ldi	r24, 0x2A	; 42
    48f8:	0e 94 40 24 	call	0x4880	; 0x4880 <lsm6dsox_read_register>
    48fc:	08 2f       	mov	r16, r24
	uint8_t ay_high = lsm6dsox_read_register(LSM6DSOX_OUTY_H_A);
    48fe:	8b e2       	ldi	r24, 0x2B	; 43
    4900:	0e 94 40 24 	call	0x4880	; 0x4880 <lsm6dsox_read_register>
    4904:	d8 2e       	mov	r13, r24
	uint8_t az_low	= lsm6dsox_read_register(LSM6DSOX_OUTZ_L_A);
    4906:	8c e2       	ldi	r24, 0x2C	; 44
    4908:	0e 94 40 24 	call	0x4880	; 0x4880 <lsm6dsox_read_register>
    490c:	18 2f       	mov	r17, r24
	uint8_t az_high = lsm6dsox_read_register(LSM6DSOX_OUTZ_H_A);
    490e:	8d e2       	ldi	r24, 0x2D	; 45
    4910:	0e 94 40 24 	call	0x4880	; 0x4880 <lsm6dsox_read_register>
    4914:	f8 2e       	mov	r15, r24
	
	_accel->x = (int16_t)(ax_high << 8 | ax_low) * LSM6DSOX_ACCL_FS_2G;
    4916:	6e 2d       	mov	r22, r14
    4918:	70 e0       	ldi	r23, 0x00	; 0
    491a:	7c 29       	or	r23, r12
    491c:	07 2e       	mov	r0, r23
    491e:	00 0c       	add	r0, r0
    4920:	88 0b       	sbc	r24, r24
    4922:	99 0b       	sbc	r25, r25
    4924:	0e 94 99 2b 	call	0x5732	; 0x5732 <__floatsisf>
    4928:	23 e2       	ldi	r18, 0x23	; 35
    492a:	3b ed       	ldi	r19, 0xDB	; 219
    492c:	49 e7       	ldi	r20, 0x79	; 121
    492e:	5d e3       	ldi	r21, 0x3D	; 61
    4930:	0e 94 25 2c 	call	0x584a	; 0x584a <__mulsf3>
    4934:	0e 94 61 2b 	call	0x56c2	; 0x56c2 <__fixsfsi>
    4938:	79 83       	std	Y+1, r23	; 0x01
    493a:	68 83       	st	Y, r22
	_accel->y = (int16_t)(ay_high << 8 | ay_low) * LSM6DSOX_ACCL_FS_2G;
    493c:	60 2f       	mov	r22, r16
    493e:	70 e0       	ldi	r23, 0x00	; 0
    4940:	7d 29       	or	r23, r13
    4942:	07 2e       	mov	r0, r23
    4944:	00 0c       	add	r0, r0
    4946:	88 0b       	sbc	r24, r24
    4948:	99 0b       	sbc	r25, r25
    494a:	0e 94 99 2b 	call	0x5732	; 0x5732 <__floatsisf>
    494e:	23 e2       	ldi	r18, 0x23	; 35
    4950:	3b ed       	ldi	r19, 0xDB	; 219
    4952:	49 e7       	ldi	r20, 0x79	; 121
    4954:	5d e3       	ldi	r21, 0x3D	; 61
    4956:	0e 94 25 2c 	call	0x584a	; 0x584a <__mulsf3>
    495a:	0e 94 61 2b 	call	0x56c2	; 0x56c2 <__fixsfsi>
    495e:	7b 83       	std	Y+3, r23	; 0x03
    4960:	6a 83       	std	Y+2, r22	; 0x02
	_accel->z = (int16_t)(az_high << 8 | az_low) * LSM6DSOX_ACCL_FS_2G;
    4962:	61 2f       	mov	r22, r17
    4964:	70 e0       	ldi	r23, 0x00	; 0
    4966:	7f 29       	or	r23, r15
    4968:	07 2e       	mov	r0, r23
    496a:	00 0c       	add	r0, r0
    496c:	88 0b       	sbc	r24, r24
    496e:	99 0b       	sbc	r25, r25
    4970:	0e 94 99 2b 	call	0x5732	; 0x5732 <__floatsisf>
    4974:	23 e2       	ldi	r18, 0x23	; 35
    4976:	3b ed       	ldi	r19, 0xDB	; 219
    4978:	49 e7       	ldi	r20, 0x79	; 121
    497a:	5d e3       	ldi	r21, 0x3D	; 61
    497c:	0e 94 25 2c 	call	0x584a	; 0x584a <__mulsf3>
    4980:	0e 94 61 2b 	call	0x56c2	; 0x56c2 <__fixsfsi>
    4984:	7d 83       	std	Y+5, r23	; 0x05
    4986:	6c 83       	std	Y+4, r22	; 0x04
}
    4988:	df 91       	pop	r29
    498a:	cf 91       	pop	r28
    498c:	1f 91       	pop	r17
    498e:	0f 91       	pop	r16
    4990:	ff 90       	pop	r15
    4992:	ef 90       	pop	r14
    4994:	df 90       	pop	r13
    4996:	cf 90       	pop	r12
    4998:	08 95       	ret

0000499a <read_gyro>:
void read_gyro(Accel_Gyro_DataTypedef* _gyro)
{
    499a:	cf 92       	push	r12
    499c:	df 92       	push	r13
    499e:	ef 92       	push	r14
    49a0:	ff 92       	push	r15
    49a2:	0f 93       	push	r16
    49a4:	1f 93       	push	r17
    49a6:	cf 93       	push	r28
    49a8:	df 93       	push	r29
    49aa:	ec 01       	movw	r28, r24
	uint8_t gx_low	= lsm6dsox_read_register(LSM6DSOX_OUTX_L_G);
    49ac:	82 e2       	ldi	r24, 0x22	; 34
    49ae:	0e 94 40 24 	call	0x4880	; 0x4880 <lsm6dsox_read_register>
    49b2:	e8 2e       	mov	r14, r24
	uint8_t gx_high = lsm6dsox_read_register(LSM6DSOX_OUTX_H_G);
    49b4:	83 e2       	ldi	r24, 0x23	; 35
    49b6:	0e 94 40 24 	call	0x4880	; 0x4880 <lsm6dsox_read_register>
    49ba:	c8 2e       	mov	r12, r24
	uint8_t gy_low	= lsm6dsox_read_register(LSM6DSOX_OUTY_L_G);
    49bc:	84 e2       	ldi	r24, 0x24	; 36
    49be:	0e 94 40 24 	call	0x4880	; 0x4880 <lsm6dsox_read_register>
    49c2:	08 2f       	mov	r16, r24
	uint8_t gy_high	= lsm6dsox_read_register(LSM6DSOX_OUTY_H_A);
    49c4:	8b e2       	ldi	r24, 0x2B	; 43
    49c6:	0e 94 40 24 	call	0x4880	; 0x4880 <lsm6dsox_read_register>
    49ca:	d8 2e       	mov	r13, r24
	uint8_t gz_low	= lsm6dsox_read_register(LSM6DSOX_OUTZ_L_A);
    49cc:	8c e2       	ldi	r24, 0x2C	; 44
    49ce:	0e 94 40 24 	call	0x4880	; 0x4880 <lsm6dsox_read_register>
    49d2:	18 2f       	mov	r17, r24
	uint8_t gz_high	= lsm6dsox_read_register(LSM6DSOX_OUTZ_H_A);
    49d4:	8d e2       	ldi	r24, 0x2D	; 45
    49d6:	0e 94 40 24 	call	0x4880	; 0x4880 <lsm6dsox_read_register>
    49da:	f8 2e       	mov	r15, r24

	_gyro->x = (int16_t)(gx_high << 8 | gx_low) * GYRO_SENSITIVITY_250DPS / 1000.0f;  // convert mdps to dps
    49dc:	6e 2d       	mov	r22, r14
    49de:	70 e0       	ldi	r23, 0x00	; 0
    49e0:	7c 29       	or	r23, r12
    49e2:	07 2e       	mov	r0, r23
    49e4:	00 0c       	add	r0, r0
    49e6:	88 0b       	sbc	r24, r24
    49e8:	99 0b       	sbc	r25, r25
    49ea:	0e 94 99 2b 	call	0x5732	; 0x5732 <__floatsisf>
    49ee:	20 e0       	ldi	r18, 0x00	; 0
    49f0:	30 e0       	ldi	r19, 0x00	; 0
    49f2:	4c e0       	ldi	r20, 0x0C	; 12
    49f4:	51 e4       	ldi	r21, 0x41	; 65
    49f6:	0e 94 25 2c 	call	0x584a	; 0x584a <__mulsf3>
    49fa:	20 e0       	ldi	r18, 0x00	; 0
    49fc:	30 e0       	ldi	r19, 0x00	; 0
    49fe:	4a e7       	ldi	r20, 0x7A	; 122
    4a00:	54 e4       	ldi	r21, 0x44	; 68
    4a02:	0e 94 ef 2a 	call	0x55de	; 0x55de <__divsf3>
    4a06:	0e 94 61 2b 	call	0x56c2	; 0x56c2 <__fixsfsi>
    4a0a:	79 83       	std	Y+1, r23	; 0x01
    4a0c:	68 83       	st	Y, r22
	_gyro->y = (int16_t)(gy_high << 8 | gy_low) * GYRO_SENSITIVITY_250DPS / 1000.0f;  // convert mdps to dps
    4a0e:	60 2f       	mov	r22, r16
    4a10:	70 e0       	ldi	r23, 0x00	; 0
    4a12:	7d 29       	or	r23, r13
    4a14:	07 2e       	mov	r0, r23
    4a16:	00 0c       	add	r0, r0
    4a18:	88 0b       	sbc	r24, r24
    4a1a:	99 0b       	sbc	r25, r25
    4a1c:	0e 94 99 2b 	call	0x5732	; 0x5732 <__floatsisf>
    4a20:	20 e0       	ldi	r18, 0x00	; 0
    4a22:	30 e0       	ldi	r19, 0x00	; 0
    4a24:	4c e0       	ldi	r20, 0x0C	; 12
    4a26:	51 e4       	ldi	r21, 0x41	; 65
    4a28:	0e 94 25 2c 	call	0x584a	; 0x584a <__mulsf3>
    4a2c:	20 e0       	ldi	r18, 0x00	; 0
    4a2e:	30 e0       	ldi	r19, 0x00	; 0
    4a30:	4a e7       	ldi	r20, 0x7A	; 122
    4a32:	54 e4       	ldi	r21, 0x44	; 68
    4a34:	0e 94 ef 2a 	call	0x55de	; 0x55de <__divsf3>
    4a38:	0e 94 61 2b 	call	0x56c2	; 0x56c2 <__fixsfsi>
    4a3c:	7b 83       	std	Y+3, r23	; 0x03
    4a3e:	6a 83       	std	Y+2, r22	; 0x02
	_gyro->z = (int16_t)(gz_high << 8 | gz_low) * GYRO_SENSITIVITY_250DPS / 1000.0f;  // convert mdps to dps
    4a40:	61 2f       	mov	r22, r17
    4a42:	70 e0       	ldi	r23, 0x00	; 0
    4a44:	7f 29       	or	r23, r15
    4a46:	07 2e       	mov	r0, r23
    4a48:	00 0c       	add	r0, r0
    4a4a:	88 0b       	sbc	r24, r24
    4a4c:	99 0b       	sbc	r25, r25
    4a4e:	0e 94 99 2b 	call	0x5732	; 0x5732 <__floatsisf>
    4a52:	20 e0       	ldi	r18, 0x00	; 0
    4a54:	30 e0       	ldi	r19, 0x00	; 0
    4a56:	4c e0       	ldi	r20, 0x0C	; 12
    4a58:	51 e4       	ldi	r21, 0x41	; 65
    4a5a:	0e 94 25 2c 	call	0x584a	; 0x584a <__mulsf3>
    4a5e:	20 e0       	ldi	r18, 0x00	; 0
    4a60:	30 e0       	ldi	r19, 0x00	; 0
    4a62:	4a e7       	ldi	r20, 0x7A	; 122
    4a64:	54 e4       	ldi	r21, 0x44	; 68
    4a66:	0e 94 ef 2a 	call	0x55de	; 0x55de <__divsf3>
    4a6a:	0e 94 61 2b 	call	0x56c2	; 0x56c2 <__fixsfsi>
    4a6e:	7d 83       	std	Y+5, r23	; 0x05
    4a70:	6c 83       	std	Y+4, r22	; 0x04
    4a72:	df 91       	pop	r29
    4a74:	cf 91       	pop	r28
    4a76:	1f 91       	pop	r17
    4a78:	0f 91       	pop	r16
    4a7a:	ff 90       	pop	r15
    4a7c:	ef 90       	pop	r14
    4a7e:	df 90       	pop	r13
    4a80:	cf 90       	pop	r12
    4a82:	08 95       	ret

00004a84 <MCP4921_init>:
void MCP4291_assert_LDAC(void);
void MCP4291_deassert_LDAC(void);

void	MCP4921_init(void)
{
		MCP4921_SS0_DDR |= 1 << MCP4921_SS0_PIN;
    4a84:	bc 9a       	sbi	0x17, 4	; 23
		MCP4921_SS1_DDR |= 1 << MCP4921_SS1_PIN;
    4a86:	8e 9a       	sbi	0x11, 6	; 17
		MCP4921_SS2_DDR |= 1 << MCP4921_SS2_PIN;
    4a88:	a4 9a       	sbi	0x14, 4	; 20
		MCP4921_SS3_DDR |= 1 << MCP4921_SS3_PIN;
    4a8a:	a5 9a       	sbi	0x14, 5	; 20
		MCP4921_LDAC_DDR |= 1 << MCP4921_LDAC_PIN;
    4a8c:	8f 9a       	sbi	0x11, 7	; 17
		SPI_Init();
    4a8e:	0e 94 67 19 	call	0x32ce	; 0x32ce <SPI_Init>
    4a92:	08 95       	ret

00004a94 <MCP4291_AssertSS>:
}

// Assert the SS line
void MCP4291_AssertSS(uint8_t CS_line)
{
	switch (CS_line)
    4a94:	81 30       	cpi	r24, 0x01	; 1
    4a96:	41 f0       	breq	.+16     	; 0x4aa8 <MCP4291_AssertSS+0x14>
    4a98:	28 f0       	brcs	.+10     	; 0x4aa4 <MCP4291_AssertSS+0x10>
    4a9a:	82 30       	cpi	r24, 0x02	; 2
    4a9c:	39 f0       	breq	.+14     	; 0x4aac <MCP4291_AssertSS+0x18>
    4a9e:	83 30       	cpi	r24, 0x03	; 3
    4aa0:	39 f0       	breq	.+14     	; 0x4ab0 <MCP4291_AssertSS+0x1c>
    4aa2:	08 95       	ret
	{
		case 0:
			MCP4921_SS0_PORT &= ~(1 << MCP4921_SS0_PIN);
    4aa4:	c4 98       	cbi	0x18, 4	; 24
			break;
    4aa6:	08 95       	ret
		case 1:
			MCP4921_SS1_PORT &= ~(1 << MCP4921_SS1_PIN);
    4aa8:	96 98       	cbi	0x12, 6	; 18
			break;
    4aaa:	08 95       	ret
		case 2:
			MCP4921_SS2_PORT &= ~(1 << MCP4921_SS2_PIN);
    4aac:	ac 98       	cbi	0x15, 4	; 21
			break;
    4aae:	08 95       	ret
		case 3:
			MCP4921_SS3_PORT &= ~(1 << MCP4921_SS3_PIN);
    4ab0:	ad 98       	cbi	0x15, 5	; 21
    4ab2:	08 95       	ret

00004ab4 <MCP4291_DeassertSS>:
}

// Deassert the SS line
void MCP4291_DeassertSS(uint8_t CS_line)
{
	switch (CS_line)
    4ab4:	81 30       	cpi	r24, 0x01	; 1
    4ab6:	41 f0       	breq	.+16     	; 0x4ac8 <MCP4291_DeassertSS+0x14>
    4ab8:	28 f0       	brcs	.+10     	; 0x4ac4 <MCP4291_DeassertSS+0x10>
    4aba:	82 30       	cpi	r24, 0x02	; 2
    4abc:	39 f0       	breq	.+14     	; 0x4acc <MCP4291_DeassertSS+0x18>
    4abe:	83 30       	cpi	r24, 0x03	; 3
    4ac0:	39 f0       	breq	.+14     	; 0x4ad0 <MCP4291_DeassertSS+0x1c>
    4ac2:	08 95       	ret
	{
		case 0:
			MCP4921_SS0_PORT |= (1 << MCP4921_SS0_PIN);
    4ac4:	c4 9a       	sbi	0x18, 4	; 24
			break;
    4ac6:	08 95       	ret
		case 1:
			MCP4921_SS1_PORT |= (1 << MCP4921_SS1_PIN);
    4ac8:	96 9a       	sbi	0x12, 6	; 18
			break;
    4aca:	08 95       	ret
		case 2:
			MCP4921_SS2_PORT |= (1 << MCP4921_SS2_PIN);
    4acc:	ac 9a       	sbi	0x15, 4	; 21
			break;
    4ace:	08 95       	ret
		case 3:
			MCP4921_SS3_PORT |= (1 << MCP4921_SS3_PIN);
    4ad0:	ad 9a       	sbi	0x15, 5	; 21
    4ad2:	08 95       	ret

00004ad4 <MCP4291_assert_LDAC>:
	}
}

void MCP4291_assert_LDAC(void)
{
	MCP4921_LDAC_PORT &= ~(1 << MCP4921_LDAC_PIN);
    4ad4:	97 98       	cbi	0x12, 7	; 18
    4ad6:	08 95       	ret

00004ad8 <MCP4291_deassert_LDAC>:
}
void MCP4291_deassert_LDAC(void)
{
	MCP4921_LDAC_PORT |= (1 << MCP4921_LDAC_PIN);
    4ad8:	97 9a       	sbi	0x12, 7	; 18
    4ada:	08 95       	ret

00004adc <MCP4291_set_output>:
  * @param	buf_ena = 1: output buffered.
  * @param	DAC_number: from 0-3
  * @retval status: 0 PASS, >0: error
  *****************************************************************************/
uint8_t	MCP4291_set_output(uint16_t	Val, uint8_t shutdown, uint8_t gain_ena, uint8_t buf_ena, uint8_t DAC_num)
{
    4adc:	af 92       	push	r10
    4ade:	bf 92       	push	r11
    4ae0:	cf 92       	push	r12
    4ae2:	df 92       	push	r13
    4ae4:	ef 92       	push	r14
    4ae6:	ff 92       	push	r15
    4ae8:	0f 93       	push	r16
    4aea:	1f 93       	push	r17
    4aec:	cf 93       	push	r28
    4aee:	df 93       	push	r29
    4af0:	cd b7       	in	r28, 0x3d	; 61
    4af2:	de b7       	in	r29, 0x3e	; 62
    4af4:	28 97       	sbiw	r28, 0x08	; 8
    4af6:	0f b6       	in	r0, 0x3f	; 63
    4af8:	f8 94       	cli
    4afa:	de bf       	out	0x3e, r29	; 62
    4afc:	0f be       	out	0x3f, r0	; 63
    4afe:	cd bf       	out	0x3d, r28	; 61
	volatile mcp4921_config_t		s_mcp4921_config[4];
	if (DAC_num >3)	return 1;
    4b00:	04 30       	cpi	r16, 0x04	; 4
    4b02:	08 f0       	brcs	.+2      	; 0x4b06 <MCP4291_set_output+0x2a>
    4b04:	6c c0       	rjmp	.+216    	; 0x4bde <MCP4291_set_output+0x102>
    4b06:	12 2f       	mov	r17, r18
    4b08:	b4 2e       	mov	r11, r20
    4b0a:	a6 2e       	mov	r10, r22
    4b0c:	6c 01       	movw	r12, r24
	
	MCP4291_AssertSS(DAC_num);
    4b0e:	80 2f       	mov	r24, r16
    4b10:	0e 94 4a 25 	call	0x4a94	; 0x4a94 <MCP4291_AssertSS>
	s_mcp4921_config[DAC_num].bitfield.data = Val ;
    4b14:	e0 2e       	mov	r14, r16
    4b16:	f1 2c       	mov	r15, r1
    4b18:	c6 01       	movw	r24, r12
    4b1a:	9f 70       	andi	r25, 0x0F	; 15
    4b1c:	f7 01       	movw	r30, r14
    4b1e:	ee 0f       	add	r30, r30
    4b20:	ff 1f       	adc	r31, r31
    4b22:	21 e0       	ldi	r18, 0x01	; 1
    4b24:	30 e0       	ldi	r19, 0x00	; 0
    4b26:	2c 0f       	add	r18, r28
    4b28:	3d 1f       	adc	r19, r29
    4b2a:	e2 0f       	add	r30, r18
    4b2c:	f3 1f       	adc	r31, r19
    4b2e:	80 83       	st	Z, r24
    4b30:	9f 70       	andi	r25, 0x0F	; 15
    4b32:	81 81       	ldd	r24, Z+1	; 0x01
    4b34:	80 7f       	andi	r24, 0xF0	; 240
    4b36:	89 2b       	or	r24, r25
    4b38:	81 83       	std	Z+1, r24	; 0x01
	if (shutdown)
    4b3a:	aa 20       	and	r10, r10
    4b3c:	49 f0       	breq	.+18     	; 0x4b50 <MCP4291_set_output+0x74>
		s_mcp4921_config[DAC_num].bitfield.not_shutdown = 0;
    4b3e:	f7 01       	movw	r30, r14
    4b40:	ee 0f       	add	r30, r30
    4b42:	ff 1f       	adc	r31, r31
    4b44:	e2 0f       	add	r30, r18
    4b46:	f3 1f       	adc	r31, r19
    4b48:	81 81       	ldd	r24, Z+1	; 0x01
    4b4a:	8f 7e       	andi	r24, 0xEF	; 239
    4b4c:	81 83       	std	Z+1, r24	; 0x01
    4b4e:	0c c0       	rjmp	.+24     	; 0x4b68 <MCP4291_set_output+0x8c>
		else s_mcp4921_config[DAC_num].bitfield.not_shutdown = 1;
    4b50:	f7 01       	movw	r30, r14
    4b52:	ee 0f       	add	r30, r30
    4b54:	ff 1f       	adc	r31, r31
    4b56:	81 e0       	ldi	r24, 0x01	; 1
    4b58:	90 e0       	ldi	r25, 0x00	; 0
    4b5a:	8c 0f       	add	r24, r28
    4b5c:	9d 1f       	adc	r25, r29
    4b5e:	e8 0f       	add	r30, r24
    4b60:	f9 1f       	adc	r31, r25
    4b62:	81 81       	ldd	r24, Z+1	; 0x01
    4b64:	80 61       	ori	r24, 0x10	; 16
    4b66:	81 83       	std	Z+1, r24	; 0x01
	if (gain_ena)	s_mcp4921_config[DAC_num].bitfield.ga = 0;
    4b68:	bb 20       	and	r11, r11
    4b6a:	69 f0       	breq	.+26     	; 0x4b86 <MCP4291_set_output+0xaa>
    4b6c:	f7 01       	movw	r30, r14
    4b6e:	ee 0f       	add	r30, r30
    4b70:	ff 1f       	adc	r31, r31
    4b72:	21 e0       	ldi	r18, 0x01	; 1
    4b74:	30 e0       	ldi	r19, 0x00	; 0
    4b76:	2c 0f       	add	r18, r28
    4b78:	3d 1f       	adc	r19, r29
    4b7a:	e2 0f       	add	r30, r18
    4b7c:	f3 1f       	adc	r31, r19
    4b7e:	81 81       	ldd	r24, Z+1	; 0x01
    4b80:	8f 7d       	andi	r24, 0xDF	; 223
    4b82:	81 83       	std	Z+1, r24	; 0x01
    4b84:	0c c0       	rjmp	.+24     	; 0x4b9e <MCP4291_set_output+0xc2>
	else s_mcp4921_config[DAC_num].bitfield.ga = 1;
    4b86:	f7 01       	movw	r30, r14
    4b88:	ee 0f       	add	r30, r30
    4b8a:	ff 1f       	adc	r31, r31
    4b8c:	81 e0       	ldi	r24, 0x01	; 1
    4b8e:	90 e0       	ldi	r25, 0x00	; 0
    4b90:	8c 0f       	add	r24, r28
    4b92:	9d 1f       	adc	r25, r29
    4b94:	e8 0f       	add	r30, r24
    4b96:	f9 1f       	adc	r31, r25
    4b98:	81 81       	ldd	r24, Z+1	; 0x01
    4b9a:	80 62       	ori	r24, 0x20	; 32
    4b9c:	81 83       	std	Z+1, r24	; 0x01
	s_mcp4921_config[DAC_num].bitfield.buf = buf_ena;
    4b9e:	ee 0c       	add	r14, r14
    4ba0:	ff 1c       	adc	r15, r15
    4ba2:	e1 e0       	ldi	r30, 0x01	; 1
    4ba4:	f0 e0       	ldi	r31, 0x00	; 0
    4ba6:	ec 0f       	add	r30, r28
    4ba8:	fd 1f       	adc	r31, r29
    4baa:	ee 0e       	add	r14, r30
    4bac:	ff 1e       	adc	r15, r31
    4bae:	f7 01       	movw	r30, r14
    4bb0:	81 81       	ldd	r24, Z+1	; 0x01
    4bb2:	10 fb       	bst	r17, 0
    4bb4:	86 f9       	bld	r24, 6
    4bb6:	81 83       	std	Z+1, r24	; 0x01
	s_mcp4921_config[DAC_num].bitfield.not_write = 0;
    4bb8:	81 81       	ldd	r24, Z+1	; 0x01
    4bba:	8f 77       	andi	r24, 0x7F	; 127
    4bbc:	81 83       	std	Z+1, r24	; 0x01
	
	SPI_SendByte(s_mcp4921_config[DAC_num].bytefield.byte1);
    4bbe:	81 81       	ldd	r24, Z+1	; 0x01
    4bc0:	0e 94 71 19 	call	0x32e2	; 0x32e2 <SPI_SendByte>

	SPI_SendByte(s_mcp4921_config[DAC_num].bytefield.byte0);
    4bc4:	f7 01       	movw	r30, r14
    4bc6:	80 81       	ld	r24, Z
    4bc8:	0e 94 71 19 	call	0x32e2	; 0x32e2 <SPI_SendByte>

	MCP4291_DeassertSS(DAC_num);
    4bcc:	80 2f       	mov	r24, r16
    4bce:	0e 94 5a 25 	call	0x4ab4	; 0x4ab4 <MCP4291_DeassertSS>
	MCP4291_assert_LDAC();
    4bd2:	0e 94 6a 25 	call	0x4ad4	; 0x4ad4 <MCP4291_assert_LDAC>
	MCP4291_deassert_LDAC();
    4bd6:	0e 94 6c 25 	call	0x4ad8	; 0x4ad8 <MCP4291_deassert_LDAC>
	return	0;
    4bda:	80 e0       	ldi	r24, 0x00	; 0
    4bdc:	01 c0       	rjmp	.+2      	; 0x4be0 <MCP4291_set_output+0x104>
  * @retval status: 0 PASS, >0: error
  *****************************************************************************/
uint8_t	MCP4291_set_output(uint16_t	Val, uint8_t shutdown, uint8_t gain_ena, uint8_t buf_ena, uint8_t DAC_num)
{
	volatile mcp4921_config_t		s_mcp4921_config[4];
	if (DAC_num >3)	return 1;
    4bde:	81 e0       	ldi	r24, 0x01	; 1

	MCP4291_DeassertSS(DAC_num);
	MCP4291_assert_LDAC();
	MCP4291_deassert_LDAC();
	return	0;
    4be0:	28 96       	adiw	r28, 0x08	; 8
    4be2:	0f b6       	in	r0, 0x3f	; 63
    4be4:	f8 94       	cli
    4be6:	de bf       	out	0x3e, r29	; 62
    4be8:	0f be       	out	0x3f, r0	; 63
    4bea:	cd bf       	out	0x3d, r28	; 61
    4bec:	df 91       	pop	r29
    4bee:	cf 91       	pop	r28
    4bf0:	1f 91       	pop	r17
    4bf2:	0f 91       	pop	r16
    4bf4:	ff 90       	pop	r15
    4bf6:	ef 90       	pop	r14
    4bf8:	df 90       	pop	r13
    4bfa:	cf 90       	pop	r12
    4bfc:	bf 90       	pop	r11
    4bfe:	af 90       	pop	r10
    4c00:	08 95       	ret

00004c02 <get_NTC_temperature_using_table>:
	1969, 2045, 2136, 2249, 2394, 2593, 2902,
	3521, 4140
};

int16_t get_NTC_temperature_using_table(uint8_t channel){
	uint16_t ADCVal  = adc_read(channel);
    4c02:	0e 94 fc 18 	call	0x31f8	; 0x31f8 <adc_read>
	return pgm_read_word(&NTC_table[ADCVal]);
    4c06:	88 0f       	add	r24, r24
    4c08:	99 1f       	adc	r25, r25
    4c0a:	fc 01       	movw	r30, r24
    4c0c:	e6 5f       	subi	r30, 0xF6	; 246
    4c0e:	f4 4f       	sbci	r31, 0xF4	; 244
    4c10:	85 91       	lpm	r24, Z+
    4c12:	94 91       	lpm	r25, Z
};
    4c14:	08 95       	ret

00004c16 <ringled_show>:
	ringled_clear();
	ringled_show(colorMap, LED_COUNT);
}

void __attribute__((noinline)) ringled_show(const rgbw_color *colors, uint8_t pixels)
{
    4c16:	fc 01       	movw	r30, r24
	RINGLED_PORT &= ~(1 << RINGLED_DQ);
    4c18:	c7 98       	cbi	0x18, 7	; 24
	RINGLED_DDR  |= (1 << RINGLED_DQ);
    4c1a:	bf 9a       	sbi	0x17, 7	; 23
	
	cli();   // Disable interrupts temporarily because we don't want our pulse timing to be messed up.
    4c1c:	f8 94       	cli
	while (pixels--)
    4c1e:	2f ef       	ldi	r18, 0xFF	; 255
    4c20:	26 0f       	add	r18, r22
    4c22:	66 23       	and	r22, r22
    4c24:	09 f4       	brne	.+2      	; 0x4c28 <ringled_show+0x12>
    4c26:	28 c0       	rjmp	.+80     	; 0x4c78 <led_strip_asm_end35+0x6>
	{
		uint8_t portValue = RINGLED_PORT;
    4c28:	98 b3       	in	r25, 0x18	; 24
		// Send a color to the LED strip.
		// The assembly below also increments the 'colors' pointer,
		// it will be pointing to the next color at the end of this loop.
		asm volatile (
    4c2a:	89 2f       	mov	r24, r25
    4c2c:	8f 77       	andi	r24, 0x7F	; 127
    4c2e:	90 68       	ori	r25, 0x80	; 128
    4c30:	01 90       	ld	r0, Z+
    4c32:	00 80       	ld	r0, Z
    4c34:	09 d0       	rcall	.+18     	; 0x4c48 <send_led_strip_byte35>
    4c36:	02 90       	ld	r0, -Z
    4c38:	07 d0       	rcall	.+14     	; 0x4c48 <send_led_strip_byte35>
    4c3a:	01 90       	ld	r0, Z+
    4c3c:	01 90       	ld	r0, Z+
    4c3e:	01 90       	ld	r0, Z+
    4c40:	03 d0       	rcall	.+6      	; 0x4c48 <send_led_strip_byte35>
    4c42:	01 90       	ld	r0, Z+
    4c44:	01 d0       	rcall	.+2      	; 0x4c48 <send_led_strip_byte35>
    4c46:	15 c0       	rjmp	.+42     	; 0x4c72 <led_strip_asm_end35>

00004c48 <send_led_strip_byte35>:
    4c48:	08 d0       	rcall	.+16     	; 0x4c5a <send_led_strip_bit35>
    4c4a:	07 d0       	rcall	.+14     	; 0x4c5a <send_led_strip_bit35>
    4c4c:	06 d0       	rcall	.+12     	; 0x4c5a <send_led_strip_bit35>
    4c4e:	05 d0       	rcall	.+10     	; 0x4c5a <send_led_strip_bit35>
    4c50:	04 d0       	rcall	.+8      	; 0x4c5a <send_led_strip_bit35>
    4c52:	03 d0       	rcall	.+6      	; 0x4c5a <send_led_strip_bit35>
    4c54:	02 d0       	rcall	.+4      	; 0x4c5a <send_led_strip_bit35>
    4c56:	01 d0       	rcall	.+2      	; 0x4c5a <send_led_strip_bit35>
    4c58:	08 95       	ret

00004c5a <send_led_strip_bit35>:
    4c5a:	00 1c       	adc	r0, r0
    4c5c:	90 93 38 00 	sts	0x0038, r25	; 0x800038 <__TEXT_REGION_LENGTH__+0x7f0038>
    4c60:	10 f0       	brcs	.+4      	; 0x4c66 <send_led_strip_bit35+0xc>
    4c62:	80 93 38 00 	sts	0x0038, r24	; 0x800038 <__TEXT_REGION_LENGTH__+0x7f0038>
    4c66:	00 00       	nop
    4c68:	00 00       	nop
    4c6a:	10 f4       	brcc	.+4      	; 0x4c70 <send_led_strip_bit35+0x16>
    4c6c:	80 93 38 00 	sts	0x0038, r24	; 0x800038 <__TEXT_REGION_LENGTH__+0x7f0038>
    4c70:	08 95       	ret

00004c72 <led_strip_asm_end35>:
{
	RINGLED_PORT &= ~(1 << RINGLED_DQ);
	RINGLED_DDR  |= (1 << RINGLED_DQ);
	
	cli();   // Disable interrupts temporarily because we don't want our pulse timing to be messed up.
	while (pixels--)
    4c72:	21 50       	subi	r18, 0x01	; 1
    4c74:	08 f0       	brcs	.+2      	; 0x4c78 <led_strip_asm_end35+0x6>
    4c76:	d8 cf       	rjmp	.-80     	; 0x4c28 <ringled_show+0x12>
		"" (&RINGLED_PORT),   // %2 is the port register (e.g. PORTH)
		"r" ((uint8_t)(portValue & ~(1 << RINGLED_DQ))),  // %3
		"r" ((uint8_t)(portValue | (1 << RINGLED_DQ)))    // %4
		);
	}
	sei();          // Re-enable interrupts now that we are done.
    4c78:	78 94       	sei
    4c7a:	08 95       	ret

00004c7c <ringled_clear>:
}


void ringled_clear(void)
{
    4c7c:	80 e0       	ldi	r24, 0x00	; 0
    4c7e:	90 e0       	ldi	r25, 0x00	; 0
	for (uint8_t i = 0; i < LED_COUNT; i++)
	colorMap[i] = (rgbw_color){0, 0, 0, 0};
    4c80:	fc 01       	movw	r30, r24
    4c82:	ee 0f       	add	r30, r30
    4c84:	ff 1f       	adc	r31, r31
    4c86:	ee 0f       	add	r30, r30
    4c88:	ff 1f       	adc	r31, r31
    4c8a:	ec 58       	subi	r30, 0x8C	; 140
    4c8c:	f3 4f       	sbci	r31, 0xF3	; 243
    4c8e:	10 82       	st	Z, r1
    4c90:	11 82       	std	Z+1, r1	; 0x01
    4c92:	12 82       	std	Z+2, r1	; 0x02
    4c94:	13 82       	std	Z+3, r1	; 0x03
    4c96:	01 96       	adiw	r24, 0x01	; 1
}


void ringled_clear(void)
{
	for (uint8_t i = 0; i < LED_COUNT; i++)
    4c98:	8a 30       	cpi	r24, 0x0A	; 10
    4c9a:	91 05       	cpc	r25, r1
    4c9c:	89 f7       	brne	.-30     	; 0x4c80 <ringled_clear+0x4>
	colorMap[i] = (rgbw_color){0, 0, 0, 0};
}
    4c9e:	08 95       	ret

00004ca0 <ringled_init>:

rgbw_color status_rgbw_color;

void ringled_init(void)
{
	ringled_clear();
    4ca0:	0e 94 3e 26 	call	0x4c7c	; 0x4c7c <ringled_clear>
	ringled_show(colorMap, LED_COUNT);
    4ca4:	6a e0       	ldi	r22, 0x0A	; 10
    4ca6:	84 e7       	ldi	r24, 0x74	; 116
    4ca8:	9c e0       	ldi	r25, 0x0C	; 12
    4caa:	0e 94 0b 26 	call	0x4c16	; 0x4c16 <ringled_show>
    4cae:	08 95       	ret

00004cb0 <ringled_set_RGBW>:
	colorMap[i] = (rgbw_color){0, 0, 0, 0};
}

void ringled_set_RGBW(uint8_t red, uint8_t green, uint8_t blue, uint8_t white)
{
	status_rgbw_color = (rgbw_color){red, green, blue, white};
    4cb0:	e9 e4       	ldi	r30, 0x49	; 73
    4cb2:	fe e0       	ldi	r31, 0x0E	; 14
    4cb4:	80 83       	st	Z, r24
    4cb6:	61 83       	std	Z+1, r22	; 0x01
    4cb8:	42 83       	std	Z+2, r20	; 0x02
    4cba:	23 83       	std	Z+3, r18	; 0x03
    4cbc:	e4 e7       	ldi	r30, 0x74	; 116
    4cbe:	fc e0       	ldi	r31, 0x0C	; 12
    4cc0:	ac e9       	ldi	r26, 0x9C	; 156
    4cc2:	bc e0       	ldi	r27, 0x0C	; 12
	for (uint8_t i = 0; i < LED_COUNT; i++)
		colorMap[i] = (rgbw_color){red, green, blue, white};
    4cc4:	80 83       	st	Z, r24
    4cc6:	61 83       	std	Z+1, r22	; 0x01
    4cc8:	42 83       	std	Z+2, r20	; 0x02
    4cca:	23 83       	std	Z+3, r18	; 0x03
    4ccc:	34 96       	adiw	r30, 0x04	; 4
}

void ringled_set_RGBW(uint8_t red, uint8_t green, uint8_t blue, uint8_t white)
{
	status_rgbw_color = (rgbw_color){red, green, blue, white};
	for (uint8_t i = 0; i < LED_COUNT; i++)
    4cce:	ea 17       	cp	r30, r26
    4cd0:	fb 07       	cpc	r31, r27
    4cd2:	c1 f7       	brne	.-16     	; 0x4cc4 <ringled_set_RGBW+0x14>
		colorMap[i] = (rgbw_color){red, green, blue, white};
	ringled_show(colorMap, LED_COUNT);
    4cd4:	6a e0       	ldi	r22, 0x0A	; 10
    4cd6:	84 e7       	ldi	r24, 0x74	; 116
    4cd8:	9c e0       	ldi	r25, 0x0C	; 12
    4cda:	0e 94 0b 26 	call	0x4c16	; 0x4c16 <ringled_show>
    4cde:	08 95       	ret

00004ce0 <ringled_get_RGBW>:
}

rgbw_color ringled_get_RGBW(void)
{
	return status_rgbw_color;
    4ce0:	60 91 49 0e 	lds	r22, 0x0E49	; 0x800e49 <status_rgbw_color>
    4ce4:	70 91 4a 0e 	lds	r23, 0x0E4A	; 0x800e4a <status_rgbw_color+0x1>
    4ce8:	80 91 4b 0e 	lds	r24, 0x0E4B	; 0x800e4b <status_rgbw_color+0x2>
    4cec:	90 91 4c 0e 	lds	r25, 0x0E4C	; 0x800e4c <status_rgbw_color+0x3>
    4cf0:	08 95       	ret

00004cf2 <TEC_init>:
#include "TEC.h"
#include <avr/io.h>
#include "IOU_board.h"
void	TEC_init(void)
{
	TEC_SHUTDOWN_TEC0_DDR |= (1<< TEC_SHUTDOWN_TEC0_PIN);
    4cf2:	e4 e6       	ldi	r30, 0x64	; 100
    4cf4:	f0 e0       	ldi	r31, 0x00	; 0
    4cf6:	80 81       	ld	r24, Z
    4cf8:	81 60       	ori	r24, 0x01	; 1
    4cfa:	80 83       	st	Z, r24
	TEC_SHUTDOWN_TEC1_DDR |= (1<< TEC_SHUTDOWN_TEC1_PIN);
    4cfc:	d7 9a       	sbi	0x1a, 7	; 26
	TEC_SHUTDOWN_TEC2_DDR |= (1<< TEC_SHUTDOWN_TEC2_PIN);
    4cfe:	d4 9a       	sbi	0x1a, 4	; 26
	TEC_SHUTDOWN_TEC3_DDR |= (1<< TEC_SHUTDOWN_TEC3_PIN);
    4d00:	a6 9a       	sbi	0x14, 6	; 20
    4d02:	08 95       	ret

00004d04 <TEC_enable>:
}

uint8_t	TEC_enable(uint8_t	TEC_device)
{
	switch (TEC_device)
    4d04:	81 30       	cpi	r24, 0x01	; 1
    4d06:	69 f0       	breq	.+26     	; 0x4d22 <TEC_enable+0x1e>
    4d08:	28 f0       	brcs	.+10     	; 0x4d14 <TEC_enable+0x10>
    4d0a:	82 30       	cpi	r24, 0x02	; 2
    4d0c:	69 f0       	breq	.+26     	; 0x4d28 <TEC_enable+0x24>
    4d0e:	83 30       	cpi	r24, 0x03	; 3
    4d10:	71 f0       	breq	.+28     	; 0x4d2e <TEC_enable+0x2a>
    4d12:	10 c0       	rjmp	.+32     	; 0x4d34 <TEC_enable+0x30>
	{
		case 0:
			TEC_SHUTDOWN_TEC0_PORT |= (1<< TEC_SHUTDOWN_TEC0_PIN);
    4d14:	e5 e6       	ldi	r30, 0x65	; 101
    4d16:	f0 e0       	ldi	r31, 0x00	; 0
    4d18:	80 81       	ld	r24, Z
    4d1a:	81 60       	ori	r24, 0x01	; 1
    4d1c:	80 83       	st	Z, r24
			return 0;
    4d1e:	80 e0       	ldi	r24, 0x00	; 0
    4d20:	08 95       	ret
		case 1:
			TEC_SHUTDOWN_TEC1_PORT |= (1<< TEC_SHUTDOWN_TEC1_PIN);
    4d22:	df 9a       	sbi	0x1b, 7	; 27
			return	0;
    4d24:	80 e0       	ldi	r24, 0x00	; 0
    4d26:	08 95       	ret
		case 2:
			TEC_SHUTDOWN_TEC2_PORT |= (1<< TEC_SHUTDOWN_TEC2_PIN);
    4d28:	dc 9a       	sbi	0x1b, 4	; 27
			return 0;
    4d2a:	80 e0       	ldi	r24, 0x00	; 0
    4d2c:	08 95       	ret
		case 3:
			TEC_SHUTDOWN_TEC3_PORT |= (1<< TEC_SHUTDOWN_TEC3_PIN);
    4d2e:	ae 9a       	sbi	0x15, 6	; 21
			return 0;
    4d30:	80 e0       	ldi	r24, 0x00	; 0
    4d32:	08 95       	ret
		default:
			return 1;
    4d34:	81 e0       	ldi	r24, 0x01	; 1
	}
}
    4d36:	08 95       	ret

00004d38 <TEC_shutdown>:
	
uint8_t	TEC_shutdown(uint8_t	TEC_device)
{
	switch (TEC_device)
    4d38:	81 30       	cpi	r24, 0x01	; 1
    4d3a:	69 f0       	breq	.+26     	; 0x4d56 <TEC_shutdown+0x1e>
    4d3c:	28 f0       	brcs	.+10     	; 0x4d48 <TEC_shutdown+0x10>
    4d3e:	82 30       	cpi	r24, 0x02	; 2
    4d40:	69 f0       	breq	.+26     	; 0x4d5c <TEC_shutdown+0x24>
    4d42:	83 30       	cpi	r24, 0x03	; 3
    4d44:	71 f0       	breq	.+28     	; 0x4d62 <TEC_shutdown+0x2a>
    4d46:	10 c0       	rjmp	.+32     	; 0x4d68 <TEC_shutdown+0x30>
	{
		case 0:
			TEC_SHUTDOWN_TEC0_PORT &= ~(1<< TEC_SHUTDOWN_TEC0_PIN);
    4d48:	e5 e6       	ldi	r30, 0x65	; 101
    4d4a:	f0 e0       	ldi	r31, 0x00	; 0
    4d4c:	80 81       	ld	r24, Z
    4d4e:	8e 7f       	andi	r24, 0xFE	; 254
    4d50:	80 83       	st	Z, r24
			return 0;
    4d52:	80 e0       	ldi	r24, 0x00	; 0
    4d54:	08 95       	ret
		case 1:
			TEC_SHUTDOWN_TEC1_PORT &= ~(1<< TEC_SHUTDOWN_TEC1_PIN);
    4d56:	df 98       	cbi	0x1b, 7	; 27
			return	0;
    4d58:	80 e0       	ldi	r24, 0x00	; 0
    4d5a:	08 95       	ret
		case 2:
			TEC_SHUTDOWN_TEC2_PORT &= ~(1<< TEC_SHUTDOWN_TEC2_PIN);
    4d5c:	dc 98       	cbi	0x1b, 4	; 27
			return 0;
    4d5e:	80 e0       	ldi	r24, 0x00	; 0
    4d60:	08 95       	ret
		case 3:
			TEC_SHUTDOWN_TEC3_PORT &= ~(1<< TEC_SHUTDOWN_TEC3_PIN);
    4d62:	ae 98       	cbi	0x15, 6	; 21
			return 0;
    4d64:	80 e0       	ldi	r24, 0x00	; 0
    4d66:	08 95       	ret
		default:
			return 1;
    4d68:	81 e0       	ldi	r24, 0x01	; 1
	}
    4d6a:	08 95       	ret

00004d6c <TPL5010_init>:
#include <avr/io.h>
#include "TPL5010.h"
#include "IOU_board.h"
void	TPL5010_init (void)
{
	TPL5010_DONE_DDR |=  (1 << TPL5010_DONE_PIN);	//done is output
    4d6c:	12 9a       	sbi	0x02, 2	; 2
	TPL5010_WAKE_DDR &= ~(1 << TPL5010_WAKE_PIN);	//wake is input
    4d6e:	16 98       	cbi	0x02, 6	; 2
	TPL5010_WAKE_PORT |=  (1 << TPL5010_WAKE_PIN);	//pull up Wake
    4d70:	1e 9a       	sbi	0x03, 6	; 3
	TPL5010_DONE_PORT	&= ~(1 << TPL5010_DONE_PIN);	//init as 0
    4d72:	1a 98       	cbi	0x03, 2	; 3
    4d74:	08 95       	ret

00004d76 <TPL5010_done_pulse>:
	return;
};
void	TPL5010_done_pulse (void)
{
	
	TPL5010_DONE_PORT	|= (1 << TPL5010_DONE_PIN);
    4d76:	1a 9a       	sbi	0x03, 2	; 3
	TPL5010_DONE_PORT	&= ~(1 << TPL5010_DONE_PIN);
    4d78:	1a 98       	cbi	0x03, 2	; 3
    4d7a:	08 95       	ret

00004d7c <SCH_Initialize>:
    4d7c:	10 92 4e 0e 	sts	0x0E4E, r1	; 0x800e4e <s_SystemTick+0x1>
    4d80:	10 92 4d 0e 	sts	0x0E4D, r1	; 0x800e4d <s_SystemTick>
    4d84:	10 92 2a 0c 	sts	0x0C2A, r1	; 0x800c2a <s_NumOfTaskScheduled>
    4d88:	10 92 0b 0c 	sts	0x0C0B, r1	; 0x800c0b <s_NumOfTimers>
    4d8c:	8c e3       	ldi	r24, 0x3C	; 60
    4d8e:	eb e2       	ldi	r30, 0x2B	; 43
    4d90:	fc e0       	ldi	r31, 0x0C	; 12
    4d92:	df 01       	movw	r26, r30
    4d94:	1d 92       	st	X+, r1
    4d96:	8a 95       	dec	r24
    4d98:	e9 f7       	brne	.-6      	; 0x4d94 <SCH_Initialize+0x18>
    4d9a:	8e e1       	ldi	r24, 0x1E	; 30
    4d9c:	ec e0       	ldi	r30, 0x0C	; 12
    4d9e:	fc e0       	ldi	r31, 0x0C	; 12
    4da0:	df 01       	movw	r26, r30
    4da2:	1d 92       	st	X+, r1
    4da4:	8a 95       	dec	r24
    4da6:	e9 f7       	brne	.-6      	; 0x4da2 <SCH_Initialize+0x26>
    4da8:	88 e0       	ldi	r24, 0x08	; 8
    4daa:	ef e4       	ldi	r30, 0x4F	; 79
    4dac:	fe e0       	ldi	r31, 0x0E	; 14
    4dae:	df 01       	movw	r26, r30
    4db0:	1d 92       	st	X+, r1
    4db2:	8a 95       	dec	r24
    4db4:	e9 f7       	brne	.-6      	; 0x4db0 <SCH_Initialize+0x34>
    4db6:	0e 94 7e 19 	call	0x32fc	; 0x32fc <timer_timer0_init>
    4dba:	08 95       	ret

00004dbc <SCH_TIM_Start>:
    4dbc:	82 30       	cpi	r24, 0x02	; 2
    4dbe:	40 f4       	brcc	.+16     	; 0x4dd0 <SCH_TIM_Start+0x14>
    4dc0:	e8 2f       	mov	r30, r24
    4dc2:	f0 e0       	ldi	r31, 0x00	; 0
    4dc4:	ee 0f       	add	r30, r30
    4dc6:	ff 1f       	adc	r31, r31
    4dc8:	e1 5b       	subi	r30, 0xB1	; 177
    4dca:	f1 4f       	sbci	r31, 0xF1	; 241
    4dcc:	51 83       	std	Z+1, r21	; 0x01
    4dce:	40 83       	st	Z, r20
    4dd0:	08 95       	ret

00004dd2 <SCH_TIM_HasCompleted>:
    4dd2:	e8 2f       	mov	r30, r24
    4dd4:	f0 e0       	ldi	r31, 0x00	; 0
    4dd6:	ee 0f       	add	r30, r30
    4dd8:	ff 1f       	adc	r31, r31
    4dda:	e1 5b       	subi	r30, 0xB1	; 177
    4ddc:	f1 4f       	sbci	r31, 0xF1	; 241
    4dde:	20 81       	ld	r18, Z
    4de0:	31 81       	ldd	r19, Z+1	; 0x01
    4de2:	81 e0       	ldi	r24, 0x01	; 1
    4de4:	23 2b       	or	r18, r19
    4de6:	09 f0       	breq	.+2      	; 0x4dea <SCH_TIM_HasCompleted+0x18>
    4de8:	80 e0       	ldi	r24, 0x00	; 0
    4dea:	08 95       	ret

00004dec <SCH_TASK_CreateTask>:
    4dec:	cf 93       	push	r28
    4dee:	df 93       	push	r29
    4df0:	ec 01       	movw	r28, r24
    4df2:	89 2b       	or	r24, r25
    4df4:	39 f1       	breq	.+78     	; 0x4e44 <SCH_TASK_CreateTask+0x58>
    4df6:	61 15       	cp	r22, r1
    4df8:	71 05       	cpc	r23, r1
    4dfa:	31 f1       	breq	.+76     	; 0x4e48 <SCH_TASK_CreateTask+0x5c>
    4dfc:	90 91 2a 0c 	lds	r25, 0x0C2A	; 0x800c2a <s_NumOfTaskScheduled>
    4e00:	99 30       	cpi	r25, 0x09	; 9
    4e02:	20 f5       	brcc	.+72     	; 0x4e4c <SCH_TASK_CreateTask+0x60>
    4e04:	29 2f       	mov	r18, r25
    4e06:	30 e0       	ldi	r19, 0x00	; 0
    4e08:	f9 01       	movw	r30, r18
    4e0a:	ee 0f       	add	r30, r30
    4e0c:	ff 1f       	adc	r31, r31
    4e0e:	df 01       	movw	r26, r30
    4e10:	a2 0f       	add	r26, r18
    4e12:	b3 1f       	adc	r27, r19
    4e14:	aa 0f       	add	r26, r26
    4e16:	bb 1f       	adc	r27, r27
    4e18:	a5 5d       	subi	r26, 0xD5	; 213
    4e1a:	b3 4f       	sbci	r27, 0xF3	; 243
    4e1c:	15 96       	adiw	r26, 0x05	; 5
    4e1e:	7c 93       	st	X, r23
    4e20:	6e 93       	st	-X, r22
    4e22:	14 97       	sbiw	r26, 0x04	; 4
    4e24:	11 96       	adiw	r26, 0x01	; 1
    4e26:	1c 92       	st	X, r1
    4e28:	11 97       	sbiw	r26, 0x01	; 1
    4e2a:	13 96       	adiw	r26, 0x03	; 3
    4e2c:	1c 92       	st	X, r1
    4e2e:	1e 92       	st	-X, r1
    4e30:	12 97       	sbiw	r26, 0x02	; 2
    4e32:	fd 01       	movw	r30, r26
    4e34:	81 e0       	ldi	r24, 0x01	; 1
    4e36:	80 83       	st	Z, r24
    4e38:	98 83       	st	Y, r25
    4e3a:	9f 5f       	subi	r25, 0xFF	; 255
    4e3c:	90 93 2a 0c 	sts	0x0C2A, r25	; 0x800c2a <s_NumOfTaskScheduled>
    4e40:	80 e0       	ldi	r24, 0x00	; 0
    4e42:	05 c0       	rjmp	.+10     	; 0x4e4e <SCH_TASK_CreateTask+0x62>
    4e44:	81 e0       	ldi	r24, 0x01	; 1
    4e46:	03 c0       	rjmp	.+6      	; 0x4e4e <SCH_TASK_CreateTask+0x62>
    4e48:	81 e0       	ldi	r24, 0x01	; 1
    4e4a:	01 c0       	rjmp	.+2      	; 0x4e4e <SCH_TASK_CreateTask+0x62>
    4e4c:	81 e0       	ldi	r24, 0x01	; 1
    4e4e:	df 91       	pop	r29
    4e50:	cf 91       	pop	r28
    4e52:	08 95       	ret

00004e54 <SCH_TIM_CreateTimer>:
    4e54:	cf 93       	push	r28
    4e56:	df 93       	push	r29
    4e58:	ec 01       	movw	r28, r24
    4e5a:	89 2b       	or	r24, r25
    4e5c:	21 f1       	breq	.+72     	; 0x4ea6 <SCH_TIM_CreateTimer+0x52>
    4e5e:	61 15       	cp	r22, r1
    4e60:	71 05       	cpc	r23, r1
    4e62:	19 f1       	breq	.+70     	; 0x4eaa <SCH_TIM_CreateTimer+0x56>
    4e64:	90 91 0b 0c 	lds	r25, 0x0C0B	; 0x800c0b <s_NumOfTimers>
    4e68:	94 30       	cpi	r25, 0x04	; 4
    4e6a:	08 f5       	brcc	.+66     	; 0x4eae <SCH_TIM_CreateTimer+0x5a>
    4e6c:	29 2f       	mov	r18, r25
    4e6e:	30 e0       	ldi	r19, 0x00	; 0
    4e70:	f9 01       	movw	r30, r18
    4e72:	ee 0f       	add	r30, r30
    4e74:	ff 1f       	adc	r31, r31
    4e76:	df 01       	movw	r26, r30
    4e78:	a2 0f       	add	r26, r18
    4e7a:	b3 1f       	adc	r27, r19
    4e7c:	aa 0f       	add	r26, r26
    4e7e:	bb 1f       	adc	r27, r27
    4e80:	a4 5f       	subi	r26, 0xF4	; 244
    4e82:	b3 4f       	sbci	r27, 0xF3	; 243
    4e84:	15 96       	adiw	r26, 0x05	; 5
    4e86:	7c 93       	st	X, r23
    4e88:	6e 93       	st	-X, r22
    4e8a:	14 97       	sbiw	r26, 0x04	; 4
    4e8c:	1c 92       	st	X, r1
    4e8e:	11 96       	adiw	r26, 0x01	; 1
    4e90:	1c 92       	st	X, r1
    4e92:	11 97       	sbiw	r26, 0x01	; 1
    4e94:	fd 01       	movw	r30, r26
    4e96:	13 82       	std	Z+3, r1	; 0x03
    4e98:	12 82       	std	Z+2, r1	; 0x02
    4e9a:	98 83       	st	Y, r25
    4e9c:	9f 5f       	subi	r25, 0xFF	; 255
    4e9e:	90 93 0b 0c 	sts	0x0C0B, r25	; 0x800c0b <s_NumOfTimers>
    4ea2:	80 e0       	ldi	r24, 0x00	; 0
    4ea4:	05 c0       	rjmp	.+10     	; 0x4eb0 <SCH_TIM_CreateTimer+0x5c>
    4ea6:	81 e0       	ldi	r24, 0x01	; 1
    4ea8:	03 c0       	rjmp	.+6      	; 0x4eb0 <SCH_TIM_CreateTimer+0x5c>
    4eaa:	81 e0       	ldi	r24, 0x01	; 1
    4eac:	01 c0       	rjmp	.+2      	; 0x4eb0 <SCH_TIM_CreateTimer+0x5c>
    4eae:	81 e0       	ldi	r24, 0x01	; 1
    4eb0:	df 91       	pop	r29
    4eb2:	cf 91       	pop	r28
    4eb4:	08 95       	ret

00004eb6 <SCH_TIM_RestartTimer>:
    4eb6:	90 91 0b 0c 	lds	r25, 0x0C0B	; 0x800c0b <s_NumOfTimers>
    4eba:	89 17       	cp	r24, r25
    4ebc:	a0 f4       	brcc	.+40     	; 0x4ee6 <SCH_TIM_RestartTimer+0x30>
    4ebe:	90 e0       	ldi	r25, 0x00	; 0
    4ec0:	fc 01       	movw	r30, r24
    4ec2:	ee 0f       	add	r30, r30
    4ec4:	ff 1f       	adc	r31, r31
    4ec6:	df 01       	movw	r26, r30
    4ec8:	a8 0f       	add	r26, r24
    4eca:	b9 1f       	adc	r27, r25
    4ecc:	aa 0f       	add	r26, r26
    4ece:	bb 1f       	adc	r27, r27
    4ed0:	a4 5f       	subi	r26, 0xF4	; 244
    4ed2:	b3 4f       	sbci	r27, 0xF3	; 243
    4ed4:	13 96       	adiw	r26, 0x03	; 3
    4ed6:	1c 92       	st	X, r1
    4ed8:	1e 92       	st	-X, r1
    4eda:	12 97       	sbiw	r26, 0x02	; 2
    4edc:	fd 01       	movw	r30, r26
    4ede:	81 e0       	ldi	r24, 0x01	; 1
    4ee0:	80 83       	st	Z, r24
    4ee2:	80 e0       	ldi	r24, 0x00	; 0
    4ee4:	08 95       	ret
    4ee6:	81 e0       	ldi	r24, 0x01	; 1
    4ee8:	08 95       	ret

00004eea <SCH_RunSystemTickTimer>:
    4eea:	1f 93       	push	r17
    4eec:	cf 93       	push	r28
    4eee:	df 93       	push	r29
    4ef0:	80 91 4d 0e 	lds	r24, 0x0E4D	; 0x800e4d <s_SystemTick>
    4ef4:	90 91 4e 0e 	lds	r25, 0x0E4E	; 0x800e4e <s_SystemTick+0x1>
    4ef8:	01 96       	adiw	r24, 0x01	; 1
    4efa:	90 93 4e 0e 	sts	0x0E4E, r25	; 0x800e4e <s_SystemTick+0x1>
    4efe:	80 93 4d 0e 	sts	0x0E4D, r24	; 0x800e4d <s_SystemTick>
    4f02:	80 91 2a 0c 	lds	r24, 0x0C2A	; 0x800c2a <s_NumOfTaskScheduled>
    4f06:	88 23       	and	r24, r24
    4f08:	59 f1       	breq	.+86     	; 0x4f60 <SCH_RunSystemTickTimer+0x76>
    4f0a:	eb e2       	ldi	r30, 0x2B	; 43
    4f0c:	fc e0       	ldi	r31, 0x0C	; 12
    4f0e:	81 50       	subi	r24, 0x01	; 1
    4f10:	90 e0       	ldi	r25, 0x00	; 0
    4f12:	01 96       	adiw	r24, 0x01	; 1
    4f14:	9c 01       	movw	r18, r24
    4f16:	22 0f       	add	r18, r18
    4f18:	33 1f       	adc	r19, r19
    4f1a:	82 0f       	add	r24, r18
    4f1c:	93 1f       	adc	r25, r19
    4f1e:	88 0f       	add	r24, r24
    4f20:	99 1f       	adc	r25, r25
    4f22:	85 5d       	subi	r24, 0xD5	; 213
    4f24:	93 4f       	sbci	r25, 0xF3	; 243
    4f26:	61 e0       	ldi	r22, 0x01	; 1
    4f28:	a4 81       	ldd	r26, Z+4	; 0x04
    4f2a:	b5 81       	ldd	r27, Z+5	; 0x05
    4f2c:	2c 91       	ld	r18, X
    4f2e:	21 30       	cpi	r18, 0x01	; 1
    4f30:	99 f4       	brne	.+38     	; 0x4f58 <SCH_RunSystemTickTimer+0x6e>
    4f32:	20 81       	ld	r18, Z
    4f34:	21 30       	cpi	r18, 0x01	; 1
    4f36:	81 f4       	brne	.+32     	; 0x4f58 <SCH_RunSystemTickTimer+0x6e>
    4f38:	22 81       	ldd	r18, Z+2	; 0x02
    4f3a:	33 81       	ldd	r19, Z+3	; 0x03
    4f3c:	2f 5f       	subi	r18, 0xFF	; 255
    4f3e:	3f 4f       	sbci	r19, 0xFF	; 255
    4f40:	33 83       	std	Z+3, r19	; 0x03
    4f42:	22 83       	std	Z+2, r18	; 0x02
    4f44:	12 96       	adiw	r26, 0x02	; 2
    4f46:	4d 91       	ld	r20, X+
    4f48:	5c 91       	ld	r21, X
    4f4a:	13 97       	sbiw	r26, 0x03	; 3
    4f4c:	24 17       	cp	r18, r20
    4f4e:	35 07       	cpc	r19, r21
    4f50:	18 f0       	brcs	.+6      	; 0x4f58 <SCH_RunSystemTickTimer+0x6e>
    4f52:	13 82       	std	Z+3, r1	; 0x03
    4f54:	12 82       	std	Z+2, r1	; 0x02
    4f56:	61 83       	std	Z+1, r22	; 0x01
    4f58:	36 96       	adiw	r30, 0x06	; 6
    4f5a:	e8 17       	cp	r30, r24
    4f5c:	f9 07       	cpc	r31, r25
    4f5e:	21 f7       	brne	.-56     	; 0x4f28 <SCH_RunSystemTickTimer+0x3e>
    4f60:	40 91 0b 0c 	lds	r20, 0x0C0B	; 0x800c0b <s_NumOfTimers>
    4f64:	44 23       	and	r20, r20
    4f66:	61 f1       	breq	.+88     	; 0x4fc0 <SCH_RunSystemTickTimer+0xd6>
    4f68:	ec e0       	ldi	r30, 0x0C	; 12
    4f6a:	fc e0       	ldi	r31, 0x0C	; 12
    4f6c:	80 e0       	ldi	r24, 0x00	; 0
    4f6e:	51 e0       	ldi	r21, 0x01	; 1
    4f70:	10 e0       	ldi	r17, 0x00	; 0
    4f72:	df 01       	movw	r26, r30
    4f74:	90 81       	ld	r25, Z
    4f76:	91 30       	cpi	r25, 0x01	; 1
    4f78:	b1 f4       	brne	.+44     	; 0x4fa6 <SCH_RunSystemTickTimer+0xbc>
    4f7a:	22 81       	ldd	r18, Z+2	; 0x02
    4f7c:	33 81       	ldd	r19, Z+3	; 0x03
    4f7e:	2f 5f       	subi	r18, 0xFF	; 255
    4f80:	3f 4f       	sbci	r19, 0xFF	; 255
    4f82:	33 83       	std	Z+3, r19	; 0x03
    4f84:	22 83       	std	Z+2, r18	; 0x02
    4f86:	c4 81       	ldd	r28, Z+4	; 0x04
    4f88:	d5 81       	ldd	r29, Z+5	; 0x05
    4f8a:	69 81       	ldd	r22, Y+1	; 0x01
    4f8c:	7a 81       	ldd	r23, Y+2	; 0x02
    4f8e:	26 17       	cp	r18, r22
    4f90:	37 07       	cpc	r19, r23
    4f92:	48 f0       	brcs	.+18     	; 0x4fa6 <SCH_RunSystemTickTimer+0xbc>
    4f94:	51 83       	std	Z+1, r21	; 0x01
    4f96:	13 82       	std	Z+3, r1	; 0x03
    4f98:	12 82       	std	Z+2, r1	; 0x02
    4f9a:	95 2f       	mov	r25, r21
    4f9c:	28 81       	ld	r18, Y
    4f9e:	22 30       	cpi	r18, 0x02	; 2
    4fa0:	09 f0       	breq	.+2      	; 0x4fa4 <SCH_RunSystemTickTimer+0xba>
    4fa2:	91 2f       	mov	r25, r17
    4fa4:	9c 93       	st	X, r25
    4fa6:	8f 5f       	subi	r24, 0xFF	; 255
    4fa8:	36 96       	adiw	r30, 0x06	; 6
    4faa:	84 13       	cpse	r24, r20
    4fac:	e2 cf       	rjmp	.-60     	; 0x4f72 <SCH_RunSystemTickTimer+0x88>
    4fae:	08 c0       	rjmp	.+16     	; 0x4fc0 <SCH_RunSystemTickTimer+0xd6>
    4fb0:	ef e4       	ldi	r30, 0x4F	; 79
    4fb2:	fe e0       	ldi	r31, 0x0E	; 14
    4fb4:	82 81       	ldd	r24, Z+2	; 0x02
    4fb6:	93 81       	ldd	r25, Z+3	; 0x03
    4fb8:	01 97       	sbiw	r24, 0x01	; 1
    4fba:	93 83       	std	Z+3, r25	; 0x03
    4fbc:	82 83       	std	Z+2, r24	; 0x02
    4fbe:	13 c0       	rjmp	.+38     	; 0x4fe6 <SCH_RunSystemTickTimer+0xfc>
    4fc0:	80 91 4f 0e 	lds	r24, 0x0E4F	; 0x800e4f <s_SoftTimers>
    4fc4:	90 91 50 0e 	lds	r25, 0x0E50	; 0x800e50 <s_SoftTimers+0x1>
    4fc8:	89 2b       	or	r24, r25
    4fca:	39 f0       	breq	.+14     	; 0x4fda <SCH_RunSystemTickTimer+0xf0>
    4fcc:	ef e4       	ldi	r30, 0x4F	; 79
    4fce:	fe e0       	ldi	r31, 0x0E	; 14
    4fd0:	80 81       	ld	r24, Z
    4fd2:	91 81       	ldd	r25, Z+1	; 0x01
    4fd4:	01 97       	sbiw	r24, 0x01	; 1
    4fd6:	91 83       	std	Z+1, r25	; 0x01
    4fd8:	80 83       	st	Z, r24
    4fda:	80 91 51 0e 	lds	r24, 0x0E51	; 0x800e51 <s_SoftTimers+0x2>
    4fde:	90 91 52 0e 	lds	r25, 0x0E52	; 0x800e52 <s_SoftTimers+0x3>
    4fe2:	89 2b       	or	r24, r25
    4fe4:	29 f7       	brne	.-54     	; 0x4fb0 <SCH_RunSystemTickTimer+0xc6>
    4fe6:	df 91       	pop	r29
    4fe8:	cf 91       	pop	r28
    4fea:	1f 91       	pop	r17
    4fec:	08 95       	ret

00004fee <SCH_StartSchedular>:
    4fee:	0e 94 76 19 	call	0x32ec	; 0x32ec <timer_start_timer0>
    4ff2:	08 95       	ret

00004ff4 <SCH_HandleScheduledTask>:
    4ff4:	cf 93       	push	r28
    4ff6:	80 91 2a 0c 	lds	r24, 0x0C2A	; 0x800c2a <s_NumOfTaskScheduled>
    4ffa:	88 23       	and	r24, r24
    4ffc:	b9 f1       	breq	.+110    	; 0x506c <SCH_HandleScheduledTask+0x78>
    4ffe:	c0 e0       	ldi	r28, 0x00	; 0
    5000:	8c 2f       	mov	r24, r28
    5002:	90 e0       	ldi	r25, 0x00	; 0
    5004:	fc 01       	movw	r30, r24
    5006:	ee 0f       	add	r30, r30
    5008:	ff 1f       	adc	r31, r31
    500a:	e8 0f       	add	r30, r24
    500c:	f9 1f       	adc	r31, r25
    500e:	ee 0f       	add	r30, r30
    5010:	ff 1f       	adc	r31, r31
    5012:	e5 5d       	subi	r30, 0xD5	; 213
    5014:	f3 4f       	sbci	r31, 0xF3	; 243
    5016:	21 81       	ldd	r18, Z+1	; 0x01
    5018:	21 30       	cpi	r18, 0x01	; 1
    501a:	19 f5       	brne	.+70     	; 0x5062 <SCH_HandleScheduledTask+0x6e>
    501c:	fc 01       	movw	r30, r24
    501e:	ee 0f       	add	r30, r30
    5020:	ff 1f       	adc	r31, r31
    5022:	e8 0f       	add	r30, r24
    5024:	f9 1f       	adc	r31, r25
    5026:	ee 0f       	add	r30, r30
    5028:	ff 1f       	adc	r31, r31
    502a:	e5 5d       	subi	r30, 0xD5	; 213
    502c:	f3 4f       	sbci	r31, 0xF3	; 243
    502e:	20 81       	ld	r18, Z
    5030:	21 30       	cpi	r18, 0x01	; 1
    5032:	b9 f4       	brne	.+46     	; 0x5062 <SCH_HandleScheduledTask+0x6e>
    5034:	fc 01       	movw	r30, r24
    5036:	ee 0f       	add	r30, r30
    5038:	ff 1f       	adc	r31, r31
    503a:	df 01       	movw	r26, r30
    503c:	a8 0f       	add	r26, r24
    503e:	b9 1f       	adc	r27, r25
    5040:	aa 0f       	add	r26, r26
    5042:	bb 1f       	adc	r27, r27
    5044:	a5 5d       	subi	r26, 0xD5	; 213
    5046:	b3 4f       	sbci	r27, 0xF3	; 243
    5048:	11 96       	adiw	r26, 0x01	; 1
    504a:	1c 92       	st	X, r1
    504c:	11 97       	sbiw	r26, 0x01	; 1
    504e:	fd 01       	movw	r30, r26
    5050:	04 80       	ldd	r0, Z+4	; 0x04
    5052:	f5 81       	ldd	r31, Z+5	; 0x05
    5054:	e0 2d       	mov	r30, r0
    5056:	04 80       	ldd	r0, Z+4	; 0x04
    5058:	f5 81       	ldd	r31, Z+5	; 0x05
    505a:	e0 2d       	mov	r30, r0
    505c:	30 97       	sbiw	r30, 0x00	; 0
    505e:	09 f0       	breq	.+2      	; 0x5062 <SCH_HandleScheduledTask+0x6e>
    5060:	09 95       	icall
    5062:	cf 5f       	subi	r28, 0xFF	; 255
    5064:	80 91 2a 0c 	lds	r24, 0x0C2A	; 0x800c2a <s_NumOfTaskScheduled>
    5068:	c8 17       	cp	r28, r24
    506a:	50 f2       	brcs	.-108    	; 0x5000 <SCH_HandleScheduledTask+0xc>
    506c:	80 91 0b 0c 	lds	r24, 0x0C0B	; 0x800c0b <s_NumOfTimers>
    5070:	88 23       	and	r24, r24
    5072:	59 f1       	breq	.+86     	; 0x50ca <SCH_HandleScheduledTask+0xd6>
    5074:	c0 e0       	ldi	r28, 0x00	; 0
    5076:	8c 2f       	mov	r24, r28
    5078:	90 e0       	ldi	r25, 0x00	; 0
    507a:	fc 01       	movw	r30, r24
    507c:	ee 0f       	add	r30, r30
    507e:	ff 1f       	adc	r31, r31
    5080:	e8 0f       	add	r30, r24
    5082:	f9 1f       	adc	r31, r25
    5084:	ee 0f       	add	r30, r30
    5086:	ff 1f       	adc	r31, r31
    5088:	e4 5f       	subi	r30, 0xF4	; 244
    508a:	f3 4f       	sbci	r31, 0xF3	; 243
    508c:	21 81       	ldd	r18, Z+1	; 0x01
    508e:	21 30       	cpi	r18, 0x01	; 1
    5090:	b9 f4       	brne	.+46     	; 0x50c0 <SCH_HandleScheduledTask+0xcc>
    5092:	fc 01       	movw	r30, r24
    5094:	ee 0f       	add	r30, r30
    5096:	ff 1f       	adc	r31, r31
    5098:	df 01       	movw	r26, r30
    509a:	a8 0f       	add	r26, r24
    509c:	b9 1f       	adc	r27, r25
    509e:	aa 0f       	add	r26, r26
    50a0:	bb 1f       	adc	r27, r27
    50a2:	a4 5f       	subi	r26, 0xF4	; 244
    50a4:	b3 4f       	sbci	r27, 0xF3	; 243
    50a6:	11 96       	adiw	r26, 0x01	; 1
    50a8:	1c 92       	st	X, r1
    50aa:	11 97       	sbiw	r26, 0x01	; 1
    50ac:	fd 01       	movw	r30, r26
    50ae:	04 80       	ldd	r0, Z+4	; 0x04
    50b0:	f5 81       	ldd	r31, Z+5	; 0x05
    50b2:	e0 2d       	mov	r30, r0
    50b4:	03 80       	ldd	r0, Z+3	; 0x03
    50b6:	f4 81       	ldd	r31, Z+4	; 0x04
    50b8:	e0 2d       	mov	r30, r0
    50ba:	30 97       	sbiw	r30, 0x00	; 0
    50bc:	09 f0       	breq	.+2      	; 0x50c0 <SCH_HandleScheduledTask+0xcc>
    50be:	09 95       	icall
    50c0:	cf 5f       	subi	r28, 0xFF	; 255
    50c2:	80 91 0b 0c 	lds	r24, 0x0C0B	; 0x800c0b <s_NumOfTimers>
    50c6:	c8 17       	cp	r28, r24
    50c8:	b0 f2       	brcs	.-84     	; 0x5076 <SCH_HandleScheduledTask+0x82>
    50ca:	cf 91       	pop	r28
    50cc:	08 95       	ret

000050ce <__vector_15>:
    50ce:	1f 92       	push	r1
    50d0:	0f 92       	push	r0
    50d2:	0f b6       	in	r0, 0x3f	; 63
    50d4:	0f 92       	push	r0
    50d6:	11 24       	eor	r1, r1
    50d8:	2f 93       	push	r18
    50da:	3f 93       	push	r19
    50dc:	4f 93       	push	r20
    50de:	5f 93       	push	r21
    50e0:	6f 93       	push	r22
    50e2:	7f 93       	push	r23
    50e4:	8f 93       	push	r24
    50e6:	9f 93       	push	r25
    50e8:	af 93       	push	r26
    50ea:	bf 93       	push	r27
    50ec:	ef 93       	push	r30
    50ee:	ff 93       	push	r31
    50f0:	0e 94 75 27 	call	0x4eea	; 0x4eea <SCH_RunSystemTickTimer>
    50f4:	ff 91       	pop	r31
    50f6:	ef 91       	pop	r30
    50f8:	bf 91       	pop	r27
    50fa:	af 91       	pop	r26
    50fc:	9f 91       	pop	r25
    50fe:	8f 91       	pop	r24
    5100:	7f 91       	pop	r23
    5102:	6f 91       	pop	r22
    5104:	5f 91       	pop	r21
    5106:	4f 91       	pop	r20
    5108:	3f 91       	pop	r19
    510a:	2f 91       	pop	r18
    510c:	0f 90       	pop	r0
    510e:	0f be       	out	0x3f, r0	; 63
    5110:	0f 90       	pop	r0
    5112:	1f 90       	pop	r1
    5114:	18 95       	reti

00005116 <crc16_CCITT>:
    5116:	fc 01       	movw	r30, r24
    5118:	5f ef       	ldi	r21, 0xFF	; 255
    511a:	54 0f       	add	r21, r20
    511c:	44 23       	and	r20, r20
    511e:	11 f1       	breq	.+68     	; 0x5164 <crc16_CCITT+0x4e>
    5120:	a6 2f       	mov	r26, r22
    5122:	b7 2f       	mov	r27, r23
    5124:	2d 91       	ld	r18, X+
    5126:	2f 27       	eor	r18, r31
    5128:	32 2f       	mov	r19, r18
    512a:	32 95       	swap	r19
    512c:	3f 70       	andi	r19, 0x0F	; 15
    512e:	92 2f       	mov	r25, r18
    5130:	93 27       	eor	r25, r19
    5132:	29 2f       	mov	r18, r25
    5134:	30 e0       	ldi	r19, 0x00	; 0
    5136:	fe 2f       	mov	r31, r30
    5138:	ee 27       	eor	r30, r30
    513a:	e2 27       	eor	r30, r18
    513c:	f3 27       	eor	r31, r19
    513e:	c9 01       	movw	r24, r18
    5140:	98 2f       	mov	r25, r24
    5142:	88 27       	eor	r24, r24
    5144:	92 95       	swap	r25
    5146:	90 7f       	andi	r25, 0xF0	; 240
    5148:	e8 27       	eor	r30, r24
    514a:	f9 27       	eor	r31, r25
    514c:	22 0f       	add	r18, r18
    514e:	33 1f       	adc	r19, r19
    5150:	22 95       	swap	r18
    5152:	32 95       	swap	r19
    5154:	30 7f       	andi	r19, 0xF0	; 240
    5156:	32 27       	eor	r19, r18
    5158:	20 7f       	andi	r18, 0xF0	; 240
    515a:	32 27       	eor	r19, r18
    515c:	e2 27       	eor	r30, r18
    515e:	f3 27       	eor	r31, r19
    5160:	51 50       	subi	r21, 0x01	; 1
    5162:	00 f7       	brcc	.-64     	; 0x5124 <crc16_CCITT+0xe>
    5164:	cf 01       	movw	r24, r30
    5166:	08 95       	ret

00005168 <fsp_init>:
}

void fsp_gen_nack_pkt(uint8_t dst_adr, fsp_packet_t *fsp)
{
	fsp_gen_pkt((void*)0, (void*)0, 0, dst_adr, FSP_PKT_TYPE_NACK, fsp);
}
    5168:	80 93 53 0e 	sts	0x0E53, r24	; 0x800e53 <fsp_my_adr>
    516c:	10 92 67 0c 	sts	0x0C67, r1	; 0x800c67 <fsp_decode_pos>
    5170:	08 95       	ret

00005172 <fsp_gen_pkt>:
    5172:	ef 92       	push	r14
    5174:	ff 92       	push	r15
    5176:	0f 93       	push	r16
    5178:	cf 93       	push	r28
    517a:	df 93       	push	r29
    517c:	e7 01       	movw	r28, r14
    517e:	3a ec       	ldi	r19, 0xCA	; 202
    5180:	38 83       	st	Y, r19
    5182:	30 91 53 0e 	lds	r19, 0x0E53	; 0x800e53 <fsp_my_adr>
    5186:	39 83       	std	Y+1, r19	; 0x01
    5188:	2a 83       	std	Y+2, r18	; 0x02
    518a:	4b 83       	std	Y+3, r20	; 0x03
    518c:	0c 83       	std	Y+4, r16	; 0x04
    518e:	2f ee       	ldi	r18, 0xEF	; 239
    5190:	2a ab       	std	Y+50, r18	; 0x32
    5192:	00 97       	sbiw	r24, 0x00	; 0
    5194:	41 f0       	breq	.+16     	; 0x51a6 <fsp_gen_pkt+0x34>
    5196:	21 e0       	ldi	r18, 0x01	; 1
    5198:	24 0f       	add	r18, r20
    519a:	2b 83       	std	Y+3, r18	; 0x03
    519c:	fc 01       	movw	r30, r24
    519e:	80 81       	ld	r24, Z
    51a0:	8d 83       	std	Y+5, r24	; 0x05
    51a2:	81 e0       	ldi	r24, 0x01	; 1
    51a4:	01 c0       	rjmp	.+2      	; 0x51a8 <fsp_gen_pkt+0x36>
    51a6:	80 e0       	ldi	r24, 0x00	; 0
    51a8:	44 23       	and	r20, r20
    51aa:	61 f0       	breq	.+24     	; 0x51c4 <fsp_gen_pkt+0x52>
    51ac:	e6 2f       	mov	r30, r22
    51ae:	f7 2f       	mov	r31, r23
    51b0:	48 0f       	add	r20, r24
    51b2:	91 91       	ld	r25, Z+
    51b4:	de 01       	movw	r26, r28
    51b6:	a8 0f       	add	r26, r24
    51b8:	b1 1d       	adc	r27, r1
    51ba:	15 96       	adiw	r26, 0x05	; 5
    51bc:	9c 93       	st	X, r25
    51be:	8f 5f       	subi	r24, 0xFF	; 255
    51c0:	48 13       	cpse	r20, r24
    51c2:	f7 cf       	rjmp	.-18     	; 0x51b2 <fsp_gen_pkt+0x40>
    51c4:	4b 81       	ldd	r20, Y+3	; 0x03
    51c6:	4c 5f       	subi	r20, 0xFC	; 252
    51c8:	be 01       	movw	r22, r28
    51ca:	6f 5f       	subi	r22, 0xFF	; 255
    51cc:	7f 4f       	sbci	r23, 0xFF	; 255
    51ce:	80 e0       	ldi	r24, 0x00	; 0
    51d0:	90 e0       	ldi	r25, 0x00	; 0
    51d2:	0e 94 8b 28 	call	0x5116	; 0x5116 <crc16_CCITT>
    51d6:	99 ab       	std	Y+49, r25	; 0x31
    51d8:	88 ab       	std	Y+48, r24	; 0x30
    51da:	df 91       	pop	r29
    51dc:	cf 91       	pop	r28
    51de:	0f 91       	pop	r16
    51e0:	ff 90       	pop	r15
    51e2:	ef 90       	pop	r14
    51e4:	08 95       	ret

000051e6 <fsp_gen_cmd_w_data_pkt>:
    51e6:	ef 92       	push	r14
    51e8:	ff 92       	push	r15
    51ea:	0f 93       	push	r16
    51ec:	cf 93       	push	r28
    51ee:	df 93       	push	r29
    51f0:	1f 92       	push	r1
    51f2:	cd b7       	in	r28, 0x3d	; 61
    51f4:	de b7       	in	r29, 0x3e	; 62
    51f6:	89 83       	std	Y+1, r24	; 0x01
    51f8:	01 30       	cpi	r16, 0x01	; 1
    51fa:	31 f4       	brne	.+12     	; 0x5208 <fsp_gen_cmd_w_data_pkt+0x22>
    51fc:	08 e0       	ldi	r16, 0x08	; 8
    51fe:	ce 01       	movw	r24, r28
    5200:	01 96       	adiw	r24, 0x01	; 1
    5202:	0e 94 b9 28 	call	0x5172	; 0x5172 <fsp_gen_pkt>
    5206:	05 c0       	rjmp	.+10     	; 0x5212 <fsp_gen_cmd_w_data_pkt+0x2c>
    5208:	07 e0       	ldi	r16, 0x07	; 7
    520a:	ce 01       	movw	r24, r28
    520c:	01 96       	adiw	r24, 0x01	; 1
    520e:	0e 94 b9 28 	call	0x5172	; 0x5172 <fsp_gen_pkt>
    5212:	0f 90       	pop	r0
    5214:	df 91       	pop	r29
    5216:	cf 91       	pop	r28
    5218:	0f 91       	pop	r16
    521a:	ff 90       	pop	r15
    521c:	ef 90       	pop	r14
    521e:	08 95       	ret

00005220 <fsp_encode>:
	fsp->crc16 = crc16_CCITT(FSP_CRC16_INITIAL_VALUE, &fsp->src_adr, fsp->length + 4);

}

void fsp_encode(fsp_packet_t *fsp, uint8_t *pkt, uint8_t *pkt_len)
{
    5220:	af 92       	push	r10
    5222:	bf 92       	push	r11
    5224:	df 92       	push	r13
    5226:	ef 92       	push	r14
    5228:	ff 92       	push	r15
    522a:	0f 93       	push	r16
    522c:	1f 93       	push	r17
    522e:	cf 93       	push	r28
    5230:	df 93       	push	r29
    5232:	fc 01       	movw	r30, r24
    5234:	db 01       	movw	r26, r22
	uint8_t i = 0;
	uint8_t crc_msb = (uint8_t)(fsp->crc16 >> 8);
    5236:	d0 a8       	ldd	r13, Z+48	; 0x30
    5238:	e1 a8       	ldd	r14, Z+49	; 0x31
    523a:	7e 2d       	mov	r23, r14
	uint8_t crc_lsb = (uint8_t)(fsp->crc16 & 0xFF);
    523c:	6d 2d       	mov	r22, r13
	pkt[i++] = fsp->sod;
    523e:	80 81       	ld	r24, Z
    5240:	8c 93       	st	X, r24
	pkt[i++] = fsp->src_adr;
    5242:	81 81       	ldd	r24, Z+1	; 0x01
    5244:	11 96       	adiw	r26, 0x01	; 1
    5246:	8c 93       	st	X, r24
    5248:	11 97       	sbiw	r26, 0x01	; 1
	pkt[i++] = fsp->dst_adr;
    524a:	82 81       	ldd	r24, Z+2	; 0x02
    524c:	12 96       	adiw	r26, 0x02	; 2
    524e:	8c 93       	st	X, r24
    5250:	12 97       	sbiw	r26, 0x02	; 2
	pkt[i++] = fsp->length;
    5252:	83 81       	ldd	r24, Z+3	; 0x03
    5254:	13 96       	adiw	r26, 0x03	; 3
    5256:	8c 93       	st	X, r24
    5258:	13 97       	sbiw	r26, 0x03	; 3
	pkt[i++] = fsp->type;
    525a:	84 81       	ldd	r24, Z+4	; 0x04
    525c:	14 96       	adiw	r26, 0x04	; 4
    525e:	8c 93       	st	X, r24
    5260:	14 97       	sbiw	r26, 0x04	; 4
	
	uint8_t j = 0;
	for(j=0; j<fsp->length; j++)
    5262:	83 81       	ldd	r24, Z+3	; 0x03
    5264:	88 23       	and	r24, r24
    5266:	09 f4       	brne	.+2      	; 0x526a <fsp_encode+0x4a>
    5268:	44 c0       	rjmp	.+136    	; 0x52f2 <fsp_encode+0xd2>
    526a:	20 e0       	ldi	r18, 0x00	; 0
    526c:	95 e0       	ldi	r25, 0x05	; 5
			pkt[i++] = FSP_PKT_TSOD;
			} else if (fsp->payload[j] == FSP_PKT_EOF) {
			pkt[i++] = FSP_PKT_ESC;
			pkt[i++] = FSP_PKT_TEOF;
			} else if (fsp->payload[j] == FSP_PKT_ESC) {
			pkt[i++] = FSP_PKT_ESC;
    526e:	8d eb       	ldi	r24, 0xBD	; 189
			pkt[i++] = FSP_PKT_TESC;
    5270:	0f 2e       	mov	r0, r31
    5272:	fb ed       	ldi	r31, 0xDB	; 219
    5274:	ff 2e       	mov	r15, r31
    5276:	f0 2d       	mov	r31, r0
		if (fsp->payload[j] == FSP_PKT_SOD) {
			pkt[i++] = FSP_PKT_ESC;
			pkt[i++] = FSP_PKT_TSOD;
			} else if (fsp->payload[j] == FSP_PKT_EOF) {
			pkt[i++] = FSP_PKT_ESC;
			pkt[i++] = FSP_PKT_TEOF;
    5278:	1e ed       	ldi	r17, 0xDE	; 222
	uint8_t j = 0;
	for(j=0; j<fsp->length; j++)
	{
		if (fsp->payload[j] == FSP_PKT_SOD) {
			pkt[i++] = FSP_PKT_ESC;
			pkt[i++] = FSP_PKT_TSOD;
    527a:	3c ed       	ldi	r19, 0xDC	; 220
	pkt[i++] = fsp->type;
	
	uint8_t j = 0;
	for(j=0; j<fsp->length; j++)
	{
		if (fsp->payload[j] == FSP_PKT_SOD) {
    527c:	ef 01       	movw	r28, r30
    527e:	c2 0f       	add	r28, r18
    5280:	d1 1d       	adc	r29, r1
    5282:	0d 81       	ldd	r16, Y+5	; 0x05
    5284:	0a 3c       	cpi	r16, 0xCA	; 202
    5286:	69 f4       	brne	.+26     	; 0x52a2 <fsp_encode+0x82>
			pkt[i++] = FSP_PKT_ESC;
    5288:	ed 01       	movw	r28, r26
    528a:	c9 0f       	add	r28, r25
    528c:	d1 1d       	adc	r29, r1
    528e:	88 83       	st	Y, r24
			pkt[i++] = FSP_PKT_TSOD;
    5290:	c1 e0       	ldi	r28, 0x01	; 1
    5292:	c9 0f       	add	r28, r25
    5294:	5d 01       	movw	r10, r26
    5296:	ac 0e       	add	r10, r28
    5298:	b1 1c       	adc	r11, r1
    529a:	e5 01       	movw	r28, r10
    529c:	9e 5f       	subi	r25, 0xFE	; 254
    529e:	38 83       	st	Y, r19
    52a0:	23 c0       	rjmp	.+70     	; 0x52e8 <fsp_encode+0xc8>
			} else if (fsp->payload[j] == FSP_PKT_EOF) {
    52a2:	0f 3e       	cpi	r16, 0xEF	; 239
    52a4:	69 f4       	brne	.+26     	; 0x52c0 <fsp_encode+0xa0>
			pkt[i++] = FSP_PKT_ESC;
    52a6:	ed 01       	movw	r28, r26
    52a8:	c9 0f       	add	r28, r25
    52aa:	d1 1d       	adc	r29, r1
    52ac:	88 83       	st	Y, r24
			pkt[i++] = FSP_PKT_TEOF;
    52ae:	c1 e0       	ldi	r28, 0x01	; 1
    52b0:	c9 0f       	add	r28, r25
    52b2:	5d 01       	movw	r10, r26
    52b4:	ac 0e       	add	r10, r28
    52b6:	b1 1c       	adc	r11, r1
    52b8:	e5 01       	movw	r28, r10
    52ba:	9e 5f       	subi	r25, 0xFE	; 254
    52bc:	18 83       	st	Y, r17
    52be:	14 c0       	rjmp	.+40     	; 0x52e8 <fsp_encode+0xc8>
			} else if (fsp->payload[j] == FSP_PKT_ESC) {
    52c0:	0d 3b       	cpi	r16, 0xBD	; 189
    52c2:	69 f4       	brne	.+26     	; 0x52de <fsp_encode+0xbe>
			pkt[i++] = FSP_PKT_ESC;
    52c4:	ed 01       	movw	r28, r26
    52c6:	c9 0f       	add	r28, r25
    52c8:	d1 1d       	adc	r29, r1
    52ca:	88 83       	st	Y, r24
			pkt[i++] = FSP_PKT_TESC;
    52cc:	c1 e0       	ldi	r28, 0x01	; 1
    52ce:	c9 0f       	add	r28, r25
    52d0:	5d 01       	movw	r10, r26
    52d2:	ac 0e       	add	r10, r28
    52d4:	b1 1c       	adc	r11, r1
    52d6:	e5 01       	movw	r28, r10
    52d8:	9e 5f       	subi	r25, 0xFE	; 254
    52da:	f8 82       	st	Y, r15
    52dc:	05 c0       	rjmp	.+10     	; 0x52e8 <fsp_encode+0xc8>
		} else
		pkt[i++] = fsp->payload[j];
    52de:	ed 01       	movw	r28, r26
    52e0:	c9 0f       	add	r28, r25
    52e2:	d1 1d       	adc	r29, r1
    52e4:	08 83       	st	Y, r16
    52e6:	9f 5f       	subi	r25, 0xFF	; 255
	pkt[i++] = fsp->dst_adr;
	pkt[i++] = fsp->length;
	pkt[i++] = fsp->type;
	
	uint8_t j = 0;
	for(j=0; j<fsp->length; j++)
    52e8:	2f 5f       	subi	r18, 0xFF	; 255
    52ea:	c3 81       	ldd	r28, Z+3	; 0x03
    52ec:	2c 17       	cp	r18, r28
    52ee:	30 f2       	brcs	.-116    	; 0x527c <fsp_encode+0x5c>
    52f0:	01 c0       	rjmp	.+2      	; 0x52f4 <fsp_encode+0xd4>
	uint8_t crc_lsb = (uint8_t)(fsp->crc16 & 0xFF);
	pkt[i++] = fsp->sod;
	pkt[i++] = fsp->src_adr;
	pkt[i++] = fsp->dst_adr;
	pkt[i++] = fsp->length;
	pkt[i++] = fsp->type;
    52f2:	95 e0       	ldi	r25, 0x05	; 5
			pkt[i++] = FSP_PKT_TESC;
		} else
		pkt[i++] = fsp->payload[j];
	}

	if (crc_msb == FSP_PKT_SOD) {
    52f4:	7a 3c       	cpi	r23, 0xCA	; 202
    52f6:	71 f4       	brne	.+28     	; 0x5314 <fsp_encode+0xf4>
		pkt[i++] = FSP_PKT_ESC;
    52f8:	fd 01       	movw	r30, r26
    52fa:	e9 0f       	add	r30, r25
    52fc:	f1 1d       	adc	r31, r1
    52fe:	8d eb       	ldi	r24, 0xBD	; 189
    5300:	80 83       	st	Z, r24
		pkt[i++] = FSP_PKT_TSOD;
    5302:	22 e0       	ldi	r18, 0x02	; 2
    5304:	29 0f       	add	r18, r25
    5306:	9f 5f       	subi	r25, 0xFF	; 255
    5308:	fd 01       	movw	r30, r26
    530a:	e9 0f       	add	r30, r25
    530c:	f1 1d       	adc	r31, r1
    530e:	8c ed       	ldi	r24, 0xDC	; 220
    5310:	80 83       	st	Z, r24
    5312:	26 c0       	rjmp	.+76     	; 0x5360 <fsp_encode+0x140>
		} else if (crc_msb == FSP_PKT_EOF) {
    5314:	7f 3e       	cpi	r23, 0xEF	; 239
    5316:	71 f4       	brne	.+28     	; 0x5334 <fsp_encode+0x114>
		pkt[i++] = FSP_PKT_ESC;
    5318:	fd 01       	movw	r30, r26
    531a:	e9 0f       	add	r30, r25
    531c:	f1 1d       	adc	r31, r1
    531e:	8d eb       	ldi	r24, 0xBD	; 189
    5320:	80 83       	st	Z, r24
		pkt[i++] = FSP_PKT_TEOF;
    5322:	22 e0       	ldi	r18, 0x02	; 2
    5324:	29 0f       	add	r18, r25
    5326:	9f 5f       	subi	r25, 0xFF	; 255
    5328:	fd 01       	movw	r30, r26
    532a:	e9 0f       	add	r30, r25
    532c:	f1 1d       	adc	r31, r1
    532e:	8e ed       	ldi	r24, 0xDE	; 222
    5330:	80 83       	st	Z, r24
    5332:	16 c0       	rjmp	.+44     	; 0x5360 <fsp_encode+0x140>
		} else if (crc_msb == FSP_PKT_ESC) {
    5334:	7d 3b       	cpi	r23, 0xBD	; 189
    5336:	71 f4       	brne	.+28     	; 0x5354 <fsp_encode+0x134>
		pkt[i++] = FSP_PKT_ESC;
    5338:	fd 01       	movw	r30, r26
    533a:	e9 0f       	add	r30, r25
    533c:	f1 1d       	adc	r31, r1
    533e:	8d eb       	ldi	r24, 0xBD	; 189
    5340:	80 83       	st	Z, r24
		pkt[i++] = FSP_PKT_TESC;
    5342:	22 e0       	ldi	r18, 0x02	; 2
    5344:	29 0f       	add	r18, r25
    5346:	9f 5f       	subi	r25, 0xFF	; 255
    5348:	fd 01       	movw	r30, r26
    534a:	e9 0f       	add	r30, r25
    534c:	f1 1d       	adc	r31, r1
    534e:	8b ed       	ldi	r24, 0xDB	; 219
    5350:	80 83       	st	Z, r24
    5352:	06 c0       	rjmp	.+12     	; 0x5360 <fsp_encode+0x140>
	} else
	pkt[i++] = crc_msb;
    5354:	21 e0       	ldi	r18, 0x01	; 1
    5356:	29 0f       	add	r18, r25
    5358:	fd 01       	movw	r30, r26
    535a:	e9 0f       	add	r30, r25
    535c:	f1 1d       	adc	r31, r1
    535e:	e0 82       	st	Z, r14

	if (crc_lsb == FSP_PKT_SOD) {
    5360:	6a 3c       	cpi	r22, 0xCA	; 202
    5362:	71 f4       	brne	.+28     	; 0x5380 <fsp_encode+0x160>
		pkt[i++] = FSP_PKT_ESC;
    5364:	fd 01       	movw	r30, r26
    5366:	e2 0f       	add	r30, r18
    5368:	f1 1d       	adc	r31, r1
    536a:	8d eb       	ldi	r24, 0xBD	; 189
    536c:	80 83       	st	Z, r24
		pkt[i++] = FSP_PKT_TSOD;
    536e:	82 e0       	ldi	r24, 0x02	; 2
    5370:	82 0f       	add	r24, r18
    5372:	2f 5f       	subi	r18, 0xFF	; 255
    5374:	fd 01       	movw	r30, r26
    5376:	e2 0f       	add	r30, r18
    5378:	f1 1d       	adc	r31, r1
    537a:	9c ed       	ldi	r25, 0xDC	; 220
    537c:	90 83       	st	Z, r25
    537e:	26 c0       	rjmp	.+76     	; 0x53cc <fsp_encode+0x1ac>
		} else if (crc_lsb == FSP_PKT_EOF) {
    5380:	6f 3e       	cpi	r22, 0xEF	; 239
    5382:	71 f4       	brne	.+28     	; 0x53a0 <fsp_encode+0x180>
		pkt[i++] = FSP_PKT_ESC;
    5384:	fd 01       	movw	r30, r26
    5386:	e2 0f       	add	r30, r18
    5388:	f1 1d       	adc	r31, r1
    538a:	8d eb       	ldi	r24, 0xBD	; 189
    538c:	80 83       	st	Z, r24
		pkt[i++] = FSP_PKT_TEOF;
    538e:	82 e0       	ldi	r24, 0x02	; 2
    5390:	82 0f       	add	r24, r18
    5392:	2f 5f       	subi	r18, 0xFF	; 255
    5394:	fd 01       	movw	r30, r26
    5396:	e2 0f       	add	r30, r18
    5398:	f1 1d       	adc	r31, r1
    539a:	9e ed       	ldi	r25, 0xDE	; 222
    539c:	90 83       	st	Z, r25
    539e:	16 c0       	rjmp	.+44     	; 0x53cc <fsp_encode+0x1ac>
		} else if (crc_lsb == FSP_PKT_ESC) {
    53a0:	6d 3b       	cpi	r22, 0xBD	; 189
    53a2:	71 f4       	brne	.+28     	; 0x53c0 <fsp_encode+0x1a0>
		pkt[i++] = FSP_PKT_ESC;
    53a4:	fd 01       	movw	r30, r26
    53a6:	e2 0f       	add	r30, r18
    53a8:	f1 1d       	adc	r31, r1
    53aa:	8d eb       	ldi	r24, 0xBD	; 189
    53ac:	80 83       	st	Z, r24
		pkt[i++] = FSP_PKT_TESC;
    53ae:	82 e0       	ldi	r24, 0x02	; 2
    53b0:	82 0f       	add	r24, r18
    53b2:	2f 5f       	subi	r18, 0xFF	; 255
    53b4:	fd 01       	movw	r30, r26
    53b6:	e2 0f       	add	r30, r18
    53b8:	f1 1d       	adc	r31, r1
    53ba:	9b ed       	ldi	r25, 0xDB	; 219
    53bc:	90 83       	st	Z, r25
    53be:	06 c0       	rjmp	.+12     	; 0x53cc <fsp_encode+0x1ac>
	} else
	pkt[i++] = crc_lsb;
    53c0:	81 e0       	ldi	r24, 0x01	; 1
    53c2:	82 0f       	add	r24, r18
    53c4:	fd 01       	movw	r30, r26
    53c6:	e2 0f       	add	r30, r18
    53c8:	f1 1d       	adc	r31, r1
    53ca:	d0 82       	st	Z, r13
	
	pkt[i++] = FSP_PKT_EOF;
    53cc:	a8 0f       	add	r26, r24
    53ce:	b1 1d       	adc	r27, r1
    53d0:	9f ee       	ldi	r25, 0xEF	; 239
    53d2:	9c 93       	st	X, r25
	*pkt_len = i;
    53d4:	8f 5f       	subi	r24, 0xFF	; 255
    53d6:	fa 01       	movw	r30, r20
    53d8:	80 83       	st	Z, r24
}
    53da:	df 91       	pop	r29
    53dc:	cf 91       	pop	r28
    53de:	1f 91       	pop	r17
    53e0:	0f 91       	pop	r16
    53e2:	ff 90       	pop	r15
    53e4:	ef 90       	pop	r14
    53e6:	df 90       	pop	r13
    53e8:	bf 90       	pop	r11
    53ea:	af 90       	pop	r10
    53ec:	08 95       	ret

000053ee <fsp_decode>:

uint8_t fsp_decode(uint8_t byte, fsp_packet_t *fsp)
{
    53ee:	cf 93       	push	r28
    53f0:	df 93       	push	r29
    53f2:	98 2f       	mov	r25, r24
    switch(fsp_decode_pos)
    53f4:	80 91 67 0c 	lds	r24, 0x0C67	; 0x800c67 <fsp_decode_pos>
    53f8:	82 30       	cpi	r24, 0x02	; 2
    53fa:	01 f1       	breq	.+64     	; 0x543c <fsp_decode+0x4e>
    53fc:	28 f4       	brcc	.+10     	; 0x5408 <fsp_decode+0x1a>
    53fe:	88 23       	and	r24, r24
    5400:	41 f0       	breq	.+16     	; 0x5412 <fsp_decode+0x24>
    5402:	81 30       	cpi	r24, 0x01	; 1
    5404:	a1 f0       	breq	.+40     	; 0x542e <fsp_decode+0x40>
    5406:	3d c0       	rjmp	.+122    	; 0x5482 <fsp_decode+0x94>
    5408:	83 30       	cpi	r24, 0x03	; 3
    540a:	39 f1       	breq	.+78     	; 0x545a <fsp_decode+0x6c>
    540c:	84 30       	cpi	r24, 0x04	; 4
    540e:	91 f1       	breq	.+100    	; 0x5474 <fsp_decode+0x86>
    5410:	38 c0       	rjmp	.+112    	; 0x5482 <fsp_decode+0x94>
    {
	    case FSP_PKT_POS_SOD:
	    if (byte == FSP_PKT_SOD)
    5412:	9a 3c       	cpi	r25, 0xCA	; 202
    5414:	41 f4       	brne	.+16     	; 0x5426 <fsp_decode+0x38>
	    {
		    fsp->sod = byte;
    5416:	fb 01       	movw	r30, r22
    5418:	90 83       	st	Z, r25
		    fsp_decode_pos++;
    541a:	90 91 67 0c 	lds	r25, 0x0C67	; 0x800c67 <fsp_decode_pos>
    541e:	9f 5f       	subi	r25, 0xFF	; 255
    5420:	90 93 67 0c 	sts	0x0C67, r25	; 0x800c67 <fsp_decode_pos>
		    return FSP_PKT_NOT_READY;
    5424:	6c c0       	rjmp	.+216    	; 0x54fe <fsp_decode+0x110>
	    }
	    else
	    {
		    fsp_decode_pos = FSP_PKT_POS_SOD;
    5426:	10 92 67 0c 	sts	0x0C67, r1	; 0x800c67 <fsp_decode_pos>
		    return FSP_PKT_INVALID;
    542a:	82 e0       	ldi	r24, 0x02	; 2
    542c:	68 c0       	rjmp	.+208    	; 0x54fe <fsp_decode+0x110>
	    }
	    case FSP_PKT_POS_SRC_ADR:
	    fsp->src_adr = byte;
    542e:	fb 01       	movw	r30, r22
    5430:	91 83       	std	Z+1, r25	; 0x01
	    fsp_decode_pos++;
    5432:	82 e0       	ldi	r24, 0x02	; 2
    5434:	80 93 67 0c 	sts	0x0C67, r24	; 0x800c67 <fsp_decode_pos>
	    return FSP_PKT_NOT_READY;
    5438:	80 e0       	ldi	r24, 0x00	; 0
    543a:	61 c0       	rjmp	.+194    	; 0x54fe <fsp_decode+0x110>
	    case FSP_PKT_POS_DST_ADR:
	    fsp->dst_adr = byte;
    543c:	fb 01       	movw	r30, r22
    543e:	92 83       	std	Z+2, r25	; 0x02

	    if (byte == fsp_my_adr)
    5440:	80 91 53 0e 	lds	r24, 0x0E53	; 0x800e53 <fsp_my_adr>
    5444:	98 13       	cpse	r25, r24
    5446:	05 c0       	rjmp	.+10     	; 0x5452 <fsp_decode+0x64>
	    {
		    fsp_decode_pos++;
    5448:	83 e0       	ldi	r24, 0x03	; 3
    544a:	80 93 67 0c 	sts	0x0C67, r24	; 0x800c67 <fsp_decode_pos>
		    return FSP_PKT_NOT_READY;
    544e:	80 e0       	ldi	r24, 0x00	; 0
    5450:	56 c0       	rjmp	.+172    	; 0x54fe <fsp_decode+0x110>
	    }
	    else
	    {
		    fsp_decode_pos = FSP_PKT_POS_SOD;
    5452:	10 92 67 0c 	sts	0x0C67, r1	; 0x800c67 <fsp_decode_pos>
		    return FSP_PKT_WRONG_ADR;
    5456:	83 e0       	ldi	r24, 0x03	; 3
    5458:	52 c0       	rjmp	.+164    	; 0x54fe <fsp_decode+0x110>
	    }
	    case FSP_PKT_POS_LEN:
	    if (byte > FSP_PAYLOAD_MAX_LENGTH)
    545a:	9c 32       	cpi	r25, 0x2C	; 44
    545c:	20 f0       	brcs	.+8      	; 0x5466 <fsp_decode+0x78>
	    {
		    fsp_decode_pos = FSP_PKT_POS_SOD;
    545e:	10 92 67 0c 	sts	0x0C67, r1	; 0x800c67 <fsp_decode_pos>
		    return FSP_PKT_INVALID;
    5462:	82 e0       	ldi	r24, 0x02	; 2
    5464:	4c c0       	rjmp	.+152    	; 0x54fe <fsp_decode+0x110>
	    }
	    else
	    {
		    fsp->length = byte;
    5466:	fb 01       	movw	r30, r22
    5468:	93 83       	std	Z+3, r25	; 0x03
		    fsp_decode_pos++;
    546a:	84 e0       	ldi	r24, 0x04	; 4
    546c:	80 93 67 0c 	sts	0x0C67, r24	; 0x800c67 <fsp_decode_pos>
		    return FSP_PKT_NOT_READY;
    5470:	80 e0       	ldi	r24, 0x00	; 0
    5472:	45 c0       	rjmp	.+138    	; 0x54fe <fsp_decode+0x110>
	    }
	    case FSP_PKT_POS_TYPE:
	    fsp->type = byte;
    5474:	fb 01       	movw	r30, r22
    5476:	94 83       	std	Z+4, r25	; 0x04
	    fsp_decode_pos++;
    5478:	85 e0       	ldi	r24, 0x05	; 5
    547a:	80 93 67 0c 	sts	0x0C67, r24	; 0x800c67 <fsp_decode_pos>
	    return FSP_PKT_NOT_READY;
    547e:	80 e0       	ldi	r24, 0x00	; 0
    5480:	3e c0       	rjmp	.+124    	; 0x54fe <fsp_decode+0x110>
	    default:
	    if (fsp_decode_pos < (FSP_PKT_POS_TYPE + fsp->length + 1))          // Payload
    5482:	28 2f       	mov	r18, r24
    5484:	30 e0       	ldi	r19, 0x00	; 0
    5486:	fb 01       	movw	r30, r22
    5488:	43 81       	ldd	r20, Z+3	; 0x03
    548a:	e4 2f       	mov	r30, r20
    548c:	f0 e0       	ldi	r31, 0x00	; 0
    548e:	df 01       	movw	r26, r30
    5490:	15 96       	adiw	r26, 0x05	; 5
    5492:	2a 17       	cp	r18, r26
    5494:	3b 07       	cpc	r19, r27
    5496:	4c f4       	brge	.+18     	; 0x54aa <fsp_decode+0xbc>
	    {
		    fsp->payload[fsp_decode_pos - FSP_PKT_POS_TYPE - 1] = byte;
    5498:	fb 01       	movw	r30, r22
    549a:	e2 0f       	add	r30, r18
    549c:	f3 1f       	adc	r31, r19
    549e:	90 83       	st	Z, r25
		    fsp_decode_pos++;
    54a0:	8f 5f       	subi	r24, 0xFF	; 255
    54a2:	80 93 67 0c 	sts	0x0C67, r24	; 0x800c67 <fsp_decode_pos>
		    return FSP_PKT_NOT_READY;
    54a6:	80 e0       	ldi	r24, 0x00	; 0
    54a8:	2a c0       	rjmp	.+84     	; 0x54fe <fsp_decode+0x110>
	    }
	    else if (fsp_decode_pos == (FSP_PKT_POS_TYPE + fsp->length + 1))    // CRC16 MSB
    54aa:	2a 17       	cp	r18, r26
    54ac:	3b 07       	cpc	r19, r27
    54ae:	41 f4       	brne	.+16     	; 0x54c0 <fsp_decode+0xd2>
	    {
		    fsp->crc16 = (uint16_t)(byte << 8);
    54b0:	fb 01       	movw	r30, r22
    54b2:	10 aa       	std	Z+48, r1	; 0x30
    54b4:	91 ab       	std	Z+49, r25	; 0x31
		    fsp_decode_pos++;
    54b6:	8f 5f       	subi	r24, 0xFF	; 255
    54b8:	80 93 67 0c 	sts	0x0C67, r24	; 0x800c67 <fsp_decode_pos>
		    return FSP_PKT_NOT_READY;
    54bc:	80 e0       	ldi	r24, 0x00	; 0
    54be:	1f c0       	rjmp	.+62     	; 0x54fe <fsp_decode+0x110>
	    }
	    else if (fsp_decode_pos == (FSP_PKT_POS_TYPE + fsp->length + 2))    // CRC16 LSB
    54c0:	36 96       	adiw	r30, 0x06	; 6
    54c2:	2e 17       	cp	r18, r30
    54c4:	3f 07       	cpc	r19, r31
    54c6:	c1 f4       	brne	.+48     	; 0x54f8 <fsp_decode+0x10a>
    54c8:	fb 01       	movw	r30, r22
	    {
		    fsp->crc16 |= (uint16_t)(byte);
    54ca:	c0 a9       	ldd	r28, Z+48	; 0x30
    54cc:	d1 a9       	ldd	r29, Z+49	; 0x31
    54ce:	c9 2b       	or	r28, r25
    54d0:	d1 ab       	std	Z+49, r29	; 0x31
    54d2:	c0 ab       	std	Z+48, r28	; 0x30

		    if (fsp->crc16 == crc16_CCITT(FSP_CRC16_INITIAL_VALUE, &fsp->src_adr, fsp->length + 4))
    54d4:	4c 5f       	subi	r20, 0xFC	; 252
    54d6:	6f 5f       	subi	r22, 0xFF	; 255
    54d8:	7f 4f       	sbci	r23, 0xFF	; 255
    54da:	80 e0       	ldi	r24, 0x00	; 0
    54dc:	90 e0       	ldi	r25, 0x00	; 0
    54de:	0e 94 8b 28 	call	0x5116	; 0x5116 <crc16_CCITT>
    54e2:	c8 17       	cp	r28, r24
    54e4:	d9 07       	cpc	r29, r25
    54e6:	21 f4       	brne	.+8      	; 0x54f0 <fsp_decode+0x102>
		    {
			    fsp_decode_pos = FSP_PKT_POS_SOD;
    54e8:	10 92 67 0c 	sts	0x0C67, r1	; 0x800c67 <fsp_decode_pos>
			    return FSP_PKT_READY;
    54ec:	81 e0       	ldi	r24, 0x01	; 1
    54ee:	07 c0       	rjmp	.+14     	; 0x54fe <fsp_decode+0x110>
		    }
		    else
		    {
			    fsp_decode_pos = FSP_PKT_POS_SOD;
    54f0:	10 92 67 0c 	sts	0x0C67, r1	; 0x800c67 <fsp_decode_pos>
			    return FSP_PKT_INVALID;
    54f4:	82 e0       	ldi	r24, 0x02	; 2
    54f6:	03 c0       	rjmp	.+6      	; 0x54fe <fsp_decode+0x110>
		    }
	    }
	    else
	    {
		    fsp_decode_pos = FSP_PKT_POS_SOD;
    54f8:	10 92 67 0c 	sts	0x0C67, r1	; 0x800c67 <fsp_decode_pos>
		    return FSP_PKT_ERROR;
    54fc:	84 e0       	ldi	r24, 0x04	; 4
	    }
    }
}
    54fe:	df 91       	pop	r29
    5500:	cf 91       	pop	r28
    5502:	08 95       	ret

00005504 <__subsf3>:
    5504:	50 58       	subi	r21, 0x80	; 128

00005506 <__addsf3>:
    5506:	bb 27       	eor	r27, r27
    5508:	aa 27       	eor	r26, r26
    550a:	0e 94 9a 2a 	call	0x5534	; 0x5534 <__addsf3x>
    550e:	0c 94 eb 2b 	jmp	0x57d6	; 0x57d6 <__fp_round>
    5512:	0e 94 dd 2b 	call	0x57ba	; 0x57ba <__fp_pscA>
    5516:	38 f0       	brcs	.+14     	; 0x5526 <__addsf3+0x20>
    5518:	0e 94 e4 2b 	call	0x57c8	; 0x57c8 <__fp_pscB>
    551c:	20 f0       	brcs	.+8      	; 0x5526 <__addsf3+0x20>
    551e:	39 f4       	brne	.+14     	; 0x552e <__addsf3+0x28>
    5520:	9f 3f       	cpi	r25, 0xFF	; 255
    5522:	19 f4       	brne	.+6      	; 0x552a <__addsf3+0x24>
    5524:	26 f4       	brtc	.+8      	; 0x552e <__addsf3+0x28>
    5526:	0c 94 da 2b 	jmp	0x57b4	; 0x57b4 <__fp_nan>
    552a:	0e f4       	brtc	.+2      	; 0x552e <__addsf3+0x28>
    552c:	e0 95       	com	r30
    552e:	e7 fb       	bst	r30, 7
    5530:	0c 94 d4 2b 	jmp	0x57a8	; 0x57a8 <__fp_inf>

00005534 <__addsf3x>:
    5534:	e9 2f       	mov	r30, r25
    5536:	0e 94 fc 2b 	call	0x57f8	; 0x57f8 <__fp_split3>
    553a:	58 f3       	brcs	.-42     	; 0x5512 <__addsf3+0xc>
    553c:	ba 17       	cp	r27, r26
    553e:	62 07       	cpc	r22, r18
    5540:	73 07       	cpc	r23, r19
    5542:	84 07       	cpc	r24, r20
    5544:	95 07       	cpc	r25, r21
    5546:	20 f0       	brcs	.+8      	; 0x5550 <__addsf3x+0x1c>
    5548:	79 f4       	brne	.+30     	; 0x5568 <__addsf3x+0x34>
    554a:	a6 f5       	brtc	.+104    	; 0x55b4 <__addsf3x+0x80>
    554c:	0c 94 1e 2c 	jmp	0x583c	; 0x583c <__fp_zero>
    5550:	0e f4       	brtc	.+2      	; 0x5554 <__addsf3x+0x20>
    5552:	e0 95       	com	r30
    5554:	0b 2e       	mov	r0, r27
    5556:	ba 2f       	mov	r27, r26
    5558:	a0 2d       	mov	r26, r0
    555a:	0b 01       	movw	r0, r22
    555c:	b9 01       	movw	r22, r18
    555e:	90 01       	movw	r18, r0
    5560:	0c 01       	movw	r0, r24
    5562:	ca 01       	movw	r24, r20
    5564:	a0 01       	movw	r20, r0
    5566:	11 24       	eor	r1, r1
    5568:	ff 27       	eor	r31, r31
    556a:	59 1b       	sub	r21, r25
    556c:	99 f0       	breq	.+38     	; 0x5594 <__addsf3x+0x60>
    556e:	59 3f       	cpi	r21, 0xF9	; 249
    5570:	50 f4       	brcc	.+20     	; 0x5586 <__addsf3x+0x52>
    5572:	50 3e       	cpi	r21, 0xE0	; 224
    5574:	68 f1       	brcs	.+90     	; 0x55d0 <__addsf3x+0x9c>
    5576:	1a 16       	cp	r1, r26
    5578:	f0 40       	sbci	r31, 0x00	; 0
    557a:	a2 2f       	mov	r26, r18
    557c:	23 2f       	mov	r18, r19
    557e:	34 2f       	mov	r19, r20
    5580:	44 27       	eor	r20, r20
    5582:	58 5f       	subi	r21, 0xF8	; 248
    5584:	f3 cf       	rjmp	.-26     	; 0x556c <__addsf3x+0x38>
    5586:	46 95       	lsr	r20
    5588:	37 95       	ror	r19
    558a:	27 95       	ror	r18
    558c:	a7 95       	ror	r26
    558e:	f0 40       	sbci	r31, 0x00	; 0
    5590:	53 95       	inc	r21
    5592:	c9 f7       	brne	.-14     	; 0x5586 <__addsf3x+0x52>
    5594:	7e f4       	brtc	.+30     	; 0x55b4 <__addsf3x+0x80>
    5596:	1f 16       	cp	r1, r31
    5598:	ba 0b       	sbc	r27, r26
    559a:	62 0b       	sbc	r22, r18
    559c:	73 0b       	sbc	r23, r19
    559e:	84 0b       	sbc	r24, r20
    55a0:	ba f0       	brmi	.+46     	; 0x55d0 <__addsf3x+0x9c>
    55a2:	91 50       	subi	r25, 0x01	; 1
    55a4:	a1 f0       	breq	.+40     	; 0x55ce <__addsf3x+0x9a>
    55a6:	ff 0f       	add	r31, r31
    55a8:	bb 1f       	adc	r27, r27
    55aa:	66 1f       	adc	r22, r22
    55ac:	77 1f       	adc	r23, r23
    55ae:	88 1f       	adc	r24, r24
    55b0:	c2 f7       	brpl	.-16     	; 0x55a2 <__addsf3x+0x6e>
    55b2:	0e c0       	rjmp	.+28     	; 0x55d0 <__addsf3x+0x9c>
    55b4:	ba 0f       	add	r27, r26
    55b6:	62 1f       	adc	r22, r18
    55b8:	73 1f       	adc	r23, r19
    55ba:	84 1f       	adc	r24, r20
    55bc:	48 f4       	brcc	.+18     	; 0x55d0 <__addsf3x+0x9c>
    55be:	87 95       	ror	r24
    55c0:	77 95       	ror	r23
    55c2:	67 95       	ror	r22
    55c4:	b7 95       	ror	r27
    55c6:	f7 95       	ror	r31
    55c8:	9e 3f       	cpi	r25, 0xFE	; 254
    55ca:	08 f0       	brcs	.+2      	; 0x55ce <__addsf3x+0x9a>
    55cc:	b0 cf       	rjmp	.-160    	; 0x552e <__addsf3+0x28>
    55ce:	93 95       	inc	r25
    55d0:	88 0f       	add	r24, r24
    55d2:	08 f0       	brcs	.+2      	; 0x55d6 <__addsf3x+0xa2>
    55d4:	99 27       	eor	r25, r25
    55d6:	ee 0f       	add	r30, r30
    55d8:	97 95       	ror	r25
    55da:	87 95       	ror	r24
    55dc:	08 95       	ret

000055de <__divsf3>:
    55de:	0e 94 03 2b 	call	0x5606	; 0x5606 <__divsf3x>
    55e2:	0c 94 eb 2b 	jmp	0x57d6	; 0x57d6 <__fp_round>
    55e6:	0e 94 e4 2b 	call	0x57c8	; 0x57c8 <__fp_pscB>
    55ea:	58 f0       	brcs	.+22     	; 0x5602 <__divsf3+0x24>
    55ec:	0e 94 dd 2b 	call	0x57ba	; 0x57ba <__fp_pscA>
    55f0:	40 f0       	brcs	.+16     	; 0x5602 <__divsf3+0x24>
    55f2:	29 f4       	brne	.+10     	; 0x55fe <__divsf3+0x20>
    55f4:	5f 3f       	cpi	r21, 0xFF	; 255
    55f6:	29 f0       	breq	.+10     	; 0x5602 <__divsf3+0x24>
    55f8:	0c 94 d4 2b 	jmp	0x57a8	; 0x57a8 <__fp_inf>
    55fc:	51 11       	cpse	r21, r1
    55fe:	0c 94 1f 2c 	jmp	0x583e	; 0x583e <__fp_szero>
    5602:	0c 94 da 2b 	jmp	0x57b4	; 0x57b4 <__fp_nan>

00005606 <__divsf3x>:
    5606:	0e 94 fc 2b 	call	0x57f8	; 0x57f8 <__fp_split3>
    560a:	68 f3       	brcs	.-38     	; 0x55e6 <__divsf3+0x8>

0000560c <__divsf3_pse>:
    560c:	99 23       	and	r25, r25
    560e:	b1 f3       	breq	.-20     	; 0x55fc <__divsf3+0x1e>
    5610:	55 23       	and	r21, r21
    5612:	91 f3       	breq	.-28     	; 0x55f8 <__divsf3+0x1a>
    5614:	95 1b       	sub	r25, r21
    5616:	55 0b       	sbc	r21, r21
    5618:	bb 27       	eor	r27, r27
    561a:	aa 27       	eor	r26, r26
    561c:	62 17       	cp	r22, r18
    561e:	73 07       	cpc	r23, r19
    5620:	84 07       	cpc	r24, r20
    5622:	38 f0       	brcs	.+14     	; 0x5632 <__divsf3_pse+0x26>
    5624:	9f 5f       	subi	r25, 0xFF	; 255
    5626:	5f 4f       	sbci	r21, 0xFF	; 255
    5628:	22 0f       	add	r18, r18
    562a:	33 1f       	adc	r19, r19
    562c:	44 1f       	adc	r20, r20
    562e:	aa 1f       	adc	r26, r26
    5630:	a9 f3       	breq	.-22     	; 0x561c <__divsf3_pse+0x10>
    5632:	35 d0       	rcall	.+106    	; 0x569e <__divsf3_pse+0x92>
    5634:	0e 2e       	mov	r0, r30
    5636:	3a f0       	brmi	.+14     	; 0x5646 <__divsf3_pse+0x3a>
    5638:	e0 e8       	ldi	r30, 0x80	; 128
    563a:	32 d0       	rcall	.+100    	; 0x56a0 <__divsf3_pse+0x94>
    563c:	91 50       	subi	r25, 0x01	; 1
    563e:	50 40       	sbci	r21, 0x00	; 0
    5640:	e6 95       	lsr	r30
    5642:	00 1c       	adc	r0, r0
    5644:	ca f7       	brpl	.-14     	; 0x5638 <__divsf3_pse+0x2c>
    5646:	2b d0       	rcall	.+86     	; 0x569e <__divsf3_pse+0x92>
    5648:	fe 2f       	mov	r31, r30
    564a:	29 d0       	rcall	.+82     	; 0x569e <__divsf3_pse+0x92>
    564c:	66 0f       	add	r22, r22
    564e:	77 1f       	adc	r23, r23
    5650:	88 1f       	adc	r24, r24
    5652:	bb 1f       	adc	r27, r27
    5654:	26 17       	cp	r18, r22
    5656:	37 07       	cpc	r19, r23
    5658:	48 07       	cpc	r20, r24
    565a:	ab 07       	cpc	r26, r27
    565c:	b0 e8       	ldi	r27, 0x80	; 128
    565e:	09 f0       	breq	.+2      	; 0x5662 <__divsf3_pse+0x56>
    5660:	bb 0b       	sbc	r27, r27
    5662:	80 2d       	mov	r24, r0
    5664:	bf 01       	movw	r22, r30
    5666:	ff 27       	eor	r31, r31
    5668:	93 58       	subi	r25, 0x83	; 131
    566a:	5f 4f       	sbci	r21, 0xFF	; 255
    566c:	3a f0       	brmi	.+14     	; 0x567c <__divsf3_pse+0x70>
    566e:	9e 3f       	cpi	r25, 0xFE	; 254
    5670:	51 05       	cpc	r21, r1
    5672:	78 f0       	brcs	.+30     	; 0x5692 <__divsf3_pse+0x86>
    5674:	0c 94 d4 2b 	jmp	0x57a8	; 0x57a8 <__fp_inf>
    5678:	0c 94 1f 2c 	jmp	0x583e	; 0x583e <__fp_szero>
    567c:	5f 3f       	cpi	r21, 0xFF	; 255
    567e:	e4 f3       	brlt	.-8      	; 0x5678 <__divsf3_pse+0x6c>
    5680:	98 3e       	cpi	r25, 0xE8	; 232
    5682:	d4 f3       	brlt	.-12     	; 0x5678 <__divsf3_pse+0x6c>
    5684:	86 95       	lsr	r24
    5686:	77 95       	ror	r23
    5688:	67 95       	ror	r22
    568a:	b7 95       	ror	r27
    568c:	f7 95       	ror	r31
    568e:	9f 5f       	subi	r25, 0xFF	; 255
    5690:	c9 f7       	brne	.-14     	; 0x5684 <__divsf3_pse+0x78>
    5692:	88 0f       	add	r24, r24
    5694:	91 1d       	adc	r25, r1
    5696:	96 95       	lsr	r25
    5698:	87 95       	ror	r24
    569a:	97 f9       	bld	r25, 7
    569c:	08 95       	ret
    569e:	e1 e0       	ldi	r30, 0x01	; 1
    56a0:	66 0f       	add	r22, r22
    56a2:	77 1f       	adc	r23, r23
    56a4:	88 1f       	adc	r24, r24
    56a6:	bb 1f       	adc	r27, r27
    56a8:	62 17       	cp	r22, r18
    56aa:	73 07       	cpc	r23, r19
    56ac:	84 07       	cpc	r24, r20
    56ae:	ba 07       	cpc	r27, r26
    56b0:	20 f0       	brcs	.+8      	; 0x56ba <__divsf3_pse+0xae>
    56b2:	62 1b       	sub	r22, r18
    56b4:	73 0b       	sbc	r23, r19
    56b6:	84 0b       	sbc	r24, r20
    56b8:	ba 0b       	sbc	r27, r26
    56ba:	ee 1f       	adc	r30, r30
    56bc:	88 f7       	brcc	.-30     	; 0x56a0 <__divsf3_pse+0x94>
    56be:	e0 95       	com	r30
    56c0:	08 95       	ret

000056c2 <__fixsfsi>:
    56c2:	0e 94 68 2b 	call	0x56d0	; 0x56d0 <__fixunssfsi>
    56c6:	68 94       	set
    56c8:	b1 11       	cpse	r27, r1
    56ca:	0c 94 1f 2c 	jmp	0x583e	; 0x583e <__fp_szero>
    56ce:	08 95       	ret

000056d0 <__fixunssfsi>:
    56d0:	0e 94 04 2c 	call	0x5808	; 0x5808 <__fp_splitA>
    56d4:	88 f0       	brcs	.+34     	; 0x56f8 <__fixunssfsi+0x28>
    56d6:	9f 57       	subi	r25, 0x7F	; 127
    56d8:	98 f0       	brcs	.+38     	; 0x5700 <__fixunssfsi+0x30>
    56da:	b9 2f       	mov	r27, r25
    56dc:	99 27       	eor	r25, r25
    56de:	b7 51       	subi	r27, 0x17	; 23
    56e0:	b0 f0       	brcs	.+44     	; 0x570e <__fixunssfsi+0x3e>
    56e2:	e1 f0       	breq	.+56     	; 0x571c <__fixunssfsi+0x4c>
    56e4:	66 0f       	add	r22, r22
    56e6:	77 1f       	adc	r23, r23
    56e8:	88 1f       	adc	r24, r24
    56ea:	99 1f       	adc	r25, r25
    56ec:	1a f0       	brmi	.+6      	; 0x56f4 <__fixunssfsi+0x24>
    56ee:	ba 95       	dec	r27
    56f0:	c9 f7       	brne	.-14     	; 0x56e4 <__fixunssfsi+0x14>
    56f2:	14 c0       	rjmp	.+40     	; 0x571c <__fixunssfsi+0x4c>
    56f4:	b1 30       	cpi	r27, 0x01	; 1
    56f6:	91 f0       	breq	.+36     	; 0x571c <__fixunssfsi+0x4c>
    56f8:	0e 94 1e 2c 	call	0x583c	; 0x583c <__fp_zero>
    56fc:	b1 e0       	ldi	r27, 0x01	; 1
    56fe:	08 95       	ret
    5700:	0c 94 1e 2c 	jmp	0x583c	; 0x583c <__fp_zero>
    5704:	67 2f       	mov	r22, r23
    5706:	78 2f       	mov	r23, r24
    5708:	88 27       	eor	r24, r24
    570a:	b8 5f       	subi	r27, 0xF8	; 248
    570c:	39 f0       	breq	.+14     	; 0x571c <__fixunssfsi+0x4c>
    570e:	b9 3f       	cpi	r27, 0xF9	; 249
    5710:	cc f3       	brlt	.-14     	; 0x5704 <__fixunssfsi+0x34>
    5712:	86 95       	lsr	r24
    5714:	77 95       	ror	r23
    5716:	67 95       	ror	r22
    5718:	b3 95       	inc	r27
    571a:	d9 f7       	brne	.-10     	; 0x5712 <__fixunssfsi+0x42>
    571c:	3e f4       	brtc	.+14     	; 0x572c <__fixunssfsi+0x5c>
    571e:	90 95       	com	r25
    5720:	80 95       	com	r24
    5722:	70 95       	com	r23
    5724:	61 95       	neg	r22
    5726:	7f 4f       	sbci	r23, 0xFF	; 255
    5728:	8f 4f       	sbci	r24, 0xFF	; 255
    572a:	9f 4f       	sbci	r25, 0xFF	; 255
    572c:	08 95       	ret

0000572e <__floatunsisf>:
    572e:	e8 94       	clt
    5730:	09 c0       	rjmp	.+18     	; 0x5744 <__floatsisf+0x12>

00005732 <__floatsisf>:
    5732:	97 fb       	bst	r25, 7
    5734:	3e f4       	brtc	.+14     	; 0x5744 <__floatsisf+0x12>
    5736:	90 95       	com	r25
    5738:	80 95       	com	r24
    573a:	70 95       	com	r23
    573c:	61 95       	neg	r22
    573e:	7f 4f       	sbci	r23, 0xFF	; 255
    5740:	8f 4f       	sbci	r24, 0xFF	; 255
    5742:	9f 4f       	sbci	r25, 0xFF	; 255
    5744:	99 23       	and	r25, r25
    5746:	a9 f0       	breq	.+42     	; 0x5772 <__floatsisf+0x40>
    5748:	f9 2f       	mov	r31, r25
    574a:	96 e9       	ldi	r25, 0x96	; 150
    574c:	bb 27       	eor	r27, r27
    574e:	93 95       	inc	r25
    5750:	f6 95       	lsr	r31
    5752:	87 95       	ror	r24
    5754:	77 95       	ror	r23
    5756:	67 95       	ror	r22
    5758:	b7 95       	ror	r27
    575a:	f1 11       	cpse	r31, r1
    575c:	f8 cf       	rjmp	.-16     	; 0x574e <__floatsisf+0x1c>
    575e:	fa f4       	brpl	.+62     	; 0x579e <__floatsisf+0x6c>
    5760:	bb 0f       	add	r27, r27
    5762:	11 f4       	brne	.+4      	; 0x5768 <__floatsisf+0x36>
    5764:	60 ff       	sbrs	r22, 0
    5766:	1b c0       	rjmp	.+54     	; 0x579e <__floatsisf+0x6c>
    5768:	6f 5f       	subi	r22, 0xFF	; 255
    576a:	7f 4f       	sbci	r23, 0xFF	; 255
    576c:	8f 4f       	sbci	r24, 0xFF	; 255
    576e:	9f 4f       	sbci	r25, 0xFF	; 255
    5770:	16 c0       	rjmp	.+44     	; 0x579e <__floatsisf+0x6c>
    5772:	88 23       	and	r24, r24
    5774:	11 f0       	breq	.+4      	; 0x577a <__floatsisf+0x48>
    5776:	96 e9       	ldi	r25, 0x96	; 150
    5778:	11 c0       	rjmp	.+34     	; 0x579c <__floatsisf+0x6a>
    577a:	77 23       	and	r23, r23
    577c:	21 f0       	breq	.+8      	; 0x5786 <__floatsisf+0x54>
    577e:	9e e8       	ldi	r25, 0x8E	; 142
    5780:	87 2f       	mov	r24, r23
    5782:	76 2f       	mov	r23, r22
    5784:	05 c0       	rjmp	.+10     	; 0x5790 <__floatsisf+0x5e>
    5786:	66 23       	and	r22, r22
    5788:	71 f0       	breq	.+28     	; 0x57a6 <__floatsisf+0x74>
    578a:	96 e8       	ldi	r25, 0x86	; 134
    578c:	86 2f       	mov	r24, r22
    578e:	70 e0       	ldi	r23, 0x00	; 0
    5790:	60 e0       	ldi	r22, 0x00	; 0
    5792:	2a f0       	brmi	.+10     	; 0x579e <__floatsisf+0x6c>
    5794:	9a 95       	dec	r25
    5796:	66 0f       	add	r22, r22
    5798:	77 1f       	adc	r23, r23
    579a:	88 1f       	adc	r24, r24
    579c:	da f7       	brpl	.-10     	; 0x5794 <__floatsisf+0x62>
    579e:	88 0f       	add	r24, r24
    57a0:	96 95       	lsr	r25
    57a2:	87 95       	ror	r24
    57a4:	97 f9       	bld	r25, 7
    57a6:	08 95       	ret

000057a8 <__fp_inf>:
    57a8:	97 f9       	bld	r25, 7
    57aa:	9f 67       	ori	r25, 0x7F	; 127
    57ac:	80 e8       	ldi	r24, 0x80	; 128
    57ae:	70 e0       	ldi	r23, 0x00	; 0
    57b0:	60 e0       	ldi	r22, 0x00	; 0
    57b2:	08 95       	ret

000057b4 <__fp_nan>:
    57b4:	9f ef       	ldi	r25, 0xFF	; 255
    57b6:	80 ec       	ldi	r24, 0xC0	; 192
    57b8:	08 95       	ret

000057ba <__fp_pscA>:
    57ba:	00 24       	eor	r0, r0
    57bc:	0a 94       	dec	r0
    57be:	16 16       	cp	r1, r22
    57c0:	17 06       	cpc	r1, r23
    57c2:	18 06       	cpc	r1, r24
    57c4:	09 06       	cpc	r0, r25
    57c6:	08 95       	ret

000057c8 <__fp_pscB>:
    57c8:	00 24       	eor	r0, r0
    57ca:	0a 94       	dec	r0
    57cc:	12 16       	cp	r1, r18
    57ce:	13 06       	cpc	r1, r19
    57d0:	14 06       	cpc	r1, r20
    57d2:	05 06       	cpc	r0, r21
    57d4:	08 95       	ret

000057d6 <__fp_round>:
    57d6:	09 2e       	mov	r0, r25
    57d8:	03 94       	inc	r0
    57da:	00 0c       	add	r0, r0
    57dc:	11 f4       	brne	.+4      	; 0x57e2 <__fp_round+0xc>
    57de:	88 23       	and	r24, r24
    57e0:	52 f0       	brmi	.+20     	; 0x57f6 <__fp_round+0x20>
    57e2:	bb 0f       	add	r27, r27
    57e4:	40 f4       	brcc	.+16     	; 0x57f6 <__fp_round+0x20>
    57e6:	bf 2b       	or	r27, r31
    57e8:	11 f4       	brne	.+4      	; 0x57ee <__fp_round+0x18>
    57ea:	60 ff       	sbrs	r22, 0
    57ec:	04 c0       	rjmp	.+8      	; 0x57f6 <__fp_round+0x20>
    57ee:	6f 5f       	subi	r22, 0xFF	; 255
    57f0:	7f 4f       	sbci	r23, 0xFF	; 255
    57f2:	8f 4f       	sbci	r24, 0xFF	; 255
    57f4:	9f 4f       	sbci	r25, 0xFF	; 255
    57f6:	08 95       	ret

000057f8 <__fp_split3>:
    57f8:	57 fd       	sbrc	r21, 7
    57fa:	90 58       	subi	r25, 0x80	; 128
    57fc:	44 0f       	add	r20, r20
    57fe:	55 1f       	adc	r21, r21
    5800:	59 f0       	breq	.+22     	; 0x5818 <__fp_splitA+0x10>
    5802:	5f 3f       	cpi	r21, 0xFF	; 255
    5804:	71 f0       	breq	.+28     	; 0x5822 <__fp_splitA+0x1a>
    5806:	47 95       	ror	r20

00005808 <__fp_splitA>:
    5808:	88 0f       	add	r24, r24
    580a:	97 fb       	bst	r25, 7
    580c:	99 1f       	adc	r25, r25
    580e:	61 f0       	breq	.+24     	; 0x5828 <__fp_splitA+0x20>
    5810:	9f 3f       	cpi	r25, 0xFF	; 255
    5812:	79 f0       	breq	.+30     	; 0x5832 <__fp_splitA+0x2a>
    5814:	87 95       	ror	r24
    5816:	08 95       	ret
    5818:	12 16       	cp	r1, r18
    581a:	13 06       	cpc	r1, r19
    581c:	14 06       	cpc	r1, r20
    581e:	55 1f       	adc	r21, r21
    5820:	f2 cf       	rjmp	.-28     	; 0x5806 <__fp_split3+0xe>
    5822:	46 95       	lsr	r20
    5824:	f1 df       	rcall	.-30     	; 0x5808 <__fp_splitA>
    5826:	08 c0       	rjmp	.+16     	; 0x5838 <__fp_splitA+0x30>
    5828:	16 16       	cp	r1, r22
    582a:	17 06       	cpc	r1, r23
    582c:	18 06       	cpc	r1, r24
    582e:	99 1f       	adc	r25, r25
    5830:	f1 cf       	rjmp	.-30     	; 0x5814 <__fp_splitA+0xc>
    5832:	86 95       	lsr	r24
    5834:	71 05       	cpc	r23, r1
    5836:	61 05       	cpc	r22, r1
    5838:	08 94       	sec
    583a:	08 95       	ret

0000583c <__fp_zero>:
    583c:	e8 94       	clt

0000583e <__fp_szero>:
    583e:	bb 27       	eor	r27, r27
    5840:	66 27       	eor	r22, r22
    5842:	77 27       	eor	r23, r23
    5844:	cb 01       	movw	r24, r22
    5846:	97 f9       	bld	r25, 7
    5848:	08 95       	ret

0000584a <__mulsf3>:
    584a:	0e 94 38 2c 	call	0x5870	; 0x5870 <__mulsf3x>
    584e:	0c 94 eb 2b 	jmp	0x57d6	; 0x57d6 <__fp_round>
    5852:	0e 94 dd 2b 	call	0x57ba	; 0x57ba <__fp_pscA>
    5856:	38 f0       	brcs	.+14     	; 0x5866 <__mulsf3+0x1c>
    5858:	0e 94 e4 2b 	call	0x57c8	; 0x57c8 <__fp_pscB>
    585c:	20 f0       	brcs	.+8      	; 0x5866 <__mulsf3+0x1c>
    585e:	95 23       	and	r25, r21
    5860:	11 f0       	breq	.+4      	; 0x5866 <__mulsf3+0x1c>
    5862:	0c 94 d4 2b 	jmp	0x57a8	; 0x57a8 <__fp_inf>
    5866:	0c 94 da 2b 	jmp	0x57b4	; 0x57b4 <__fp_nan>
    586a:	11 24       	eor	r1, r1
    586c:	0c 94 1f 2c 	jmp	0x583e	; 0x583e <__fp_szero>

00005870 <__mulsf3x>:
    5870:	0e 94 fc 2b 	call	0x57f8	; 0x57f8 <__fp_split3>
    5874:	70 f3       	brcs	.-36     	; 0x5852 <__mulsf3+0x8>

00005876 <__mulsf3_pse>:
    5876:	95 9f       	mul	r25, r21
    5878:	c1 f3       	breq	.-16     	; 0x586a <__mulsf3+0x20>
    587a:	95 0f       	add	r25, r21
    587c:	50 e0       	ldi	r21, 0x00	; 0
    587e:	55 1f       	adc	r21, r21
    5880:	62 9f       	mul	r22, r18
    5882:	f0 01       	movw	r30, r0
    5884:	72 9f       	mul	r23, r18
    5886:	bb 27       	eor	r27, r27
    5888:	f0 0d       	add	r31, r0
    588a:	b1 1d       	adc	r27, r1
    588c:	63 9f       	mul	r22, r19
    588e:	aa 27       	eor	r26, r26
    5890:	f0 0d       	add	r31, r0
    5892:	b1 1d       	adc	r27, r1
    5894:	aa 1f       	adc	r26, r26
    5896:	64 9f       	mul	r22, r20
    5898:	66 27       	eor	r22, r22
    589a:	b0 0d       	add	r27, r0
    589c:	a1 1d       	adc	r26, r1
    589e:	66 1f       	adc	r22, r22
    58a0:	82 9f       	mul	r24, r18
    58a2:	22 27       	eor	r18, r18
    58a4:	b0 0d       	add	r27, r0
    58a6:	a1 1d       	adc	r26, r1
    58a8:	62 1f       	adc	r22, r18
    58aa:	73 9f       	mul	r23, r19
    58ac:	b0 0d       	add	r27, r0
    58ae:	a1 1d       	adc	r26, r1
    58b0:	62 1f       	adc	r22, r18
    58b2:	83 9f       	mul	r24, r19
    58b4:	a0 0d       	add	r26, r0
    58b6:	61 1d       	adc	r22, r1
    58b8:	22 1f       	adc	r18, r18
    58ba:	74 9f       	mul	r23, r20
    58bc:	33 27       	eor	r19, r19
    58be:	a0 0d       	add	r26, r0
    58c0:	61 1d       	adc	r22, r1
    58c2:	23 1f       	adc	r18, r19
    58c4:	84 9f       	mul	r24, r20
    58c6:	60 0d       	add	r22, r0
    58c8:	21 1d       	adc	r18, r1
    58ca:	82 2f       	mov	r24, r18
    58cc:	76 2f       	mov	r23, r22
    58ce:	6a 2f       	mov	r22, r26
    58d0:	11 24       	eor	r1, r1
    58d2:	9f 57       	subi	r25, 0x7F	; 127
    58d4:	50 40       	sbci	r21, 0x00	; 0
    58d6:	9a f0       	brmi	.+38     	; 0x58fe <__mulsf3_pse+0x88>
    58d8:	f1 f0       	breq	.+60     	; 0x5916 <__mulsf3_pse+0xa0>
    58da:	88 23       	and	r24, r24
    58dc:	4a f0       	brmi	.+18     	; 0x58f0 <__mulsf3_pse+0x7a>
    58de:	ee 0f       	add	r30, r30
    58e0:	ff 1f       	adc	r31, r31
    58e2:	bb 1f       	adc	r27, r27
    58e4:	66 1f       	adc	r22, r22
    58e6:	77 1f       	adc	r23, r23
    58e8:	88 1f       	adc	r24, r24
    58ea:	91 50       	subi	r25, 0x01	; 1
    58ec:	50 40       	sbci	r21, 0x00	; 0
    58ee:	a9 f7       	brne	.-22     	; 0x58da <__mulsf3_pse+0x64>
    58f0:	9e 3f       	cpi	r25, 0xFE	; 254
    58f2:	51 05       	cpc	r21, r1
    58f4:	80 f0       	brcs	.+32     	; 0x5916 <__mulsf3_pse+0xa0>
    58f6:	0c 94 d4 2b 	jmp	0x57a8	; 0x57a8 <__fp_inf>
    58fa:	0c 94 1f 2c 	jmp	0x583e	; 0x583e <__fp_szero>
    58fe:	5f 3f       	cpi	r21, 0xFF	; 255
    5900:	e4 f3       	brlt	.-8      	; 0x58fa <__mulsf3_pse+0x84>
    5902:	98 3e       	cpi	r25, 0xE8	; 232
    5904:	d4 f3       	brlt	.-12     	; 0x58fa <__mulsf3_pse+0x84>
    5906:	86 95       	lsr	r24
    5908:	77 95       	ror	r23
    590a:	67 95       	ror	r22
    590c:	b7 95       	ror	r27
    590e:	f7 95       	ror	r31
    5910:	e7 95       	ror	r30
    5912:	9f 5f       	subi	r25, 0xFF	; 255
    5914:	c1 f7       	brne	.-16     	; 0x5906 <__mulsf3_pse+0x90>
    5916:	fe 2b       	or	r31, r30
    5918:	88 0f       	add	r24, r24
    591a:	91 1d       	adc	r25, r1
    591c:	96 95       	lsr	r25
    591e:	87 95       	ror	r24
    5920:	97 f9       	bld	r25, 7
    5922:	08 95       	ret

00005924 <vfprintf>:
    5924:	a0 e1       	ldi	r26, 0x10	; 16
    5926:	b0 e0       	ldi	r27, 0x00	; 0
    5928:	e8 e9       	ldi	r30, 0x98	; 152
    592a:	fc e2       	ldi	r31, 0x2C	; 44
    592c:	0c 94 52 30 	jmp	0x60a4	; 0x60a4 <__prologue_saves__>
    5930:	7c 01       	movw	r14, r24
    5932:	1b 01       	movw	r2, r22
    5934:	6a 01       	movw	r12, r20
    5936:	fc 01       	movw	r30, r24
    5938:	17 82       	std	Z+7, r1	; 0x07
    593a:	16 82       	std	Z+6, r1	; 0x06
    593c:	83 81       	ldd	r24, Z+3	; 0x03
    593e:	81 ff       	sbrs	r24, 1
    5940:	44 c3       	rjmp	.+1672   	; 0x5fca <vfprintf+0x6a6>
    5942:	9e 01       	movw	r18, r28
    5944:	2f 5f       	subi	r18, 0xFF	; 255
    5946:	3f 4f       	sbci	r19, 0xFF	; 255
    5948:	39 01       	movw	r6, r18
    594a:	f7 01       	movw	r30, r14
    594c:	93 81       	ldd	r25, Z+3	; 0x03
    594e:	f1 01       	movw	r30, r2
    5950:	93 fd       	sbrc	r25, 3
    5952:	85 91       	lpm	r24, Z+
    5954:	93 ff       	sbrs	r25, 3
    5956:	81 91       	ld	r24, Z+
    5958:	1f 01       	movw	r2, r30
    595a:	88 23       	and	r24, r24
    595c:	09 f4       	brne	.+2      	; 0x5960 <vfprintf+0x3c>
    595e:	31 c3       	rjmp	.+1634   	; 0x5fc2 <vfprintf+0x69e>
    5960:	85 32       	cpi	r24, 0x25	; 37
    5962:	39 f4       	brne	.+14     	; 0x5972 <vfprintf+0x4e>
    5964:	93 fd       	sbrc	r25, 3
    5966:	85 91       	lpm	r24, Z+
    5968:	93 ff       	sbrs	r25, 3
    596a:	81 91       	ld	r24, Z+
    596c:	1f 01       	movw	r2, r30
    596e:	85 32       	cpi	r24, 0x25	; 37
    5970:	39 f4       	brne	.+14     	; 0x5980 <vfprintf+0x5c>
    5972:	b7 01       	movw	r22, r14
    5974:	90 e0       	ldi	r25, 0x00	; 0
    5976:	0e 94 b5 31 	call	0x636a	; 0x636a <fputc>
    597a:	56 01       	movw	r10, r12
    597c:	65 01       	movw	r12, r10
    597e:	e5 cf       	rjmp	.-54     	; 0x594a <vfprintf+0x26>
    5980:	10 e0       	ldi	r17, 0x00	; 0
    5982:	51 2c       	mov	r5, r1
    5984:	91 2c       	mov	r9, r1
    5986:	ff e1       	ldi	r31, 0x1F	; 31
    5988:	f9 15       	cp	r31, r9
    598a:	d8 f0       	brcs	.+54     	; 0x59c2 <vfprintf+0x9e>
    598c:	8b 32       	cpi	r24, 0x2B	; 43
    598e:	79 f0       	breq	.+30     	; 0x59ae <vfprintf+0x8a>
    5990:	38 f4       	brcc	.+14     	; 0x59a0 <vfprintf+0x7c>
    5992:	80 32       	cpi	r24, 0x20	; 32
    5994:	79 f0       	breq	.+30     	; 0x59b4 <vfprintf+0x90>
    5996:	83 32       	cpi	r24, 0x23	; 35
    5998:	a1 f4       	brne	.+40     	; 0x59c2 <vfprintf+0x9e>
    599a:	f9 2d       	mov	r31, r9
    599c:	f0 61       	ori	r31, 0x10	; 16
    599e:	2e c0       	rjmp	.+92     	; 0x59fc <vfprintf+0xd8>
    59a0:	8d 32       	cpi	r24, 0x2D	; 45
    59a2:	61 f0       	breq	.+24     	; 0x59bc <vfprintf+0x98>
    59a4:	80 33       	cpi	r24, 0x30	; 48
    59a6:	69 f4       	brne	.+26     	; 0x59c2 <vfprintf+0x9e>
    59a8:	29 2d       	mov	r18, r9
    59aa:	21 60       	ori	r18, 0x01	; 1
    59ac:	2d c0       	rjmp	.+90     	; 0x5a08 <vfprintf+0xe4>
    59ae:	39 2d       	mov	r19, r9
    59b0:	32 60       	ori	r19, 0x02	; 2
    59b2:	93 2e       	mov	r9, r19
    59b4:	89 2d       	mov	r24, r9
    59b6:	84 60       	ori	r24, 0x04	; 4
    59b8:	98 2e       	mov	r9, r24
    59ba:	2a c0       	rjmp	.+84     	; 0x5a10 <vfprintf+0xec>
    59bc:	e9 2d       	mov	r30, r9
    59be:	e8 60       	ori	r30, 0x08	; 8
    59c0:	15 c0       	rjmp	.+42     	; 0x59ec <vfprintf+0xc8>
    59c2:	97 fc       	sbrc	r9, 7
    59c4:	2d c0       	rjmp	.+90     	; 0x5a20 <vfprintf+0xfc>
    59c6:	20 ed       	ldi	r18, 0xD0	; 208
    59c8:	28 0f       	add	r18, r24
    59ca:	2a 30       	cpi	r18, 0x0A	; 10
    59cc:	88 f4       	brcc	.+34     	; 0x59f0 <vfprintf+0xcc>
    59ce:	96 fe       	sbrs	r9, 6
    59d0:	06 c0       	rjmp	.+12     	; 0x59de <vfprintf+0xba>
    59d2:	3a e0       	ldi	r19, 0x0A	; 10
    59d4:	13 9f       	mul	r17, r19
    59d6:	20 0d       	add	r18, r0
    59d8:	11 24       	eor	r1, r1
    59da:	12 2f       	mov	r17, r18
    59dc:	19 c0       	rjmp	.+50     	; 0x5a10 <vfprintf+0xec>
    59de:	8a e0       	ldi	r24, 0x0A	; 10
    59e0:	58 9e       	mul	r5, r24
    59e2:	20 0d       	add	r18, r0
    59e4:	11 24       	eor	r1, r1
    59e6:	52 2e       	mov	r5, r18
    59e8:	e9 2d       	mov	r30, r9
    59ea:	e0 62       	ori	r30, 0x20	; 32
    59ec:	9e 2e       	mov	r9, r30
    59ee:	10 c0       	rjmp	.+32     	; 0x5a10 <vfprintf+0xec>
    59f0:	8e 32       	cpi	r24, 0x2E	; 46
    59f2:	31 f4       	brne	.+12     	; 0x5a00 <vfprintf+0xdc>
    59f4:	96 fc       	sbrc	r9, 6
    59f6:	e5 c2       	rjmp	.+1482   	; 0x5fc2 <vfprintf+0x69e>
    59f8:	f9 2d       	mov	r31, r9
    59fa:	f0 64       	ori	r31, 0x40	; 64
    59fc:	9f 2e       	mov	r9, r31
    59fe:	08 c0       	rjmp	.+16     	; 0x5a10 <vfprintf+0xec>
    5a00:	8c 36       	cpi	r24, 0x6C	; 108
    5a02:	21 f4       	brne	.+8      	; 0x5a0c <vfprintf+0xe8>
    5a04:	29 2d       	mov	r18, r9
    5a06:	20 68       	ori	r18, 0x80	; 128
    5a08:	92 2e       	mov	r9, r18
    5a0a:	02 c0       	rjmp	.+4      	; 0x5a10 <vfprintf+0xec>
    5a0c:	88 36       	cpi	r24, 0x68	; 104
    5a0e:	41 f4       	brne	.+16     	; 0x5a20 <vfprintf+0xfc>
    5a10:	f1 01       	movw	r30, r2
    5a12:	93 fd       	sbrc	r25, 3
    5a14:	85 91       	lpm	r24, Z+
    5a16:	93 ff       	sbrs	r25, 3
    5a18:	81 91       	ld	r24, Z+
    5a1a:	1f 01       	movw	r2, r30
    5a1c:	81 11       	cpse	r24, r1
    5a1e:	b3 cf       	rjmp	.-154    	; 0x5986 <vfprintf+0x62>
    5a20:	9b eb       	ldi	r25, 0xBB	; 187
    5a22:	98 0f       	add	r25, r24
    5a24:	93 30       	cpi	r25, 0x03	; 3
    5a26:	20 f4       	brcc	.+8      	; 0x5a30 <vfprintf+0x10c>
    5a28:	99 2d       	mov	r25, r9
    5a2a:	90 61       	ori	r25, 0x10	; 16
    5a2c:	80 5e       	subi	r24, 0xE0	; 224
    5a2e:	07 c0       	rjmp	.+14     	; 0x5a3e <vfprintf+0x11a>
    5a30:	9b e9       	ldi	r25, 0x9B	; 155
    5a32:	98 0f       	add	r25, r24
    5a34:	93 30       	cpi	r25, 0x03	; 3
    5a36:	08 f0       	brcs	.+2      	; 0x5a3a <vfprintf+0x116>
    5a38:	66 c1       	rjmp	.+716    	; 0x5d06 <vfprintf+0x3e2>
    5a3a:	99 2d       	mov	r25, r9
    5a3c:	9f 7e       	andi	r25, 0xEF	; 239
    5a3e:	96 ff       	sbrs	r25, 6
    5a40:	16 e0       	ldi	r17, 0x06	; 6
    5a42:	9f 73       	andi	r25, 0x3F	; 63
    5a44:	99 2e       	mov	r9, r25
    5a46:	85 36       	cpi	r24, 0x65	; 101
    5a48:	19 f4       	brne	.+6      	; 0x5a50 <vfprintf+0x12c>
    5a4a:	90 64       	ori	r25, 0x40	; 64
    5a4c:	99 2e       	mov	r9, r25
    5a4e:	08 c0       	rjmp	.+16     	; 0x5a60 <vfprintf+0x13c>
    5a50:	86 36       	cpi	r24, 0x66	; 102
    5a52:	21 f4       	brne	.+8      	; 0x5a5c <vfprintf+0x138>
    5a54:	39 2f       	mov	r19, r25
    5a56:	30 68       	ori	r19, 0x80	; 128
    5a58:	93 2e       	mov	r9, r19
    5a5a:	02 c0       	rjmp	.+4      	; 0x5a60 <vfprintf+0x13c>
    5a5c:	11 11       	cpse	r17, r1
    5a5e:	11 50       	subi	r17, 0x01	; 1
    5a60:	97 fe       	sbrs	r9, 7
    5a62:	07 c0       	rjmp	.+14     	; 0x5a72 <vfprintf+0x14e>
    5a64:	1c 33       	cpi	r17, 0x3C	; 60
    5a66:	50 f4       	brcc	.+20     	; 0x5a7c <vfprintf+0x158>
    5a68:	44 24       	eor	r4, r4
    5a6a:	43 94       	inc	r4
    5a6c:	41 0e       	add	r4, r17
    5a6e:	27 e0       	ldi	r18, 0x07	; 7
    5a70:	0b c0       	rjmp	.+22     	; 0x5a88 <vfprintf+0x164>
    5a72:	18 30       	cpi	r17, 0x08	; 8
    5a74:	38 f0       	brcs	.+14     	; 0x5a84 <vfprintf+0x160>
    5a76:	27 e0       	ldi	r18, 0x07	; 7
    5a78:	17 e0       	ldi	r17, 0x07	; 7
    5a7a:	05 c0       	rjmp	.+10     	; 0x5a86 <vfprintf+0x162>
    5a7c:	27 e0       	ldi	r18, 0x07	; 7
    5a7e:	9c e3       	ldi	r25, 0x3C	; 60
    5a80:	49 2e       	mov	r4, r25
    5a82:	02 c0       	rjmp	.+4      	; 0x5a88 <vfprintf+0x164>
    5a84:	21 2f       	mov	r18, r17
    5a86:	41 2c       	mov	r4, r1
    5a88:	56 01       	movw	r10, r12
    5a8a:	84 e0       	ldi	r24, 0x04	; 4
    5a8c:	a8 0e       	add	r10, r24
    5a8e:	b1 1c       	adc	r11, r1
    5a90:	f6 01       	movw	r30, r12
    5a92:	60 81       	ld	r22, Z
    5a94:	71 81       	ldd	r23, Z+1	; 0x01
    5a96:	82 81       	ldd	r24, Z+2	; 0x02
    5a98:	93 81       	ldd	r25, Z+3	; 0x03
    5a9a:	04 2d       	mov	r16, r4
    5a9c:	a3 01       	movw	r20, r6
    5a9e:	0e 94 b6 30 	call	0x616c	; 0x616c <__ftoa_engine>
    5aa2:	6c 01       	movw	r12, r24
    5aa4:	f9 81       	ldd	r31, Y+1	; 0x01
    5aa6:	fc 87       	std	Y+12, r31	; 0x0c
    5aa8:	f0 ff       	sbrs	r31, 0
    5aaa:	02 c0       	rjmp	.+4      	; 0x5ab0 <vfprintf+0x18c>
    5aac:	f3 ff       	sbrs	r31, 3
    5aae:	06 c0       	rjmp	.+12     	; 0x5abc <vfprintf+0x198>
    5ab0:	91 fc       	sbrc	r9, 1
    5ab2:	06 c0       	rjmp	.+12     	; 0x5ac0 <vfprintf+0x19c>
    5ab4:	92 fe       	sbrs	r9, 2
    5ab6:	06 c0       	rjmp	.+12     	; 0x5ac4 <vfprintf+0x1a0>
    5ab8:	00 e2       	ldi	r16, 0x20	; 32
    5aba:	05 c0       	rjmp	.+10     	; 0x5ac6 <vfprintf+0x1a2>
    5abc:	0d e2       	ldi	r16, 0x2D	; 45
    5abe:	03 c0       	rjmp	.+6      	; 0x5ac6 <vfprintf+0x1a2>
    5ac0:	0b e2       	ldi	r16, 0x2B	; 43
    5ac2:	01 c0       	rjmp	.+2      	; 0x5ac6 <vfprintf+0x1a2>
    5ac4:	00 e0       	ldi	r16, 0x00	; 0
    5ac6:	8c 85       	ldd	r24, Y+12	; 0x0c
    5ac8:	8c 70       	andi	r24, 0x0C	; 12
    5aca:	19 f0       	breq	.+6      	; 0x5ad2 <vfprintf+0x1ae>
    5acc:	01 11       	cpse	r16, r1
    5ace:	5a c2       	rjmp	.+1204   	; 0x5f84 <vfprintf+0x660>
    5ad0:	9b c2       	rjmp	.+1334   	; 0x6008 <vfprintf+0x6e4>
    5ad2:	97 fe       	sbrs	r9, 7
    5ad4:	10 c0       	rjmp	.+32     	; 0x5af6 <vfprintf+0x1d2>
    5ad6:	4c 0c       	add	r4, r12
    5ad8:	fc 85       	ldd	r31, Y+12	; 0x0c
    5ada:	f4 ff       	sbrs	r31, 4
    5adc:	04 c0       	rjmp	.+8      	; 0x5ae6 <vfprintf+0x1c2>
    5ade:	8a 81       	ldd	r24, Y+2	; 0x02
    5ae0:	81 33       	cpi	r24, 0x31	; 49
    5ae2:	09 f4       	brne	.+2      	; 0x5ae6 <vfprintf+0x1c2>
    5ae4:	4a 94       	dec	r4
    5ae6:	14 14       	cp	r1, r4
    5ae8:	74 f5       	brge	.+92     	; 0x5b46 <vfprintf+0x222>
    5aea:	28 e0       	ldi	r18, 0x08	; 8
    5aec:	24 15       	cp	r18, r4
    5aee:	78 f5       	brcc	.+94     	; 0x5b4e <vfprintf+0x22a>
    5af0:	88 e0       	ldi	r24, 0x08	; 8
    5af2:	48 2e       	mov	r4, r24
    5af4:	2c c0       	rjmp	.+88     	; 0x5b4e <vfprintf+0x22a>
    5af6:	96 fc       	sbrc	r9, 6
    5af8:	2a c0       	rjmp	.+84     	; 0x5b4e <vfprintf+0x22a>
    5afa:	81 2f       	mov	r24, r17
    5afc:	90 e0       	ldi	r25, 0x00	; 0
    5afe:	8c 15       	cp	r24, r12
    5b00:	9d 05       	cpc	r25, r13
    5b02:	9c f0       	brlt	.+38     	; 0x5b2a <vfprintf+0x206>
    5b04:	3c ef       	ldi	r19, 0xFC	; 252
    5b06:	c3 16       	cp	r12, r19
    5b08:	3f ef       	ldi	r19, 0xFF	; 255
    5b0a:	d3 06       	cpc	r13, r19
    5b0c:	74 f0       	brlt	.+28     	; 0x5b2a <vfprintf+0x206>
    5b0e:	89 2d       	mov	r24, r9
    5b10:	80 68       	ori	r24, 0x80	; 128
    5b12:	98 2e       	mov	r9, r24
    5b14:	0a c0       	rjmp	.+20     	; 0x5b2a <vfprintf+0x206>
    5b16:	e2 e0       	ldi	r30, 0x02	; 2
    5b18:	f0 e0       	ldi	r31, 0x00	; 0
    5b1a:	ec 0f       	add	r30, r28
    5b1c:	fd 1f       	adc	r31, r29
    5b1e:	e1 0f       	add	r30, r17
    5b20:	f1 1d       	adc	r31, r1
    5b22:	80 81       	ld	r24, Z
    5b24:	80 33       	cpi	r24, 0x30	; 48
    5b26:	19 f4       	brne	.+6      	; 0x5b2e <vfprintf+0x20a>
    5b28:	11 50       	subi	r17, 0x01	; 1
    5b2a:	11 11       	cpse	r17, r1
    5b2c:	f4 cf       	rjmp	.-24     	; 0x5b16 <vfprintf+0x1f2>
    5b2e:	97 fe       	sbrs	r9, 7
    5b30:	0e c0       	rjmp	.+28     	; 0x5b4e <vfprintf+0x22a>
    5b32:	44 24       	eor	r4, r4
    5b34:	43 94       	inc	r4
    5b36:	41 0e       	add	r4, r17
    5b38:	81 2f       	mov	r24, r17
    5b3a:	90 e0       	ldi	r25, 0x00	; 0
    5b3c:	c8 16       	cp	r12, r24
    5b3e:	d9 06       	cpc	r13, r25
    5b40:	2c f4       	brge	.+10     	; 0x5b4c <vfprintf+0x228>
    5b42:	1c 19       	sub	r17, r12
    5b44:	04 c0       	rjmp	.+8      	; 0x5b4e <vfprintf+0x22a>
    5b46:	44 24       	eor	r4, r4
    5b48:	43 94       	inc	r4
    5b4a:	01 c0       	rjmp	.+2      	; 0x5b4e <vfprintf+0x22a>
    5b4c:	10 e0       	ldi	r17, 0x00	; 0
    5b4e:	97 fe       	sbrs	r9, 7
    5b50:	06 c0       	rjmp	.+12     	; 0x5b5e <vfprintf+0x23a>
    5b52:	1c 14       	cp	r1, r12
    5b54:	1d 04       	cpc	r1, r13
    5b56:	34 f4       	brge	.+12     	; 0x5b64 <vfprintf+0x240>
    5b58:	c6 01       	movw	r24, r12
    5b5a:	01 96       	adiw	r24, 0x01	; 1
    5b5c:	05 c0       	rjmp	.+10     	; 0x5b68 <vfprintf+0x244>
    5b5e:	85 e0       	ldi	r24, 0x05	; 5
    5b60:	90 e0       	ldi	r25, 0x00	; 0
    5b62:	02 c0       	rjmp	.+4      	; 0x5b68 <vfprintf+0x244>
    5b64:	81 e0       	ldi	r24, 0x01	; 1
    5b66:	90 e0       	ldi	r25, 0x00	; 0
    5b68:	01 11       	cpse	r16, r1
    5b6a:	01 96       	adiw	r24, 0x01	; 1
    5b6c:	11 23       	and	r17, r17
    5b6e:	31 f0       	breq	.+12     	; 0x5b7c <vfprintf+0x258>
    5b70:	21 2f       	mov	r18, r17
    5b72:	30 e0       	ldi	r19, 0x00	; 0
    5b74:	2f 5f       	subi	r18, 0xFF	; 255
    5b76:	3f 4f       	sbci	r19, 0xFF	; 255
    5b78:	82 0f       	add	r24, r18
    5b7a:	93 1f       	adc	r25, r19
    5b7c:	25 2d       	mov	r18, r5
    5b7e:	30 e0       	ldi	r19, 0x00	; 0
    5b80:	82 17       	cp	r24, r18
    5b82:	93 07       	cpc	r25, r19
    5b84:	14 f4       	brge	.+4      	; 0x5b8a <vfprintf+0x266>
    5b86:	58 1a       	sub	r5, r24
    5b88:	01 c0       	rjmp	.+2      	; 0x5b8c <vfprintf+0x268>
    5b8a:	51 2c       	mov	r5, r1
    5b8c:	89 2d       	mov	r24, r9
    5b8e:	89 70       	andi	r24, 0x09	; 9
    5b90:	49 f4       	brne	.+18     	; 0x5ba4 <vfprintf+0x280>
    5b92:	55 20       	and	r5, r5
    5b94:	39 f0       	breq	.+14     	; 0x5ba4 <vfprintf+0x280>
    5b96:	b7 01       	movw	r22, r14
    5b98:	80 e2       	ldi	r24, 0x20	; 32
    5b9a:	90 e0       	ldi	r25, 0x00	; 0
    5b9c:	0e 94 b5 31 	call	0x636a	; 0x636a <fputc>
    5ba0:	5a 94       	dec	r5
    5ba2:	f7 cf       	rjmp	.-18     	; 0x5b92 <vfprintf+0x26e>
    5ba4:	00 23       	and	r16, r16
    5ba6:	29 f0       	breq	.+10     	; 0x5bb2 <vfprintf+0x28e>
    5ba8:	b7 01       	movw	r22, r14
    5baa:	80 2f       	mov	r24, r16
    5bac:	90 e0       	ldi	r25, 0x00	; 0
    5bae:	0e 94 b5 31 	call	0x636a	; 0x636a <fputc>
    5bb2:	93 fc       	sbrc	r9, 3
    5bb4:	09 c0       	rjmp	.+18     	; 0x5bc8 <vfprintf+0x2a4>
    5bb6:	55 20       	and	r5, r5
    5bb8:	39 f0       	breq	.+14     	; 0x5bc8 <vfprintf+0x2a4>
    5bba:	b7 01       	movw	r22, r14
    5bbc:	80 e3       	ldi	r24, 0x30	; 48
    5bbe:	90 e0       	ldi	r25, 0x00	; 0
    5bc0:	0e 94 b5 31 	call	0x636a	; 0x636a <fputc>
    5bc4:	5a 94       	dec	r5
    5bc6:	f7 cf       	rjmp	.-18     	; 0x5bb6 <vfprintf+0x292>
    5bc8:	97 fe       	sbrs	r9, 7
    5bca:	4c c0       	rjmp	.+152    	; 0x5c64 <vfprintf+0x340>
    5bcc:	46 01       	movw	r8, r12
    5bce:	d7 fe       	sbrs	r13, 7
    5bd0:	02 c0       	rjmp	.+4      	; 0x5bd6 <vfprintf+0x2b2>
    5bd2:	81 2c       	mov	r8, r1
    5bd4:	91 2c       	mov	r9, r1
    5bd6:	c6 01       	movw	r24, r12
    5bd8:	88 19       	sub	r24, r8
    5bda:	99 09       	sbc	r25, r9
    5bdc:	f3 01       	movw	r30, r6
    5bde:	e8 0f       	add	r30, r24
    5be0:	f9 1f       	adc	r31, r25
    5be2:	fe 87       	std	Y+14, r31	; 0x0e
    5be4:	ed 87       	std	Y+13, r30	; 0x0d
    5be6:	96 01       	movw	r18, r12
    5be8:	24 19       	sub	r18, r4
    5bea:	31 09       	sbc	r19, r1
    5bec:	38 8b       	std	Y+16, r19	; 0x10
    5bee:	2f 87       	std	Y+15, r18	; 0x0f
    5bf0:	01 2f       	mov	r16, r17
    5bf2:	10 e0       	ldi	r17, 0x00	; 0
    5bf4:	11 95       	neg	r17
    5bf6:	01 95       	neg	r16
    5bf8:	11 09       	sbc	r17, r1
    5bfa:	3f ef       	ldi	r19, 0xFF	; 255
    5bfc:	83 16       	cp	r8, r19
    5bfe:	93 06       	cpc	r9, r19
    5c00:	29 f4       	brne	.+10     	; 0x5c0c <vfprintf+0x2e8>
    5c02:	b7 01       	movw	r22, r14
    5c04:	8e e2       	ldi	r24, 0x2E	; 46
    5c06:	90 e0       	ldi	r25, 0x00	; 0
    5c08:	0e 94 b5 31 	call	0x636a	; 0x636a <fputc>
    5c0c:	c8 14       	cp	r12, r8
    5c0e:	d9 04       	cpc	r13, r9
    5c10:	4c f0       	brlt	.+18     	; 0x5c24 <vfprintf+0x300>
    5c12:	8f 85       	ldd	r24, Y+15	; 0x0f
    5c14:	98 89       	ldd	r25, Y+16	; 0x10
    5c16:	88 15       	cp	r24, r8
    5c18:	99 05       	cpc	r25, r9
    5c1a:	24 f4       	brge	.+8      	; 0x5c24 <vfprintf+0x300>
    5c1c:	ed 85       	ldd	r30, Y+13	; 0x0d
    5c1e:	fe 85       	ldd	r31, Y+14	; 0x0e
    5c20:	81 81       	ldd	r24, Z+1	; 0x01
    5c22:	01 c0       	rjmp	.+2      	; 0x5c26 <vfprintf+0x302>
    5c24:	80 e3       	ldi	r24, 0x30	; 48
    5c26:	f1 e0       	ldi	r31, 0x01	; 1
    5c28:	8f 1a       	sub	r8, r31
    5c2a:	91 08       	sbc	r9, r1
    5c2c:	2d 85       	ldd	r18, Y+13	; 0x0d
    5c2e:	3e 85       	ldd	r19, Y+14	; 0x0e
    5c30:	2f 5f       	subi	r18, 0xFF	; 255
    5c32:	3f 4f       	sbci	r19, 0xFF	; 255
    5c34:	3e 87       	std	Y+14, r19	; 0x0e
    5c36:	2d 87       	std	Y+13, r18	; 0x0d
    5c38:	80 16       	cp	r8, r16
    5c3a:	91 06       	cpc	r9, r17
    5c3c:	2c f0       	brlt	.+10     	; 0x5c48 <vfprintf+0x324>
    5c3e:	b7 01       	movw	r22, r14
    5c40:	90 e0       	ldi	r25, 0x00	; 0
    5c42:	0e 94 b5 31 	call	0x636a	; 0x636a <fputc>
    5c46:	d9 cf       	rjmp	.-78     	; 0x5bfa <vfprintf+0x2d6>
    5c48:	c8 14       	cp	r12, r8
    5c4a:	d9 04       	cpc	r13, r9
    5c4c:	41 f4       	brne	.+16     	; 0x5c5e <vfprintf+0x33a>
    5c4e:	9a 81       	ldd	r25, Y+2	; 0x02
    5c50:	96 33       	cpi	r25, 0x36	; 54
    5c52:	20 f4       	brcc	.+8      	; 0x5c5c <vfprintf+0x338>
    5c54:	95 33       	cpi	r25, 0x35	; 53
    5c56:	19 f4       	brne	.+6      	; 0x5c5e <vfprintf+0x33a>
    5c58:	3c 85       	ldd	r19, Y+12	; 0x0c
    5c5a:	34 ff       	sbrs	r19, 4
    5c5c:	81 e3       	ldi	r24, 0x31	; 49
    5c5e:	b7 01       	movw	r22, r14
    5c60:	90 e0       	ldi	r25, 0x00	; 0
    5c62:	4e c0       	rjmp	.+156    	; 0x5d00 <vfprintf+0x3dc>
    5c64:	8a 81       	ldd	r24, Y+2	; 0x02
    5c66:	81 33       	cpi	r24, 0x31	; 49
    5c68:	19 f0       	breq	.+6      	; 0x5c70 <vfprintf+0x34c>
    5c6a:	9c 85       	ldd	r25, Y+12	; 0x0c
    5c6c:	9f 7e       	andi	r25, 0xEF	; 239
    5c6e:	9c 87       	std	Y+12, r25	; 0x0c
    5c70:	b7 01       	movw	r22, r14
    5c72:	90 e0       	ldi	r25, 0x00	; 0
    5c74:	0e 94 b5 31 	call	0x636a	; 0x636a <fputc>
    5c78:	11 11       	cpse	r17, r1
    5c7a:	05 c0       	rjmp	.+10     	; 0x5c86 <vfprintf+0x362>
    5c7c:	94 fc       	sbrc	r9, 4
    5c7e:	18 c0       	rjmp	.+48     	; 0x5cb0 <vfprintf+0x38c>
    5c80:	85 e6       	ldi	r24, 0x65	; 101
    5c82:	90 e0       	ldi	r25, 0x00	; 0
    5c84:	17 c0       	rjmp	.+46     	; 0x5cb4 <vfprintf+0x390>
    5c86:	b7 01       	movw	r22, r14
    5c88:	8e e2       	ldi	r24, 0x2E	; 46
    5c8a:	90 e0       	ldi	r25, 0x00	; 0
    5c8c:	0e 94 b5 31 	call	0x636a	; 0x636a <fputc>
    5c90:	1e 5f       	subi	r17, 0xFE	; 254
    5c92:	82 e0       	ldi	r24, 0x02	; 2
    5c94:	01 e0       	ldi	r16, 0x01	; 1
    5c96:	08 0f       	add	r16, r24
    5c98:	f3 01       	movw	r30, r6
    5c9a:	e8 0f       	add	r30, r24
    5c9c:	f1 1d       	adc	r31, r1
    5c9e:	80 81       	ld	r24, Z
    5ca0:	b7 01       	movw	r22, r14
    5ca2:	90 e0       	ldi	r25, 0x00	; 0
    5ca4:	0e 94 b5 31 	call	0x636a	; 0x636a <fputc>
    5ca8:	80 2f       	mov	r24, r16
    5caa:	01 13       	cpse	r16, r17
    5cac:	f3 cf       	rjmp	.-26     	; 0x5c94 <vfprintf+0x370>
    5cae:	e6 cf       	rjmp	.-52     	; 0x5c7c <vfprintf+0x358>
    5cb0:	85 e4       	ldi	r24, 0x45	; 69
    5cb2:	90 e0       	ldi	r25, 0x00	; 0
    5cb4:	b7 01       	movw	r22, r14
    5cb6:	0e 94 b5 31 	call	0x636a	; 0x636a <fputc>
    5cba:	d7 fc       	sbrc	r13, 7
    5cbc:	06 c0       	rjmp	.+12     	; 0x5cca <vfprintf+0x3a6>
    5cbe:	c1 14       	cp	r12, r1
    5cc0:	d1 04       	cpc	r13, r1
    5cc2:	41 f4       	brne	.+16     	; 0x5cd4 <vfprintf+0x3b0>
    5cc4:	ec 85       	ldd	r30, Y+12	; 0x0c
    5cc6:	e4 ff       	sbrs	r30, 4
    5cc8:	05 c0       	rjmp	.+10     	; 0x5cd4 <vfprintf+0x3b0>
    5cca:	d1 94       	neg	r13
    5ccc:	c1 94       	neg	r12
    5cce:	d1 08       	sbc	r13, r1
    5cd0:	8d e2       	ldi	r24, 0x2D	; 45
    5cd2:	01 c0       	rjmp	.+2      	; 0x5cd6 <vfprintf+0x3b2>
    5cd4:	8b e2       	ldi	r24, 0x2B	; 43
    5cd6:	b7 01       	movw	r22, r14
    5cd8:	90 e0       	ldi	r25, 0x00	; 0
    5cda:	0e 94 b5 31 	call	0x636a	; 0x636a <fputc>
    5cde:	80 e3       	ldi	r24, 0x30	; 48
    5ce0:	2a e0       	ldi	r18, 0x0A	; 10
    5ce2:	c2 16       	cp	r12, r18
    5ce4:	d1 04       	cpc	r13, r1
    5ce6:	2c f0       	brlt	.+10     	; 0x5cf2 <vfprintf+0x3ce>
    5ce8:	8f 5f       	subi	r24, 0xFF	; 255
    5cea:	fa e0       	ldi	r31, 0x0A	; 10
    5cec:	cf 1a       	sub	r12, r31
    5cee:	d1 08       	sbc	r13, r1
    5cf0:	f7 cf       	rjmp	.-18     	; 0x5ce0 <vfprintf+0x3bc>
    5cf2:	b7 01       	movw	r22, r14
    5cf4:	90 e0       	ldi	r25, 0x00	; 0
    5cf6:	0e 94 b5 31 	call	0x636a	; 0x636a <fputc>
    5cfa:	b7 01       	movw	r22, r14
    5cfc:	c6 01       	movw	r24, r12
    5cfe:	c0 96       	adiw	r24, 0x30	; 48
    5d00:	0e 94 b5 31 	call	0x636a	; 0x636a <fputc>
    5d04:	54 c1       	rjmp	.+680    	; 0x5fae <vfprintf+0x68a>
    5d06:	83 36       	cpi	r24, 0x63	; 99
    5d08:	31 f0       	breq	.+12     	; 0x5d16 <vfprintf+0x3f2>
    5d0a:	83 37       	cpi	r24, 0x73	; 115
    5d0c:	79 f0       	breq	.+30     	; 0x5d2c <vfprintf+0x408>
    5d0e:	83 35       	cpi	r24, 0x53	; 83
    5d10:	09 f0       	breq	.+2      	; 0x5d14 <vfprintf+0x3f0>
    5d12:	56 c0       	rjmp	.+172    	; 0x5dc0 <vfprintf+0x49c>
    5d14:	20 c0       	rjmp	.+64     	; 0x5d56 <vfprintf+0x432>
    5d16:	56 01       	movw	r10, r12
    5d18:	32 e0       	ldi	r19, 0x02	; 2
    5d1a:	a3 0e       	add	r10, r19
    5d1c:	b1 1c       	adc	r11, r1
    5d1e:	f6 01       	movw	r30, r12
    5d20:	80 81       	ld	r24, Z
    5d22:	89 83       	std	Y+1, r24	; 0x01
    5d24:	01 e0       	ldi	r16, 0x01	; 1
    5d26:	10 e0       	ldi	r17, 0x00	; 0
    5d28:	63 01       	movw	r12, r6
    5d2a:	12 c0       	rjmp	.+36     	; 0x5d50 <vfprintf+0x42c>
    5d2c:	56 01       	movw	r10, r12
    5d2e:	f2 e0       	ldi	r31, 0x02	; 2
    5d30:	af 0e       	add	r10, r31
    5d32:	b1 1c       	adc	r11, r1
    5d34:	f6 01       	movw	r30, r12
    5d36:	c0 80       	ld	r12, Z
    5d38:	d1 80       	ldd	r13, Z+1	; 0x01
    5d3a:	96 fe       	sbrs	r9, 6
    5d3c:	03 c0       	rjmp	.+6      	; 0x5d44 <vfprintf+0x420>
    5d3e:	61 2f       	mov	r22, r17
    5d40:	70 e0       	ldi	r23, 0x00	; 0
    5d42:	02 c0       	rjmp	.+4      	; 0x5d48 <vfprintf+0x424>
    5d44:	6f ef       	ldi	r22, 0xFF	; 255
    5d46:	7f ef       	ldi	r23, 0xFF	; 255
    5d48:	c6 01       	movw	r24, r12
    5d4a:	0e 94 a2 31 	call	0x6344	; 0x6344 <strnlen>
    5d4e:	8c 01       	movw	r16, r24
    5d50:	f9 2d       	mov	r31, r9
    5d52:	ff 77       	andi	r31, 0x7F	; 127
    5d54:	14 c0       	rjmp	.+40     	; 0x5d7e <vfprintf+0x45a>
    5d56:	56 01       	movw	r10, r12
    5d58:	22 e0       	ldi	r18, 0x02	; 2
    5d5a:	a2 0e       	add	r10, r18
    5d5c:	b1 1c       	adc	r11, r1
    5d5e:	f6 01       	movw	r30, r12
    5d60:	c0 80       	ld	r12, Z
    5d62:	d1 80       	ldd	r13, Z+1	; 0x01
    5d64:	96 fe       	sbrs	r9, 6
    5d66:	03 c0       	rjmp	.+6      	; 0x5d6e <vfprintf+0x44a>
    5d68:	61 2f       	mov	r22, r17
    5d6a:	70 e0       	ldi	r23, 0x00	; 0
    5d6c:	02 c0       	rjmp	.+4      	; 0x5d72 <vfprintf+0x44e>
    5d6e:	6f ef       	ldi	r22, 0xFF	; 255
    5d70:	7f ef       	ldi	r23, 0xFF	; 255
    5d72:	c6 01       	movw	r24, r12
    5d74:	0e 94 8e 31 	call	0x631c	; 0x631c <strnlen_P>
    5d78:	8c 01       	movw	r16, r24
    5d7a:	f9 2d       	mov	r31, r9
    5d7c:	f0 68       	ori	r31, 0x80	; 128
    5d7e:	9f 2e       	mov	r9, r31
    5d80:	f3 fd       	sbrc	r31, 3
    5d82:	1a c0       	rjmp	.+52     	; 0x5db8 <vfprintf+0x494>
    5d84:	85 2d       	mov	r24, r5
    5d86:	90 e0       	ldi	r25, 0x00	; 0
    5d88:	08 17       	cp	r16, r24
    5d8a:	19 07       	cpc	r17, r25
    5d8c:	a8 f4       	brcc	.+42     	; 0x5db8 <vfprintf+0x494>
    5d8e:	b7 01       	movw	r22, r14
    5d90:	80 e2       	ldi	r24, 0x20	; 32
    5d92:	90 e0       	ldi	r25, 0x00	; 0
    5d94:	0e 94 b5 31 	call	0x636a	; 0x636a <fputc>
    5d98:	5a 94       	dec	r5
    5d9a:	f4 cf       	rjmp	.-24     	; 0x5d84 <vfprintf+0x460>
    5d9c:	f6 01       	movw	r30, r12
    5d9e:	97 fc       	sbrc	r9, 7
    5da0:	85 91       	lpm	r24, Z+
    5da2:	97 fe       	sbrs	r9, 7
    5da4:	81 91       	ld	r24, Z+
    5da6:	6f 01       	movw	r12, r30
    5da8:	b7 01       	movw	r22, r14
    5daa:	90 e0       	ldi	r25, 0x00	; 0
    5dac:	0e 94 b5 31 	call	0x636a	; 0x636a <fputc>
    5db0:	51 10       	cpse	r5, r1
    5db2:	5a 94       	dec	r5
    5db4:	01 50       	subi	r16, 0x01	; 1
    5db6:	11 09       	sbc	r17, r1
    5db8:	01 15       	cp	r16, r1
    5dba:	11 05       	cpc	r17, r1
    5dbc:	79 f7       	brne	.-34     	; 0x5d9c <vfprintf+0x478>
    5dbe:	f7 c0       	rjmp	.+494    	; 0x5fae <vfprintf+0x68a>
    5dc0:	84 36       	cpi	r24, 0x64	; 100
    5dc2:	11 f0       	breq	.+4      	; 0x5dc8 <vfprintf+0x4a4>
    5dc4:	89 36       	cpi	r24, 0x69	; 105
    5dc6:	61 f5       	brne	.+88     	; 0x5e20 <vfprintf+0x4fc>
    5dc8:	56 01       	movw	r10, r12
    5dca:	97 fe       	sbrs	r9, 7
    5dcc:	09 c0       	rjmp	.+18     	; 0x5de0 <vfprintf+0x4bc>
    5dce:	24 e0       	ldi	r18, 0x04	; 4
    5dd0:	a2 0e       	add	r10, r18
    5dd2:	b1 1c       	adc	r11, r1
    5dd4:	f6 01       	movw	r30, r12
    5dd6:	60 81       	ld	r22, Z
    5dd8:	71 81       	ldd	r23, Z+1	; 0x01
    5dda:	82 81       	ldd	r24, Z+2	; 0x02
    5ddc:	93 81       	ldd	r25, Z+3	; 0x03
    5dde:	0a c0       	rjmp	.+20     	; 0x5df4 <vfprintf+0x4d0>
    5de0:	f2 e0       	ldi	r31, 0x02	; 2
    5de2:	af 0e       	add	r10, r31
    5de4:	b1 1c       	adc	r11, r1
    5de6:	f6 01       	movw	r30, r12
    5de8:	60 81       	ld	r22, Z
    5dea:	71 81       	ldd	r23, Z+1	; 0x01
    5dec:	07 2e       	mov	r0, r23
    5dee:	00 0c       	add	r0, r0
    5df0:	88 0b       	sbc	r24, r24
    5df2:	99 0b       	sbc	r25, r25
    5df4:	f9 2d       	mov	r31, r9
    5df6:	ff 76       	andi	r31, 0x6F	; 111
    5df8:	9f 2e       	mov	r9, r31
    5dfa:	97 ff       	sbrs	r25, 7
    5dfc:	09 c0       	rjmp	.+18     	; 0x5e10 <vfprintf+0x4ec>
    5dfe:	90 95       	com	r25
    5e00:	80 95       	com	r24
    5e02:	70 95       	com	r23
    5e04:	61 95       	neg	r22
    5e06:	7f 4f       	sbci	r23, 0xFF	; 255
    5e08:	8f 4f       	sbci	r24, 0xFF	; 255
    5e0a:	9f 4f       	sbci	r25, 0xFF	; 255
    5e0c:	f0 68       	ori	r31, 0x80	; 128
    5e0e:	9f 2e       	mov	r9, r31
    5e10:	2a e0       	ldi	r18, 0x0A	; 10
    5e12:	30 e0       	ldi	r19, 0x00	; 0
    5e14:	a3 01       	movw	r20, r6
    5e16:	0e 94 13 32 	call	0x6426	; 0x6426 <__ultoa_invert>
    5e1a:	c8 2e       	mov	r12, r24
    5e1c:	c6 18       	sub	r12, r6
    5e1e:	3f c0       	rjmp	.+126    	; 0x5e9e <vfprintf+0x57a>
    5e20:	09 2d       	mov	r16, r9
    5e22:	85 37       	cpi	r24, 0x75	; 117
    5e24:	21 f4       	brne	.+8      	; 0x5e2e <vfprintf+0x50a>
    5e26:	0f 7e       	andi	r16, 0xEF	; 239
    5e28:	2a e0       	ldi	r18, 0x0A	; 10
    5e2a:	30 e0       	ldi	r19, 0x00	; 0
    5e2c:	1d c0       	rjmp	.+58     	; 0x5e68 <vfprintf+0x544>
    5e2e:	09 7f       	andi	r16, 0xF9	; 249
    5e30:	8f 36       	cpi	r24, 0x6F	; 111
    5e32:	91 f0       	breq	.+36     	; 0x5e58 <vfprintf+0x534>
    5e34:	18 f4       	brcc	.+6      	; 0x5e3c <vfprintf+0x518>
    5e36:	88 35       	cpi	r24, 0x58	; 88
    5e38:	59 f0       	breq	.+22     	; 0x5e50 <vfprintf+0x52c>
    5e3a:	c3 c0       	rjmp	.+390    	; 0x5fc2 <vfprintf+0x69e>
    5e3c:	80 37       	cpi	r24, 0x70	; 112
    5e3e:	19 f0       	breq	.+6      	; 0x5e46 <vfprintf+0x522>
    5e40:	88 37       	cpi	r24, 0x78	; 120
    5e42:	11 f0       	breq	.+4      	; 0x5e48 <vfprintf+0x524>
    5e44:	be c0       	rjmp	.+380    	; 0x5fc2 <vfprintf+0x69e>
    5e46:	00 61       	ori	r16, 0x10	; 16
    5e48:	04 ff       	sbrs	r16, 4
    5e4a:	09 c0       	rjmp	.+18     	; 0x5e5e <vfprintf+0x53a>
    5e4c:	04 60       	ori	r16, 0x04	; 4
    5e4e:	07 c0       	rjmp	.+14     	; 0x5e5e <vfprintf+0x53a>
    5e50:	94 fe       	sbrs	r9, 4
    5e52:	08 c0       	rjmp	.+16     	; 0x5e64 <vfprintf+0x540>
    5e54:	06 60       	ori	r16, 0x06	; 6
    5e56:	06 c0       	rjmp	.+12     	; 0x5e64 <vfprintf+0x540>
    5e58:	28 e0       	ldi	r18, 0x08	; 8
    5e5a:	30 e0       	ldi	r19, 0x00	; 0
    5e5c:	05 c0       	rjmp	.+10     	; 0x5e68 <vfprintf+0x544>
    5e5e:	20 e1       	ldi	r18, 0x10	; 16
    5e60:	30 e0       	ldi	r19, 0x00	; 0
    5e62:	02 c0       	rjmp	.+4      	; 0x5e68 <vfprintf+0x544>
    5e64:	20 e1       	ldi	r18, 0x10	; 16
    5e66:	32 e0       	ldi	r19, 0x02	; 2
    5e68:	56 01       	movw	r10, r12
    5e6a:	07 ff       	sbrs	r16, 7
    5e6c:	09 c0       	rjmp	.+18     	; 0x5e80 <vfprintf+0x55c>
    5e6e:	84 e0       	ldi	r24, 0x04	; 4
    5e70:	a8 0e       	add	r10, r24
    5e72:	b1 1c       	adc	r11, r1
    5e74:	f6 01       	movw	r30, r12
    5e76:	60 81       	ld	r22, Z
    5e78:	71 81       	ldd	r23, Z+1	; 0x01
    5e7a:	82 81       	ldd	r24, Z+2	; 0x02
    5e7c:	93 81       	ldd	r25, Z+3	; 0x03
    5e7e:	08 c0       	rjmp	.+16     	; 0x5e90 <vfprintf+0x56c>
    5e80:	f2 e0       	ldi	r31, 0x02	; 2
    5e82:	af 0e       	add	r10, r31
    5e84:	b1 1c       	adc	r11, r1
    5e86:	f6 01       	movw	r30, r12
    5e88:	60 81       	ld	r22, Z
    5e8a:	71 81       	ldd	r23, Z+1	; 0x01
    5e8c:	80 e0       	ldi	r24, 0x00	; 0
    5e8e:	90 e0       	ldi	r25, 0x00	; 0
    5e90:	a3 01       	movw	r20, r6
    5e92:	0e 94 13 32 	call	0x6426	; 0x6426 <__ultoa_invert>
    5e96:	c8 2e       	mov	r12, r24
    5e98:	c6 18       	sub	r12, r6
    5e9a:	0f 77       	andi	r16, 0x7F	; 127
    5e9c:	90 2e       	mov	r9, r16
    5e9e:	96 fe       	sbrs	r9, 6
    5ea0:	0b c0       	rjmp	.+22     	; 0x5eb8 <vfprintf+0x594>
    5ea2:	09 2d       	mov	r16, r9
    5ea4:	0e 7f       	andi	r16, 0xFE	; 254
    5ea6:	c1 16       	cp	r12, r17
    5ea8:	50 f4       	brcc	.+20     	; 0x5ebe <vfprintf+0x59a>
    5eaa:	94 fe       	sbrs	r9, 4
    5eac:	0a c0       	rjmp	.+20     	; 0x5ec2 <vfprintf+0x59e>
    5eae:	92 fc       	sbrc	r9, 2
    5eb0:	08 c0       	rjmp	.+16     	; 0x5ec2 <vfprintf+0x59e>
    5eb2:	09 2d       	mov	r16, r9
    5eb4:	0e 7e       	andi	r16, 0xEE	; 238
    5eb6:	05 c0       	rjmp	.+10     	; 0x5ec2 <vfprintf+0x59e>
    5eb8:	dc 2c       	mov	r13, r12
    5eba:	09 2d       	mov	r16, r9
    5ebc:	03 c0       	rjmp	.+6      	; 0x5ec4 <vfprintf+0x5a0>
    5ebe:	dc 2c       	mov	r13, r12
    5ec0:	01 c0       	rjmp	.+2      	; 0x5ec4 <vfprintf+0x5a0>
    5ec2:	d1 2e       	mov	r13, r17
    5ec4:	04 ff       	sbrs	r16, 4
    5ec6:	0d c0       	rjmp	.+26     	; 0x5ee2 <vfprintf+0x5be>
    5ec8:	fe 01       	movw	r30, r28
    5eca:	ec 0d       	add	r30, r12
    5ecc:	f1 1d       	adc	r31, r1
    5ece:	80 81       	ld	r24, Z
    5ed0:	80 33       	cpi	r24, 0x30	; 48
    5ed2:	11 f4       	brne	.+4      	; 0x5ed8 <vfprintf+0x5b4>
    5ed4:	09 7e       	andi	r16, 0xE9	; 233
    5ed6:	09 c0       	rjmp	.+18     	; 0x5eea <vfprintf+0x5c6>
    5ed8:	02 ff       	sbrs	r16, 2
    5eda:	06 c0       	rjmp	.+12     	; 0x5ee8 <vfprintf+0x5c4>
    5edc:	d3 94       	inc	r13
    5ede:	d3 94       	inc	r13
    5ee0:	04 c0       	rjmp	.+8      	; 0x5eea <vfprintf+0x5c6>
    5ee2:	80 2f       	mov	r24, r16
    5ee4:	86 78       	andi	r24, 0x86	; 134
    5ee6:	09 f0       	breq	.+2      	; 0x5eea <vfprintf+0x5c6>
    5ee8:	d3 94       	inc	r13
    5eea:	03 fd       	sbrc	r16, 3
    5eec:	11 c0       	rjmp	.+34     	; 0x5f10 <vfprintf+0x5ec>
    5eee:	00 ff       	sbrs	r16, 0
    5ef0:	06 c0       	rjmp	.+12     	; 0x5efe <vfprintf+0x5da>
    5ef2:	1c 2d       	mov	r17, r12
    5ef4:	d5 14       	cp	r13, r5
    5ef6:	80 f4       	brcc	.+32     	; 0x5f18 <vfprintf+0x5f4>
    5ef8:	15 0d       	add	r17, r5
    5efa:	1d 19       	sub	r17, r13
    5efc:	0d c0       	rjmp	.+26     	; 0x5f18 <vfprintf+0x5f4>
    5efe:	d5 14       	cp	r13, r5
    5f00:	58 f4       	brcc	.+22     	; 0x5f18 <vfprintf+0x5f4>
    5f02:	b7 01       	movw	r22, r14
    5f04:	80 e2       	ldi	r24, 0x20	; 32
    5f06:	90 e0       	ldi	r25, 0x00	; 0
    5f08:	0e 94 b5 31 	call	0x636a	; 0x636a <fputc>
    5f0c:	d3 94       	inc	r13
    5f0e:	f7 cf       	rjmp	.-18     	; 0x5efe <vfprintf+0x5da>
    5f10:	d5 14       	cp	r13, r5
    5f12:	10 f4       	brcc	.+4      	; 0x5f18 <vfprintf+0x5f4>
    5f14:	5d 18       	sub	r5, r13
    5f16:	01 c0       	rjmp	.+2      	; 0x5f1a <vfprintf+0x5f6>
    5f18:	51 2c       	mov	r5, r1
    5f1a:	04 ff       	sbrs	r16, 4
    5f1c:	10 c0       	rjmp	.+32     	; 0x5f3e <vfprintf+0x61a>
    5f1e:	b7 01       	movw	r22, r14
    5f20:	80 e3       	ldi	r24, 0x30	; 48
    5f22:	90 e0       	ldi	r25, 0x00	; 0
    5f24:	0e 94 b5 31 	call	0x636a	; 0x636a <fputc>
    5f28:	02 ff       	sbrs	r16, 2
    5f2a:	17 c0       	rjmp	.+46     	; 0x5f5a <vfprintf+0x636>
    5f2c:	01 fd       	sbrc	r16, 1
    5f2e:	03 c0       	rjmp	.+6      	; 0x5f36 <vfprintf+0x612>
    5f30:	88 e7       	ldi	r24, 0x78	; 120
    5f32:	90 e0       	ldi	r25, 0x00	; 0
    5f34:	02 c0       	rjmp	.+4      	; 0x5f3a <vfprintf+0x616>
    5f36:	88 e5       	ldi	r24, 0x58	; 88
    5f38:	90 e0       	ldi	r25, 0x00	; 0
    5f3a:	b7 01       	movw	r22, r14
    5f3c:	0c c0       	rjmp	.+24     	; 0x5f56 <vfprintf+0x632>
    5f3e:	80 2f       	mov	r24, r16
    5f40:	86 78       	andi	r24, 0x86	; 134
    5f42:	59 f0       	breq	.+22     	; 0x5f5a <vfprintf+0x636>
    5f44:	01 ff       	sbrs	r16, 1
    5f46:	02 c0       	rjmp	.+4      	; 0x5f4c <vfprintf+0x628>
    5f48:	8b e2       	ldi	r24, 0x2B	; 43
    5f4a:	01 c0       	rjmp	.+2      	; 0x5f4e <vfprintf+0x62a>
    5f4c:	80 e2       	ldi	r24, 0x20	; 32
    5f4e:	07 fd       	sbrc	r16, 7
    5f50:	8d e2       	ldi	r24, 0x2D	; 45
    5f52:	b7 01       	movw	r22, r14
    5f54:	90 e0       	ldi	r25, 0x00	; 0
    5f56:	0e 94 b5 31 	call	0x636a	; 0x636a <fputc>
    5f5a:	c1 16       	cp	r12, r17
    5f5c:	38 f4       	brcc	.+14     	; 0x5f6c <vfprintf+0x648>
    5f5e:	b7 01       	movw	r22, r14
    5f60:	80 e3       	ldi	r24, 0x30	; 48
    5f62:	90 e0       	ldi	r25, 0x00	; 0
    5f64:	0e 94 b5 31 	call	0x636a	; 0x636a <fputc>
    5f68:	11 50       	subi	r17, 0x01	; 1
    5f6a:	f7 cf       	rjmp	.-18     	; 0x5f5a <vfprintf+0x636>
    5f6c:	ca 94       	dec	r12
    5f6e:	f3 01       	movw	r30, r6
    5f70:	ec 0d       	add	r30, r12
    5f72:	f1 1d       	adc	r31, r1
    5f74:	80 81       	ld	r24, Z
    5f76:	b7 01       	movw	r22, r14
    5f78:	90 e0       	ldi	r25, 0x00	; 0
    5f7a:	0e 94 b5 31 	call	0x636a	; 0x636a <fputc>
    5f7e:	c1 10       	cpse	r12, r1
    5f80:	f5 cf       	rjmp	.-22     	; 0x5f6c <vfprintf+0x648>
    5f82:	15 c0       	rjmp	.+42     	; 0x5fae <vfprintf+0x68a>
    5f84:	f4 e0       	ldi	r31, 0x04	; 4
    5f86:	f5 15       	cp	r31, r5
    5f88:	60 f5       	brcc	.+88     	; 0x5fe2 <vfprintf+0x6be>
    5f8a:	84 e0       	ldi	r24, 0x04	; 4
    5f8c:	58 1a       	sub	r5, r24
    5f8e:	93 fe       	sbrs	r9, 3
    5f90:	1f c0       	rjmp	.+62     	; 0x5fd0 <vfprintf+0x6ac>
    5f92:	01 11       	cpse	r16, r1
    5f94:	27 c0       	rjmp	.+78     	; 0x5fe4 <vfprintf+0x6c0>
    5f96:	2c 85       	ldd	r18, Y+12	; 0x0c
    5f98:	23 ff       	sbrs	r18, 3
    5f9a:	2a c0       	rjmp	.+84     	; 0x5ff0 <vfprintf+0x6cc>
    5f9c:	0c ee       	ldi	r16, 0xEC	; 236
    5f9e:	12 e0       	ldi	r17, 0x02	; 2
    5fa0:	39 2d       	mov	r19, r9
    5fa2:	30 71       	andi	r19, 0x10	; 16
    5fa4:	93 2e       	mov	r9, r19
    5fa6:	f8 01       	movw	r30, r16
    5fa8:	84 91       	lpm	r24, Z
    5faa:	81 11       	cpse	r24, r1
    5fac:	24 c0       	rjmp	.+72     	; 0x5ff6 <vfprintf+0x6d2>
    5fae:	55 20       	and	r5, r5
    5fb0:	09 f4       	brne	.+2      	; 0x5fb4 <vfprintf+0x690>
    5fb2:	e4 cc       	rjmp	.-1592   	; 0x597c <vfprintf+0x58>
    5fb4:	b7 01       	movw	r22, r14
    5fb6:	80 e2       	ldi	r24, 0x20	; 32
    5fb8:	90 e0       	ldi	r25, 0x00	; 0
    5fba:	0e 94 b5 31 	call	0x636a	; 0x636a <fputc>
    5fbe:	5a 94       	dec	r5
    5fc0:	f6 cf       	rjmp	.-20     	; 0x5fae <vfprintf+0x68a>
    5fc2:	f7 01       	movw	r30, r14
    5fc4:	86 81       	ldd	r24, Z+6	; 0x06
    5fc6:	97 81       	ldd	r25, Z+7	; 0x07
    5fc8:	26 c0       	rjmp	.+76     	; 0x6016 <vfprintf+0x6f2>
    5fca:	8f ef       	ldi	r24, 0xFF	; 255
    5fcc:	9f ef       	ldi	r25, 0xFF	; 255
    5fce:	23 c0       	rjmp	.+70     	; 0x6016 <vfprintf+0x6f2>
    5fd0:	b7 01       	movw	r22, r14
    5fd2:	80 e2       	ldi	r24, 0x20	; 32
    5fd4:	90 e0       	ldi	r25, 0x00	; 0
    5fd6:	0e 94 b5 31 	call	0x636a	; 0x636a <fputc>
    5fda:	5a 94       	dec	r5
    5fdc:	51 10       	cpse	r5, r1
    5fde:	f8 cf       	rjmp	.-16     	; 0x5fd0 <vfprintf+0x6ac>
    5fe0:	d8 cf       	rjmp	.-80     	; 0x5f92 <vfprintf+0x66e>
    5fe2:	51 2c       	mov	r5, r1
    5fe4:	b7 01       	movw	r22, r14
    5fe6:	80 2f       	mov	r24, r16
    5fe8:	90 e0       	ldi	r25, 0x00	; 0
    5fea:	0e 94 b5 31 	call	0x636a	; 0x636a <fputc>
    5fee:	d3 cf       	rjmp	.-90     	; 0x5f96 <vfprintf+0x672>
    5ff0:	00 ef       	ldi	r16, 0xF0	; 240
    5ff2:	12 e0       	ldi	r17, 0x02	; 2
    5ff4:	d5 cf       	rjmp	.-86     	; 0x5fa0 <vfprintf+0x67c>
    5ff6:	91 10       	cpse	r9, r1
    5ff8:	80 52       	subi	r24, 0x20	; 32
    5ffa:	b7 01       	movw	r22, r14
    5ffc:	90 e0       	ldi	r25, 0x00	; 0
    5ffe:	0e 94 b5 31 	call	0x636a	; 0x636a <fputc>
    6002:	0f 5f       	subi	r16, 0xFF	; 255
    6004:	1f 4f       	sbci	r17, 0xFF	; 255
    6006:	cf cf       	rjmp	.-98     	; 0x5fa6 <vfprintf+0x682>
    6008:	23 e0       	ldi	r18, 0x03	; 3
    600a:	25 15       	cp	r18, r5
    600c:	10 f4       	brcc	.+4      	; 0x6012 <vfprintf+0x6ee>
    600e:	83 e0       	ldi	r24, 0x03	; 3
    6010:	bd cf       	rjmp	.-134    	; 0x5f8c <vfprintf+0x668>
    6012:	51 2c       	mov	r5, r1
    6014:	c0 cf       	rjmp	.-128    	; 0x5f96 <vfprintf+0x672>
    6016:	60 96       	adiw	r28, 0x10	; 16
    6018:	e2 e1       	ldi	r30, 0x12	; 18
    601a:	0c 94 6e 30 	jmp	0x60dc	; 0x60dc <__epilogue_restores__>

0000601e <__mulsi3>:
    601e:	db 01       	movw	r26, r22
    6020:	8f 93       	push	r24
    6022:	9f 93       	push	r25
    6024:	0e 94 47 30 	call	0x608e	; 0x608e <__muluhisi3>
    6028:	bf 91       	pop	r27
    602a:	af 91       	pop	r26
    602c:	a2 9f       	mul	r26, r18
    602e:	80 0d       	add	r24, r0
    6030:	91 1d       	adc	r25, r1
    6032:	a3 9f       	mul	r26, r19
    6034:	90 0d       	add	r25, r0
    6036:	b2 9f       	mul	r27, r18
    6038:	90 0d       	add	r25, r0
    603a:	11 24       	eor	r1, r1
    603c:	08 95       	ret

0000603e <__udivmodsi4>:
    603e:	a1 e2       	ldi	r26, 0x21	; 33
    6040:	1a 2e       	mov	r1, r26
    6042:	aa 1b       	sub	r26, r26
    6044:	bb 1b       	sub	r27, r27
    6046:	fd 01       	movw	r30, r26
    6048:	0d c0       	rjmp	.+26     	; 0x6064 <__udivmodsi4_ep>

0000604a <__udivmodsi4_loop>:
    604a:	aa 1f       	adc	r26, r26
    604c:	bb 1f       	adc	r27, r27
    604e:	ee 1f       	adc	r30, r30
    6050:	ff 1f       	adc	r31, r31
    6052:	a2 17       	cp	r26, r18
    6054:	b3 07       	cpc	r27, r19
    6056:	e4 07       	cpc	r30, r20
    6058:	f5 07       	cpc	r31, r21
    605a:	20 f0       	brcs	.+8      	; 0x6064 <__udivmodsi4_ep>
    605c:	a2 1b       	sub	r26, r18
    605e:	b3 0b       	sbc	r27, r19
    6060:	e4 0b       	sbc	r30, r20
    6062:	f5 0b       	sbc	r31, r21

00006064 <__udivmodsi4_ep>:
    6064:	66 1f       	adc	r22, r22
    6066:	77 1f       	adc	r23, r23
    6068:	88 1f       	adc	r24, r24
    606a:	99 1f       	adc	r25, r25
    606c:	1a 94       	dec	r1
    606e:	69 f7       	brne	.-38     	; 0x604a <__udivmodsi4_loop>
    6070:	60 95       	com	r22
    6072:	70 95       	com	r23
    6074:	80 95       	com	r24
    6076:	90 95       	com	r25
    6078:	9b 01       	movw	r18, r22
    607a:	ac 01       	movw	r20, r24
    607c:	bd 01       	movw	r22, r26
    607e:	cf 01       	movw	r24, r30
    6080:	08 95       	ret

00006082 <__tablejump2__>:
    6082:	ee 0f       	add	r30, r30
    6084:	ff 1f       	adc	r31, r31
    6086:	05 90       	lpm	r0, Z+
    6088:	f4 91       	lpm	r31, Z
    608a:	e0 2d       	mov	r30, r0
    608c:	09 94       	ijmp

0000608e <__muluhisi3>:
    608e:	0e 94 89 30 	call	0x6112	; 0x6112 <__umulhisi3>
    6092:	a5 9f       	mul	r26, r21
    6094:	90 0d       	add	r25, r0
    6096:	b4 9f       	mul	r27, r20
    6098:	90 0d       	add	r25, r0
    609a:	a4 9f       	mul	r26, r20
    609c:	80 0d       	add	r24, r0
    609e:	91 1d       	adc	r25, r1
    60a0:	11 24       	eor	r1, r1
    60a2:	08 95       	ret

000060a4 <__prologue_saves__>:
    60a4:	2f 92       	push	r2
    60a6:	3f 92       	push	r3
    60a8:	4f 92       	push	r4
    60aa:	5f 92       	push	r5
    60ac:	6f 92       	push	r6
    60ae:	7f 92       	push	r7
    60b0:	8f 92       	push	r8
    60b2:	9f 92       	push	r9
    60b4:	af 92       	push	r10
    60b6:	bf 92       	push	r11
    60b8:	cf 92       	push	r12
    60ba:	df 92       	push	r13
    60bc:	ef 92       	push	r14
    60be:	ff 92       	push	r15
    60c0:	0f 93       	push	r16
    60c2:	1f 93       	push	r17
    60c4:	cf 93       	push	r28
    60c6:	df 93       	push	r29
    60c8:	cd b7       	in	r28, 0x3d	; 61
    60ca:	de b7       	in	r29, 0x3e	; 62
    60cc:	ca 1b       	sub	r28, r26
    60ce:	db 0b       	sbc	r29, r27
    60d0:	0f b6       	in	r0, 0x3f	; 63
    60d2:	f8 94       	cli
    60d4:	de bf       	out	0x3e, r29	; 62
    60d6:	0f be       	out	0x3f, r0	; 63
    60d8:	cd bf       	out	0x3d, r28	; 61
    60da:	09 94       	ijmp

000060dc <__epilogue_restores__>:
    60dc:	2a 88       	ldd	r2, Y+18	; 0x12
    60de:	39 88       	ldd	r3, Y+17	; 0x11
    60e0:	48 88       	ldd	r4, Y+16	; 0x10
    60e2:	5f 84       	ldd	r5, Y+15	; 0x0f
    60e4:	6e 84       	ldd	r6, Y+14	; 0x0e
    60e6:	7d 84       	ldd	r7, Y+13	; 0x0d
    60e8:	8c 84       	ldd	r8, Y+12	; 0x0c
    60ea:	9b 84       	ldd	r9, Y+11	; 0x0b
    60ec:	aa 84       	ldd	r10, Y+10	; 0x0a
    60ee:	b9 84       	ldd	r11, Y+9	; 0x09
    60f0:	c8 84       	ldd	r12, Y+8	; 0x08
    60f2:	df 80       	ldd	r13, Y+7	; 0x07
    60f4:	ee 80       	ldd	r14, Y+6	; 0x06
    60f6:	fd 80       	ldd	r15, Y+5	; 0x05
    60f8:	0c 81       	ldd	r16, Y+4	; 0x04
    60fa:	1b 81       	ldd	r17, Y+3	; 0x03
    60fc:	aa 81       	ldd	r26, Y+2	; 0x02
    60fe:	b9 81       	ldd	r27, Y+1	; 0x01
    6100:	ce 0f       	add	r28, r30
    6102:	d1 1d       	adc	r29, r1
    6104:	0f b6       	in	r0, 0x3f	; 63
    6106:	f8 94       	cli
    6108:	de bf       	out	0x3e, r29	; 62
    610a:	0f be       	out	0x3f, r0	; 63
    610c:	cd bf       	out	0x3d, r28	; 61
    610e:	ed 01       	movw	r28, r26
    6110:	08 95       	ret

00006112 <__umulhisi3>:
    6112:	a2 9f       	mul	r26, r18
    6114:	b0 01       	movw	r22, r0
    6116:	b3 9f       	mul	r27, r19
    6118:	c0 01       	movw	r24, r0
    611a:	a3 9f       	mul	r26, r19
    611c:	70 0d       	add	r23, r0
    611e:	81 1d       	adc	r24, r1
    6120:	11 24       	eor	r1, r1
    6122:	91 1d       	adc	r25, r1
    6124:	b2 9f       	mul	r27, r18
    6126:	70 0d       	add	r23, r0
    6128:	81 1d       	adc	r24, r1
    612a:	11 24       	eor	r1, r1
    612c:	91 1d       	adc	r25, r1
    612e:	08 95       	ret

00006130 <atoi>:
    6130:	fc 01       	movw	r30, r24
    6132:	88 27       	eor	r24, r24
    6134:	99 27       	eor	r25, r25
    6136:	e8 94       	clt
    6138:	21 91       	ld	r18, Z+
    613a:	20 32       	cpi	r18, 0x20	; 32
    613c:	e9 f3       	breq	.-6      	; 0x6138 <atoi+0x8>
    613e:	29 30       	cpi	r18, 0x09	; 9
    6140:	10 f0       	brcs	.+4      	; 0x6146 <atoi+0x16>
    6142:	2e 30       	cpi	r18, 0x0E	; 14
    6144:	c8 f3       	brcs	.-14     	; 0x6138 <atoi+0x8>
    6146:	2b 32       	cpi	r18, 0x2B	; 43
    6148:	41 f0       	breq	.+16     	; 0x615a <atoi+0x2a>
    614a:	2d 32       	cpi	r18, 0x2D	; 45
    614c:	39 f4       	brne	.+14     	; 0x615c <atoi+0x2c>
    614e:	68 94       	set
    6150:	04 c0       	rjmp	.+8      	; 0x615a <atoi+0x2a>
    6152:	0e 94 ad 31 	call	0x635a	; 0x635a <__mulhi_const_10>
    6156:	82 0f       	add	r24, r18
    6158:	91 1d       	adc	r25, r1
    615a:	21 91       	ld	r18, Z+
    615c:	20 53       	subi	r18, 0x30	; 48
    615e:	2a 30       	cpi	r18, 0x0A	; 10
    6160:	c0 f3       	brcs	.-16     	; 0x6152 <atoi+0x22>
    6162:	1e f4       	brtc	.+6      	; 0x616a <atoi+0x3a>
    6164:	90 95       	com	r25
    6166:	81 95       	neg	r24
    6168:	9f 4f       	sbci	r25, 0xFF	; 255
    616a:	08 95       	ret

0000616c <__ftoa_engine>:
    616c:	28 30       	cpi	r18, 0x08	; 8
    616e:	08 f0       	brcs	.+2      	; 0x6172 <__ftoa_engine+0x6>
    6170:	27 e0       	ldi	r18, 0x07	; 7
    6172:	33 27       	eor	r19, r19
    6174:	da 01       	movw	r26, r20
    6176:	99 0f       	add	r25, r25
    6178:	31 1d       	adc	r19, r1
    617a:	87 fd       	sbrc	r24, 7
    617c:	91 60       	ori	r25, 0x01	; 1
    617e:	00 96       	adiw	r24, 0x00	; 0
    6180:	61 05       	cpc	r22, r1
    6182:	71 05       	cpc	r23, r1
    6184:	39 f4       	brne	.+14     	; 0x6194 <__ftoa_engine+0x28>
    6186:	32 60       	ori	r19, 0x02	; 2
    6188:	2e 5f       	subi	r18, 0xFE	; 254
    618a:	3d 93       	st	X+, r19
    618c:	30 e3       	ldi	r19, 0x30	; 48
    618e:	2a 95       	dec	r18
    6190:	e1 f7       	brne	.-8      	; 0x618a <__ftoa_engine+0x1e>
    6192:	08 95       	ret
    6194:	9f 3f       	cpi	r25, 0xFF	; 255
    6196:	30 f0       	brcs	.+12     	; 0x61a4 <__ftoa_engine+0x38>
    6198:	80 38       	cpi	r24, 0x80	; 128
    619a:	71 05       	cpc	r23, r1
    619c:	61 05       	cpc	r22, r1
    619e:	09 f0       	breq	.+2      	; 0x61a2 <__ftoa_engine+0x36>
    61a0:	3c 5f       	subi	r19, 0xFC	; 252
    61a2:	3c 5f       	subi	r19, 0xFC	; 252
    61a4:	3d 93       	st	X+, r19
    61a6:	91 30       	cpi	r25, 0x01	; 1
    61a8:	08 f0       	brcs	.+2      	; 0x61ac <__ftoa_engine+0x40>
    61aa:	80 68       	ori	r24, 0x80	; 128
    61ac:	91 1d       	adc	r25, r1
    61ae:	df 93       	push	r29
    61b0:	cf 93       	push	r28
    61b2:	1f 93       	push	r17
    61b4:	0f 93       	push	r16
    61b6:	ff 92       	push	r15
    61b8:	ef 92       	push	r14
    61ba:	19 2f       	mov	r17, r25
    61bc:	98 7f       	andi	r25, 0xF8	; 248
    61be:	96 95       	lsr	r25
    61c0:	e9 2f       	mov	r30, r25
    61c2:	96 95       	lsr	r25
    61c4:	96 95       	lsr	r25
    61c6:	e9 0f       	add	r30, r25
    61c8:	ff 27       	eor	r31, r31
    61ca:	e2 5b       	subi	r30, 0xB2	; 178
    61cc:	fc 4f       	sbci	r31, 0xFC	; 252
    61ce:	99 27       	eor	r25, r25
    61d0:	33 27       	eor	r19, r19
    61d2:	ee 24       	eor	r14, r14
    61d4:	ff 24       	eor	r15, r15
    61d6:	a7 01       	movw	r20, r14
    61d8:	e7 01       	movw	r28, r14
    61da:	05 90       	lpm	r0, Z+
    61dc:	08 94       	sec
    61de:	07 94       	ror	r0
    61e0:	28 f4       	brcc	.+10     	; 0x61ec <__ftoa_engine+0x80>
    61e2:	36 0f       	add	r19, r22
    61e4:	e7 1e       	adc	r14, r23
    61e6:	f8 1e       	adc	r15, r24
    61e8:	49 1f       	adc	r20, r25
    61ea:	51 1d       	adc	r21, r1
    61ec:	66 0f       	add	r22, r22
    61ee:	77 1f       	adc	r23, r23
    61f0:	88 1f       	adc	r24, r24
    61f2:	99 1f       	adc	r25, r25
    61f4:	06 94       	lsr	r0
    61f6:	a1 f7       	brne	.-24     	; 0x61e0 <__ftoa_engine+0x74>
    61f8:	05 90       	lpm	r0, Z+
    61fa:	07 94       	ror	r0
    61fc:	28 f4       	brcc	.+10     	; 0x6208 <__ftoa_engine+0x9c>
    61fe:	e7 0e       	add	r14, r23
    6200:	f8 1e       	adc	r15, r24
    6202:	49 1f       	adc	r20, r25
    6204:	56 1f       	adc	r21, r22
    6206:	c1 1d       	adc	r28, r1
    6208:	77 0f       	add	r23, r23
    620a:	88 1f       	adc	r24, r24
    620c:	99 1f       	adc	r25, r25
    620e:	66 1f       	adc	r22, r22
    6210:	06 94       	lsr	r0
    6212:	a1 f7       	brne	.-24     	; 0x61fc <__ftoa_engine+0x90>
    6214:	05 90       	lpm	r0, Z+
    6216:	07 94       	ror	r0
    6218:	28 f4       	brcc	.+10     	; 0x6224 <__ftoa_engine+0xb8>
    621a:	f8 0e       	add	r15, r24
    621c:	49 1f       	adc	r20, r25
    621e:	56 1f       	adc	r21, r22
    6220:	c7 1f       	adc	r28, r23
    6222:	d1 1d       	adc	r29, r1
    6224:	88 0f       	add	r24, r24
    6226:	99 1f       	adc	r25, r25
    6228:	66 1f       	adc	r22, r22
    622a:	77 1f       	adc	r23, r23
    622c:	06 94       	lsr	r0
    622e:	a1 f7       	brne	.-24     	; 0x6218 <__ftoa_engine+0xac>
    6230:	05 90       	lpm	r0, Z+
    6232:	07 94       	ror	r0
    6234:	20 f4       	brcc	.+8      	; 0x623e <__ftoa_engine+0xd2>
    6236:	49 0f       	add	r20, r25
    6238:	56 1f       	adc	r21, r22
    623a:	c7 1f       	adc	r28, r23
    623c:	d8 1f       	adc	r29, r24
    623e:	99 0f       	add	r25, r25
    6240:	66 1f       	adc	r22, r22
    6242:	77 1f       	adc	r23, r23
    6244:	88 1f       	adc	r24, r24
    6246:	06 94       	lsr	r0
    6248:	a9 f7       	brne	.-22     	; 0x6234 <__ftoa_engine+0xc8>
    624a:	84 91       	lpm	r24, Z
    624c:	10 95       	com	r17
    624e:	17 70       	andi	r17, 0x07	; 7
    6250:	41 f0       	breq	.+16     	; 0x6262 <__ftoa_engine+0xf6>
    6252:	d6 95       	lsr	r29
    6254:	c7 95       	ror	r28
    6256:	57 95       	ror	r21
    6258:	47 95       	ror	r20
    625a:	f7 94       	ror	r15
    625c:	e7 94       	ror	r14
    625e:	1a 95       	dec	r17
    6260:	c1 f7       	brne	.-16     	; 0x6252 <__ftoa_engine+0xe6>
    6262:	e4 ef       	ldi	r30, 0xF4	; 244
    6264:	f2 e0       	ldi	r31, 0x02	; 2
    6266:	68 94       	set
    6268:	15 90       	lpm	r1, Z+
    626a:	15 91       	lpm	r17, Z+
    626c:	35 91       	lpm	r19, Z+
    626e:	65 91       	lpm	r22, Z+
    6270:	95 91       	lpm	r25, Z+
    6272:	05 90       	lpm	r0, Z+
    6274:	7f e2       	ldi	r23, 0x2F	; 47
    6276:	73 95       	inc	r23
    6278:	e1 18       	sub	r14, r1
    627a:	f1 0a       	sbc	r15, r17
    627c:	43 0b       	sbc	r20, r19
    627e:	56 0b       	sbc	r21, r22
    6280:	c9 0b       	sbc	r28, r25
    6282:	d0 09       	sbc	r29, r0
    6284:	c0 f7       	brcc	.-16     	; 0x6276 <__ftoa_engine+0x10a>
    6286:	e1 0c       	add	r14, r1
    6288:	f1 1e       	adc	r15, r17
    628a:	43 1f       	adc	r20, r19
    628c:	56 1f       	adc	r21, r22
    628e:	c9 1f       	adc	r28, r25
    6290:	d0 1d       	adc	r29, r0
    6292:	7e f4       	brtc	.+30     	; 0x62b2 <__ftoa_engine+0x146>
    6294:	70 33       	cpi	r23, 0x30	; 48
    6296:	11 f4       	brne	.+4      	; 0x629c <__ftoa_engine+0x130>
    6298:	8a 95       	dec	r24
    629a:	e6 cf       	rjmp	.-52     	; 0x6268 <__ftoa_engine+0xfc>
    629c:	e8 94       	clt
    629e:	01 50       	subi	r16, 0x01	; 1
    62a0:	30 f0       	brcs	.+12     	; 0x62ae <__ftoa_engine+0x142>
    62a2:	08 0f       	add	r16, r24
    62a4:	0a f4       	brpl	.+2      	; 0x62a8 <__ftoa_engine+0x13c>
    62a6:	00 27       	eor	r16, r16
    62a8:	02 17       	cp	r16, r18
    62aa:	08 f4       	brcc	.+2      	; 0x62ae <__ftoa_engine+0x142>
    62ac:	20 2f       	mov	r18, r16
    62ae:	23 95       	inc	r18
    62b0:	02 2f       	mov	r16, r18
    62b2:	7a 33       	cpi	r23, 0x3A	; 58
    62b4:	28 f0       	brcs	.+10     	; 0x62c0 <__ftoa_engine+0x154>
    62b6:	79 e3       	ldi	r23, 0x39	; 57
    62b8:	7d 93       	st	X+, r23
    62ba:	2a 95       	dec	r18
    62bc:	e9 f7       	brne	.-6      	; 0x62b8 <__ftoa_engine+0x14c>
    62be:	10 c0       	rjmp	.+32     	; 0x62e0 <__ftoa_engine+0x174>
    62c0:	7d 93       	st	X+, r23
    62c2:	2a 95       	dec	r18
    62c4:	89 f6       	brne	.-94     	; 0x6268 <__ftoa_engine+0xfc>
    62c6:	06 94       	lsr	r0
    62c8:	97 95       	ror	r25
    62ca:	67 95       	ror	r22
    62cc:	37 95       	ror	r19
    62ce:	17 95       	ror	r17
    62d0:	17 94       	ror	r1
    62d2:	e1 18       	sub	r14, r1
    62d4:	f1 0a       	sbc	r15, r17
    62d6:	43 0b       	sbc	r20, r19
    62d8:	56 0b       	sbc	r21, r22
    62da:	c9 0b       	sbc	r28, r25
    62dc:	d0 09       	sbc	r29, r0
    62de:	98 f0       	brcs	.+38     	; 0x6306 <__ftoa_engine+0x19a>
    62e0:	23 95       	inc	r18
    62e2:	7e 91       	ld	r23, -X
    62e4:	73 95       	inc	r23
    62e6:	7a 33       	cpi	r23, 0x3A	; 58
    62e8:	08 f0       	brcs	.+2      	; 0x62ec <__ftoa_engine+0x180>
    62ea:	70 e3       	ldi	r23, 0x30	; 48
    62ec:	7c 93       	st	X, r23
    62ee:	20 13       	cpse	r18, r16
    62f0:	b8 f7       	brcc	.-18     	; 0x62e0 <__ftoa_engine+0x174>
    62f2:	7e 91       	ld	r23, -X
    62f4:	70 61       	ori	r23, 0x10	; 16
    62f6:	7d 93       	st	X+, r23
    62f8:	30 f0       	brcs	.+12     	; 0x6306 <__ftoa_engine+0x19a>
    62fa:	83 95       	inc	r24
    62fc:	71 e3       	ldi	r23, 0x31	; 49
    62fe:	7d 93       	st	X+, r23
    6300:	70 e3       	ldi	r23, 0x30	; 48
    6302:	2a 95       	dec	r18
    6304:	e1 f7       	brne	.-8      	; 0x62fe <__ftoa_engine+0x192>
    6306:	11 24       	eor	r1, r1
    6308:	ef 90       	pop	r14
    630a:	ff 90       	pop	r15
    630c:	0f 91       	pop	r16
    630e:	1f 91       	pop	r17
    6310:	cf 91       	pop	r28
    6312:	df 91       	pop	r29
    6314:	99 27       	eor	r25, r25
    6316:	87 fd       	sbrc	r24, 7
    6318:	90 95       	com	r25
    631a:	08 95       	ret

0000631c <strnlen_P>:
    631c:	fc 01       	movw	r30, r24
    631e:	05 90       	lpm	r0, Z+
    6320:	61 50       	subi	r22, 0x01	; 1
    6322:	70 40       	sbci	r23, 0x00	; 0
    6324:	01 10       	cpse	r0, r1
    6326:	d8 f7       	brcc	.-10     	; 0x631e <strnlen_P+0x2>
    6328:	80 95       	com	r24
    632a:	90 95       	com	r25
    632c:	8e 0f       	add	r24, r30
    632e:	9f 1f       	adc	r25, r31
    6330:	08 95       	ret

00006332 <strcmp>:
    6332:	fb 01       	movw	r30, r22
    6334:	dc 01       	movw	r26, r24
    6336:	8d 91       	ld	r24, X+
    6338:	01 90       	ld	r0, Z+
    633a:	80 19       	sub	r24, r0
    633c:	01 10       	cpse	r0, r1
    633e:	d9 f3       	breq	.-10     	; 0x6336 <strcmp+0x4>
    6340:	99 0b       	sbc	r25, r25
    6342:	08 95       	ret

00006344 <strnlen>:
    6344:	fc 01       	movw	r30, r24
    6346:	61 50       	subi	r22, 0x01	; 1
    6348:	70 40       	sbci	r23, 0x00	; 0
    634a:	01 90       	ld	r0, Z+
    634c:	01 10       	cpse	r0, r1
    634e:	d8 f7       	brcc	.-10     	; 0x6346 <strnlen+0x2>
    6350:	80 95       	com	r24
    6352:	90 95       	com	r25
    6354:	8e 0f       	add	r24, r30
    6356:	9f 1f       	adc	r25, r31
    6358:	08 95       	ret

0000635a <__mulhi_const_10>:
    635a:	7a e0       	ldi	r23, 0x0A	; 10
    635c:	97 9f       	mul	r25, r23
    635e:	90 2d       	mov	r25, r0
    6360:	87 9f       	mul	r24, r23
    6362:	80 2d       	mov	r24, r0
    6364:	91 0d       	add	r25, r1
    6366:	11 24       	eor	r1, r1
    6368:	08 95       	ret

0000636a <fputc>:
    636a:	0f 93       	push	r16
    636c:	1f 93       	push	r17
    636e:	cf 93       	push	r28
    6370:	df 93       	push	r29
    6372:	fb 01       	movw	r30, r22
    6374:	23 81       	ldd	r18, Z+3	; 0x03
    6376:	21 fd       	sbrc	r18, 1
    6378:	03 c0       	rjmp	.+6      	; 0x6380 <fputc+0x16>
    637a:	8f ef       	ldi	r24, 0xFF	; 255
    637c:	9f ef       	ldi	r25, 0xFF	; 255
    637e:	2c c0       	rjmp	.+88     	; 0x63d8 <fputc+0x6e>
    6380:	22 ff       	sbrs	r18, 2
    6382:	16 c0       	rjmp	.+44     	; 0x63b0 <fputc+0x46>
    6384:	46 81       	ldd	r20, Z+6	; 0x06
    6386:	57 81       	ldd	r21, Z+7	; 0x07
    6388:	24 81       	ldd	r18, Z+4	; 0x04
    638a:	35 81       	ldd	r19, Z+5	; 0x05
    638c:	42 17       	cp	r20, r18
    638e:	53 07       	cpc	r21, r19
    6390:	44 f4       	brge	.+16     	; 0x63a2 <fputc+0x38>
    6392:	a0 81       	ld	r26, Z
    6394:	b1 81       	ldd	r27, Z+1	; 0x01
    6396:	9d 01       	movw	r18, r26
    6398:	2f 5f       	subi	r18, 0xFF	; 255
    639a:	3f 4f       	sbci	r19, 0xFF	; 255
    639c:	31 83       	std	Z+1, r19	; 0x01
    639e:	20 83       	st	Z, r18
    63a0:	8c 93       	st	X, r24
    63a2:	26 81       	ldd	r18, Z+6	; 0x06
    63a4:	37 81       	ldd	r19, Z+7	; 0x07
    63a6:	2f 5f       	subi	r18, 0xFF	; 255
    63a8:	3f 4f       	sbci	r19, 0xFF	; 255
    63aa:	37 83       	std	Z+7, r19	; 0x07
    63ac:	26 83       	std	Z+6, r18	; 0x06
    63ae:	14 c0       	rjmp	.+40     	; 0x63d8 <fputc+0x6e>
    63b0:	8b 01       	movw	r16, r22
    63b2:	ec 01       	movw	r28, r24
    63b4:	fb 01       	movw	r30, r22
    63b6:	00 84       	ldd	r0, Z+8	; 0x08
    63b8:	f1 85       	ldd	r31, Z+9	; 0x09
    63ba:	e0 2d       	mov	r30, r0
    63bc:	09 95       	icall
    63be:	89 2b       	or	r24, r25
    63c0:	e1 f6       	brne	.-72     	; 0x637a <fputc+0x10>
    63c2:	d8 01       	movw	r26, r16
    63c4:	16 96       	adiw	r26, 0x06	; 6
    63c6:	8d 91       	ld	r24, X+
    63c8:	9c 91       	ld	r25, X
    63ca:	17 97       	sbiw	r26, 0x07	; 7
    63cc:	01 96       	adiw	r24, 0x01	; 1
    63ce:	17 96       	adiw	r26, 0x07	; 7
    63d0:	9c 93       	st	X, r25
    63d2:	8e 93       	st	-X, r24
    63d4:	16 97       	sbiw	r26, 0x06	; 6
    63d6:	ce 01       	movw	r24, r28
    63d8:	df 91       	pop	r29
    63da:	cf 91       	pop	r28
    63dc:	1f 91       	pop	r17
    63de:	0f 91       	pop	r16
    63e0:	08 95       	ret

000063e2 <sprintf>:
    63e2:	ae e0       	ldi	r26, 0x0E	; 14
    63e4:	b0 e0       	ldi	r27, 0x00	; 0
    63e6:	e7 ef       	ldi	r30, 0xF7	; 247
    63e8:	f1 e3       	ldi	r31, 0x31	; 49
    63ea:	0c 94 60 30 	jmp	0x60c0	; 0x60c0 <__prologue_saves__+0x1c>
    63ee:	0d 89       	ldd	r16, Y+21	; 0x15
    63f0:	1e 89       	ldd	r17, Y+22	; 0x16
    63f2:	86 e0       	ldi	r24, 0x06	; 6
    63f4:	8c 83       	std	Y+4, r24	; 0x04
    63f6:	1a 83       	std	Y+2, r17	; 0x02
    63f8:	09 83       	std	Y+1, r16	; 0x01
    63fa:	8f ef       	ldi	r24, 0xFF	; 255
    63fc:	9f e7       	ldi	r25, 0x7F	; 127
    63fe:	9e 83       	std	Y+6, r25	; 0x06
    6400:	8d 83       	std	Y+5, r24	; 0x05
    6402:	ae 01       	movw	r20, r28
    6404:	47 5e       	subi	r20, 0xE7	; 231
    6406:	5f 4f       	sbci	r21, 0xFF	; 255
    6408:	6f 89       	ldd	r22, Y+23	; 0x17
    640a:	78 8d       	ldd	r23, Y+24	; 0x18
    640c:	ce 01       	movw	r24, r28
    640e:	01 96       	adiw	r24, 0x01	; 1
    6410:	0e 94 92 2c 	call	0x5924	; 0x5924 <vfprintf>
    6414:	ef 81       	ldd	r30, Y+7	; 0x07
    6416:	f8 85       	ldd	r31, Y+8	; 0x08
    6418:	e0 0f       	add	r30, r16
    641a:	f1 1f       	adc	r31, r17
    641c:	10 82       	st	Z, r1
    641e:	2e 96       	adiw	r28, 0x0e	; 14
    6420:	e4 e0       	ldi	r30, 0x04	; 4
    6422:	0c 94 7c 30 	jmp	0x60f8	; 0x60f8 <__epilogue_restores__+0x1c>

00006426 <__ultoa_invert>:
    6426:	fa 01       	movw	r30, r20
    6428:	aa 27       	eor	r26, r26
    642a:	28 30       	cpi	r18, 0x08	; 8
    642c:	51 f1       	breq	.+84     	; 0x6482 <__ultoa_invert+0x5c>
    642e:	20 31       	cpi	r18, 0x10	; 16
    6430:	81 f1       	breq	.+96     	; 0x6492 <__ultoa_invert+0x6c>
    6432:	e8 94       	clt
    6434:	6f 93       	push	r22
    6436:	6e 7f       	andi	r22, 0xFE	; 254
    6438:	6e 5f       	subi	r22, 0xFE	; 254
    643a:	7f 4f       	sbci	r23, 0xFF	; 255
    643c:	8f 4f       	sbci	r24, 0xFF	; 255
    643e:	9f 4f       	sbci	r25, 0xFF	; 255
    6440:	af 4f       	sbci	r26, 0xFF	; 255
    6442:	b1 e0       	ldi	r27, 0x01	; 1
    6444:	3e d0       	rcall	.+124    	; 0x64c2 <__ultoa_invert+0x9c>
    6446:	b4 e0       	ldi	r27, 0x04	; 4
    6448:	3c d0       	rcall	.+120    	; 0x64c2 <__ultoa_invert+0x9c>
    644a:	67 0f       	add	r22, r23
    644c:	78 1f       	adc	r23, r24
    644e:	89 1f       	adc	r24, r25
    6450:	9a 1f       	adc	r25, r26
    6452:	a1 1d       	adc	r26, r1
    6454:	68 0f       	add	r22, r24
    6456:	79 1f       	adc	r23, r25
    6458:	8a 1f       	adc	r24, r26
    645a:	91 1d       	adc	r25, r1
    645c:	a1 1d       	adc	r26, r1
    645e:	6a 0f       	add	r22, r26
    6460:	71 1d       	adc	r23, r1
    6462:	81 1d       	adc	r24, r1
    6464:	91 1d       	adc	r25, r1
    6466:	a1 1d       	adc	r26, r1
    6468:	20 d0       	rcall	.+64     	; 0x64aa <__ultoa_invert+0x84>
    646a:	09 f4       	brne	.+2      	; 0x646e <__ultoa_invert+0x48>
    646c:	68 94       	set
    646e:	3f 91       	pop	r19
    6470:	2a e0       	ldi	r18, 0x0A	; 10
    6472:	26 9f       	mul	r18, r22
    6474:	11 24       	eor	r1, r1
    6476:	30 19       	sub	r19, r0
    6478:	30 5d       	subi	r19, 0xD0	; 208
    647a:	31 93       	st	Z+, r19
    647c:	de f6       	brtc	.-74     	; 0x6434 <__ultoa_invert+0xe>
    647e:	cf 01       	movw	r24, r30
    6480:	08 95       	ret
    6482:	46 2f       	mov	r20, r22
    6484:	47 70       	andi	r20, 0x07	; 7
    6486:	40 5d       	subi	r20, 0xD0	; 208
    6488:	41 93       	st	Z+, r20
    648a:	b3 e0       	ldi	r27, 0x03	; 3
    648c:	0f d0       	rcall	.+30     	; 0x64ac <__ultoa_invert+0x86>
    648e:	c9 f7       	brne	.-14     	; 0x6482 <__ultoa_invert+0x5c>
    6490:	f6 cf       	rjmp	.-20     	; 0x647e <__ultoa_invert+0x58>
    6492:	46 2f       	mov	r20, r22
    6494:	4f 70       	andi	r20, 0x0F	; 15
    6496:	40 5d       	subi	r20, 0xD0	; 208
    6498:	4a 33       	cpi	r20, 0x3A	; 58
    649a:	18 f0       	brcs	.+6      	; 0x64a2 <__ultoa_invert+0x7c>
    649c:	49 5d       	subi	r20, 0xD9	; 217
    649e:	31 fd       	sbrc	r19, 1
    64a0:	40 52       	subi	r20, 0x20	; 32
    64a2:	41 93       	st	Z+, r20
    64a4:	02 d0       	rcall	.+4      	; 0x64aa <__ultoa_invert+0x84>
    64a6:	a9 f7       	brne	.-22     	; 0x6492 <__ultoa_invert+0x6c>
    64a8:	ea cf       	rjmp	.-44     	; 0x647e <__ultoa_invert+0x58>
    64aa:	b4 e0       	ldi	r27, 0x04	; 4
    64ac:	a6 95       	lsr	r26
    64ae:	97 95       	ror	r25
    64b0:	87 95       	ror	r24
    64b2:	77 95       	ror	r23
    64b4:	67 95       	ror	r22
    64b6:	ba 95       	dec	r27
    64b8:	c9 f7       	brne	.-14     	; 0x64ac <__ultoa_invert+0x86>
    64ba:	00 97       	sbiw	r24, 0x00	; 0
    64bc:	61 05       	cpc	r22, r1
    64be:	71 05       	cpc	r23, r1
    64c0:	08 95       	ret
    64c2:	9b 01       	movw	r18, r22
    64c4:	ac 01       	movw	r20, r24
    64c6:	0a 2e       	mov	r0, r26
    64c8:	06 94       	lsr	r0
    64ca:	57 95       	ror	r21
    64cc:	47 95       	ror	r20
    64ce:	37 95       	ror	r19
    64d0:	27 95       	ror	r18
    64d2:	ba 95       	dec	r27
    64d4:	c9 f7       	brne	.-14     	; 0x64c8 <__ultoa_invert+0xa2>
    64d6:	62 0f       	add	r22, r18
    64d8:	73 1f       	adc	r23, r19
    64da:	84 1f       	adc	r24, r20
    64dc:	95 1f       	adc	r25, r21
    64de:	a0 1d       	adc	r26, r0
    64e0:	08 95       	ret

000064e2 <_exit>:
    64e2:	f8 94       	cli

000064e4 <__stop_program>:
    64e4:	ff cf       	rjmp	.-2      	; 0x64e4 <__stop_program>
